AAACTCGTCAACACGT-1	Pericytes
AGACAAATCAAACCCA-1	Pericytes
AGGCGTCGTCGCTACG-1	Pericytes
AGGCGTCGTCTCTAAG-1	Pericytes
ATCCCTGCATGTAGAA-1	Pericytes
ATCCTGCCAGGACTGA-1	Pericytes
ATCGAGTCAGCACATT-1	Pericytes
ATGTCGAGTAATGCCT-1	Pericytes
CACGTTCCAACTCGAT-1	Pericytes
CAGCTAAAGACGCCCT-1	Pericytes
CATTCCGTCCGGCTGA-1	Pericytes
CCCGTTATCCGGCTGA-1	Pericytes
CCCTAGTAGACTAGGC-1	Pericytes
CCCTGATAGAATATCG-1	Pericytes
CCTGGGATCTGAGTCA-1	Pericytes
CTCAACCCAGTTGGAG-1	Pericytes
CTCGCTACATGGGTGA-1	Pericytes
CTTAATCCAGCGCGTT-1	Pericytes
GAAATGAGTCAGTGTT-1	Pericytes
GAACCGCGTATTGTGC-1	Pericytes
GAACTTGGTACGTAGG-1	Pericytes
GACCCAGAGGCACTAG-1	Pericytes
GAGGCTCGTTCGGGAA-1	Pericytes
GATGATCAGGAAGAAC-1	Pericytes
GCAACCGAGAGGAAGT-1	Pericytes
GCACGGTGTGCCCGAT-1	Pericytes
GCAGATTCAAGCGGTA-1	Pericytes
GCCTAGGGTAGATTAG-1	Pericytes
GCTTTCGGTCGCTACG-1	Pericytes
GGAGTAGGTTAGGCTT-1	Pericytes
GTGACATTCCAAGAGG-1	Pericytes
GTGCACGCACACACCG-1	Pericytes
GTGGCGTCAAGCTTTG-1	Pericytes
GTGTGATTCGGAGTTT-1	Pericytes
TACATTCGTAGCGGTA-1	Pericytes
TACCTATTCTGACATG-1	Pericytes
TAGCACATCAGGATCT-1	Pericytes
TAGGTCACAATTGGCT-1	Pericytes
TCAAAGCGTCAGTGCC-1	Pericytes
TCAAGCACAAACCCTA-1	Pericytes
TCAAGGTTCTTATCAC-1	Pericytes
TCGAGCGAGCCGCAAA-1	Pericytes
TGTTAGGGTGCAAGCA-1	Pericytes
TTACTCAGTGCTTACA-1	Pericytes
TTACTTGCAGTTGCAT-1	Pericytes
TTAGCGACAATGAAAC-1	Pericytes
TTCATCATCCAGAATC-1	Pericytes
TTCGATTAGGATTGAT-1	Pericytes
TTCGTTATCTAGTCGA-1	Pericytes
TTGAGCAGTGAGTCGA-1	Pericytes
