AAATGAGCACTTATGG-1	VEC
AACCGATTCGAGAACG-1	VEC
AATGGAACACTCAGCG-1	VEC
AATGGAAGTAAGCCGA-1	VEC
AATGGAAGTTAACCAC-1	VEC
ACAGAAAAGTACTCTG-1	VEC
ACAGACTTCATTCATC-1	VEC
ACTAACGAGCCATCAT-1	VEC
ACTAACGGTTTCGATG-1	VEC
ACTACGAAGGAACCGT-1	VEC
ACTACGAAGTCGTATC-1	VEC
ACTAGGTTCTCTCAAT-1	VEC
ACTCGGGCAGTAACGG-1	VEC
ACTGTCCGTTAACCGT-1	VEC
ACTGTCCTCGGATCGC-1	VEC
ACTTCCGTCTTGTACT-1	VEC
AGCCTCTTCGATGCAT-1	VEC
AGGACGAAGGATCCTT-1	VEC
AGGACGAAGGTCCTCG-1	VEC
AGGACGATCCAGAATC-1	VEC
AGGCCTGGTCCGTAGC-1	VEC
AGTTTGGCAGGGTACA-1	VEC
ATAGGCTGTAGATTAG-1	VEC
ATTACCTGTCCGTGCA-1	VEC
ATTCGTTGTGATCAGG-1	VEC
CAAGGCCGTCTAAGAA-1	VEC
CAATCCCGTTTCGACA-1	VEC
CACATGAAGACCAATA-1	VEC
CACTGAACAGGCATTT-1	VEC
CACTGAAGTGTCCAGC-1	VEC
CAGCCTTGTCCCTTTG-1	VEC
CATTCCGCAACTAGAA-1	VEC
CATTCCGGTTGGCGAA-1	VEC
CCACAGGTCGAGAAGC-1	VEC
CCCTCTCAGAGTTTGA-1	VEC
CCTGGGAAGTGAGTTA-1	VEC
CCTTAATAGGTTCTCA-1	VEC
CGCGCAAGTTTAGAAG-1	VEC
CGGACCAAGTGAGCTG-1	VEC
CGGACTGTCTGAACGT-1	VEC
CGTGGCAAGACGTCAG-1	VEC
CGTGGCAGTAAGCCTT-1	VEC
CGTTCCAAGTTCAACC-1	VEC
CGTTCCACAGATACAA-1	VEC
CGTTCCATCTGTTGCC-1	VEC
CTTAATCCATAGACGG-1	VEC
CTTAATCTCGCTATAG-1	VEC
CTTGCTGGTAAGTGCG-1	VEC
GACCCAGTCGGGTCCA-1	VEC
GACCTTCCAATCATCG-1	VEC
GAGGATGAGAGCCACA-1	VEC
GAGGTCCCAGAACAGC-1	VEC
GAGTGAGAGAGACTCG-1	VEC
GCAACCGAGTCTCTAG-1	VEC
GCACGCATCACAGGGA-1	VEC
GCAGCTGCACCTGAAT-1	VEC
GCGAGTCCATGGTATC-1	VEC
GCGTAGCCAATGGCTT-1	VEC
GCTGCGAGTTGCAGAG-1	VEC
GGAACTTGTCTGCGCA-1	VEC
GGATGAGAGTGTCGGA-1	VEC
GGCGAAACAATGCATC-1	VEC
GGCGTTGGTTGTATCG-1	VEC
GGGCCATCAAGGCTTT-1	VEC
GGTACCGAGTGAGTTA-1	VEC
GGTGCTGGTGCTGTCG-1	VEC
GTCACGGTCGGCTATA-1	VEC
TAACGGTAGCGTAGCA-1	VEC
TAAGTGCAGGTACACG-1	VEC
TACAGCATCTGTTTAC-1	VEC
TACCTCGTCCGTCAAA-1	VEC
TACTAGGAGTGAATAC-1	VEC
TAGCACATCGGGTCCA-1	VEC
TAGCCGGGTATCTCAG-1	VEC
TATCGAGGTCCCGAGT-1	VEC
TATCTGTTCGGTGATT-1	VEC
TCACCTGAGAGCTCCC-1	VEC
TCAGTTTCATAGCAGG-1	VEC
TCAGTTTGTATTCTTC-1	VEC
TCCAGAAGTACTAGAA-1	VEC
TCCATCGCACACTAGT-1	VEC
TCGATTTTCTTGGCCT-1	VEC
TCGGGACGTCGTAATC-1	VEC
TGCCTCACAAATGTCC-1	VEC
TGCCTGTCAATCATCG-1	VEC
TGCCTGTCAGATTGTC-1	VEC
TGCGTAATCCAAGTCA-1	VEC
TGCTTTAGTCAGAAGC-1	VEC
TGGACATCATTACTCT-1	VEC
TGGCAATTCGCCTTAC-1	VEC
TGGCGCAGTGGCATAG-1	VEC
TGGTCCTGTATGTCCA-1	VEC
TGTGTCCAGGAGTAGA-1	VEC
TTACGTTCAGTAACTC-1	VEC
TTACTCACATGTGGGA-1	VEC
TTCATCAAGGCGTAGT-1	VEC
TTGCAGACAGGACTGA-1	VEC
TTGCTTAAGCAATGTA-1	VEC
TTTGGTTGTAACCGAG-1	VEC
