AAACGAAAGAGTGGAA-1	OEC
AAACGAAAGTCTTAGC-1	OEC
AAACGAAGTACCAAGG-1	OEC
AAACGAATCAGGCCGT-1	OEC
AAACTCGAGAGAAGCA-1	OEC
AAACTCGCAATCAGGG-1	OEC
AAACTCGGTGCGCTCA-1	OEC
AAACTGCAGGAACCGT-1	OEC
AAACTGCCAACCTCCT-1	OEC
AAACTGCGTTGGCGAA-1	OEC
AAAGGATAGTCCGGAA-1	OEC
AAAGGATCATACCCGG-1	OEC
AAAGGATGTATCATGC-1	OEC
AAAGGATTCATAGGTC-1	OEC
AAAGGGCTCAGTGTGT-1	OEC
AAATGAGAGACTAGCG-1	OEC
AAATGAGCAACGTAGG-1	OEC
AAATGCCCAATGGTCT-1	OEC
AACAAAGCACAGTTAC-1	OEC
AACAAAGCAGTGCGAA-1	OEC
AACAAAGCATTCTTTG-1	OEC
AACAAAGTCAGCCGGT-1	OEC
AACAGTCGTAAACCCT-1	OEC
AACAGTCGTGATCAGG-1	OEC
AACATCGGTCATGAGG-1	OEC
AACCAACAGTGTCGCC-1	OEC
AACCAACCAGGAGCAT-1	OEC
AACCAACGTGATGCGA-1	OEC
AACCTGACATGGCCTG-1	OEC
AACCTGACATTCACGA-1	OEC
AACCTTTTCGTGGGTC-1	OEC
AACGAGGAGGTCACTT-1	OEC
AACGAGGCAATGCATC-1	OEC
AACGAGGCACTGAAGG-1	OEC
AACGGGACACGCGTTG-1	OEC
AACTGGTCATGTAGAA-1	OEC
AACTGGTTCATCGCTC-1	OEC
AACTGGTTCGTTCAGA-1	OEC
AACTGTGAGGAGTACC-1	OEC
AACTGTGTCAGGATCT-1	OEC
AACTTGGAGAAAGGGT-1	OEC
AACTTGGCAACGTCCG-1	OEC
AACTTGGGTATTCGCA-1	OEC
AACTTGGGTCGTAATC-1	OEC
AAGATAGAGAGTAAGG-1	OEC
AAGATAGGTGTCGGTC-1	OEC
AAGGAGCCATGGCCGT-1	OEC
AAGGAGCTCACTGATG-1	OEC
AAGGAGCTCAGGTTTG-1	OEC
AAGGAGCTCGATGTAC-1	OEC
AATACGCAGTGTGTAA-1	OEC
AATACGCGTTTCGATG-1	OEC
AATGCCACAGCGTGAA-1	OEC
AATGCCACATATTGGC-1	OEC
AATGCCAGTCATTGCA-1	OEC
AATGGAACAGCACATT-1	OEC
AATGGCTCAGCAACGA-1	OEC
AATGTCGCAGCTATAC-1	OEC
AATGTCGGTAATGCCT-1	OEC
AATGTCGGTGGATTCT-1	OEC
ACAAACCGTCTGTGTA-1	OEC
ACAAAGAGTCCATTGA-1	OEC
ACAAAGAGTGTCGTCG-1	OEC
ACAAGCTGTTTAGGAA-1	OEC
ACAATCGCAGGTTATC-1	OEC
ACAGAAAGTACGCAAG-1	OEC
ACAGACTCATGATCGT-1	OEC
ACAGACTGTTCCAGTA-1	OEC
ACAGACTTCTTACTCA-1	OEC
ACAGGCCCAACTCGTA-1	OEC
ACATGCAAGGAAGAAC-1	OEC
ACCAAACCAACGTACT-1	OEC
ACCAAACTCGAACACT-1	OEC
ACCATCCAGACAACGC-1	OEC
ACCATCCAGATGGGAA-1	OEC
ACCCAAACAAAGCATA-1	OEC
ACCCAAATCAACTTGG-1	OEC
ACCGAATAGTTGACAA-1	OEC
ACCGAATCAAGTCCTA-1	OEC
ACCGCAGAGGGAGATA-1	OEC
ACCGCAGTCCAAGAGG-1	OEC
ACCGGGTCAACTCCCT-1	OEC
ACCGGGTGTAAGCCGA-1	OEC
ACGGATTGTTACTTTC-1	OEC
ACGGATTTCCACACCT-1	OEC
ACGGATTTCGAAGCCC-1	OEC
ACGTGGCCAGATACAA-1	OEC
ACGTGGCTCCGCTCTA-1	OEC
ACGTTAGAGGTCGTTT-1	OEC
ACGTTAGCACAGCTTA-1	OEC
ACGTTAGTCCACTAGA-1	OEC
ACTAACGAGAGGAACA-1	OEC
ACTAACGGTCTAAAGA-1	OEC
ACTAACGGTGAGTAAT-1	OEC
ACTAACGTCCTCATTA-1	OEC
ACTACCCAGGGACGTT-1	OEC
ACTACGAAGACAGTGC-1	OEC
ACTACGACACCTCGTT-1	OEC
ACTACGACAGATTAAG-1	OEC
ACTAGGTGTGATAAGT-1	OEC
ACTATTCGTGACGCAA-1	OEC
ACTGCGGCATTAGCCA-1	OEC
ACTGCGGGTTCTTTCA-1	OEC
ACTGTCCTCGATGAAA-1	OEC
ACTTTCACAGCGTAGA-1	OEC
AGACAAAGTGGACGAT-1	OEC
AGATTCGAGAAACGCC-1	OEC
AGATTCGAGAAATTCG-1	OEC
AGATTCGTCGGTACTA-1	OEC
AGCCGCAAGAACGACC-1	OEC
AGCCGCAAGAATGCTA-1	OEC
AGCCTGGTCCAGTACA-1	OEC
AGCCTTCCACATAAAG-1	OEC
AGCCTTCCAGGTGGTA-1	OEC
AGCGATTCACATCATG-1	OEC
AGCGATTCACGTTGTA-1	OEC
AGCGATTCACTCCTCA-1	OEC
AGCGATTGTCACATTG-1	OEC
AGCGATTGTCGCGCTA-1	OEC
AGCGATTGTTCTTAGG-1	OEC
AGCGATTTCGGCAATT-1	OEC
AGCGTATCAAACCTAC-1	OEC
AGCGTATTCACTCGGG-1	OEC
AGCTATGAGATGGGTC-1	OEC
AGCTGATGTGTCGTCG-1	OEC
AGCTGATTCAGTGTAC-1	OEC
AGCTGTACAAGATGCG-1	OEC
AGCTGTAGTTCCAATG-1	OEC
AGGACGAGTCCTTCAC-1	OEC
AGGCCCAAGCTAACAA-1	OEC
AGGCCCAGTGTGAGGT-1	OEC
AGGCCTGTCACCCGGA-1	OEC
AGGCGAAGTTAGCTCA-1	OEC
AGTCCGGTCCTAAGTG-1	OEC
AGTGCGCAGTTGACAA-1	OEC
AGTGCGCGTAGGGTTG-1	OEC
AGTGCGCGTTCCAGTA-1	OEC
AGTGCGCTCAATTCCT-1	OEC
AGTGCGCTCATGCTTT-1	OEC
AGTTACGAGGAATGGA-1	OEC
AGTTACGTCGCTAGTA-1	OEC
AGTTTGGAGGCAGTAC-1	OEC
AGTTTGGAGTATCTGC-1	OEC
AGTTTGGGTTGTGAGG-1	OEC
AGTTTGGTCGATAGGG-1	OEC
ATAGGCTAGAAGCCTG-1	OEC
ATAGGCTCACACTAGT-1	OEC
ATAGTCGTCAATTCCT-1	OEC
ATATTCCGTACGGAGT-1	OEC
ATCCAGAAGTGCTGAG-1	OEC
ATCCCTGCACGCTAAT-1	OEC
ATCCCTGTCACTCCCA-1	OEC
ATCCCTGTCTGTCGGG-1	OEC
ATCCTCGAGCTATCCA-1	OEC
ATCCTCGAGGAAACTT-1	OEC
ATCCTCGAGTGGACGT-1	OEC
ATCCTCGTCGGATAGG-1	OEC
ATCCTGCAGGAAGGTA-1	OEC
ATCCTGCTCAGTCACA-1	OEC
ATCGAGTGTCACATTG-1	OEC
ATGGATCTCTCTGTTA-1	OEC
ATGTACGAGAGAGTTT-1	OEC
ATGTACGCATTTGTTC-1	OEC
ATGTACGTCCAGGTAT-1	OEC
ATGTCGAGTGCTTCCT-1	OEC
ATGTCTTTCGAGCGCT-1	OEC
ATGTCTTTCGGTAGGA-1	OEC
ATGTTTCAGAAGAGTG-1	OEC
ATGTTTCAGTGAATAC-1	OEC
ATTACCTGTAGTAACA-1	OEC
ATTACTCCAGGATGTG-1	OEC
ATTCGTTAGACACTTC-1	OEC
ATTCGTTCAAGCGTCC-1	OEC
ATTGTCTAGAAGGGCG-1	OEC
ATTGTGGCAAGGACCA-1	OEC
ATTTGTCCAGGTCCTG-1	OEC
CAAAGCTCACAAACAA-1	OEC
CAAAGCTCACGATATC-1	OEC
CAACCAATCCGATGCG-1	OEC
CAACCAATCCGTGCAG-1	OEC
CAACGGCAGGCAGTGT-1	OEC
CAACGGCTCCATACGA-1	OEC
CAACGGCTCTTCTCTC-1	OEC
CAACGTACATGTAGAA-1	OEC
CAACGTAGTCACTCTC-1	OEC
CAACGTAGTCAGAAGC-1	OEC
CAAGCTATCCATAACG-1	OEC
CAAGGCCCAAGGATGC-1	OEC
CAATCCCGTACGGATG-1	OEC
CACAGATGTAACGTAA-1	OEC
CACAGATTCGGGTCCA-1	OEC
CACATGAAGAGCGAAA-1	OEC
CACCACTAGACACAAT-1	OEC
CACCACTAGTGCAACG-1	OEC
CACCACTCAAGACTAA-1	OEC
CACCTGTAGAAATTCG-1	OEC
CACCTGTAGACTAGCG-1	OEC
CACCTGTAGCCATTCA-1	OEC
CACCTGTAGGCACCTC-1	OEC
CACCTTGAGACGCCCT-1	OEC
CACCTTGCAGAGATGC-1	OEC
CACCTTGTCCATACCC-1	OEC
CACCTTGTCCATCATT-1	OEC
CACCTTGTCTGATCTT-1	OEC
CACGTTCAGAACGCCA-1	OEC
CACGTTCAGATGGGTC-1	OEC
CACGTTCTCCGTTAGA-1	OEC
CACTAAGGTCGAGGAT-1	OEC
CAGCCTTTCGTATAGC-1	OEC
CAGCCTTTCTTAACGG-1	OEC
CAGCTAAGTTAGAGAT-1	OEC
CAGCTAATCTAGTCGA-1	OEC
CAGCTAATCTTTATCG-1	OEC
CAGCTGGTCTGAGTAC-1	OEC
CAGGATTAGTAGGTCG-1	OEC
CAGGGCTGTCACATTG-1	OEC
CAGTATGGTCTGGGAA-1	OEC
CAGTGCGTCGATAGGG-1	OEC
CAGTGCGTCGCAACTA-1	OEC
CAGTGCGTCGGTCAGC-1	OEC
CAGTGCGTCTTCCACG-1	OEC
CAGTGTAAGTAGTGTA-1	OEC
CATAACGGTTACACTG-1	OEC
CATGCCTAGAGCGGTT-1	OEC
CATGCCTCACTCCACT-1	OEC
CATGCCTGTATTTGCG-1	OEC
CATGTTTAGTCTAGAA-1	OEC
CATGTTTGTACGGATG-1	OEC
CATTCATAGACGCCCT-1	OEC
CATTCCGAGCTATCCA-1	OEC
CATTGGATCTTACCTA-1	OEC
CCAATGAAGTGATCTC-1	OEC
CCAATGACAGTCAGAG-1	OEC
CCAATGAGTATTCTCT-1	OEC
CCACAGGTCGATGTAC-1	OEC
CCACGTTTCCATCGAA-1	OEC
CCAGAATAGTGGACGT-1	OEC
CCAGAATCACTCCCAT-1	OEC
CCAGAATCAGCCACGT-1	OEC
CCAGATAGTCATGAGG-1	OEC
CCAGATAGTTCTGAGT-1	OEC
CCAGATATCGCCTTAC-1	OEC
CCAGATATCGTATAGC-1	OEC
CCATACCCAGCTTACA-1	OEC
CCATACCTCGATGTAC-1	OEC
CCCACATTCAGAATGA-1	OEC
CCCAGAGAGGGTAATT-1	OEC
CCCAGAGCACACACAT-1	OEC
CCCAGAGCAGAACAGC-1	OEC
CCCAGAGGTATATGGA-1	OEC
CCCTAACCATCCCGGA-1	OEC
CCCTAACTCACCCGGA-1	OEC
CCCTAGTAGGGCTTCC-1	OEC
CCCTAGTAGTTCGACT-1	OEC
CCCTCTCAGACGCCCT-1	OEC
CCCTCTCGTAGTGATA-1	OEC
CCGAAGCTCTGGGCGT-1	OEC
CCGCATTGTAGCGTTT-1	OEC
CCGTAGGGTACCGGCT-1	OEC
CCTCCCTTCTTCCACG-1	OEC
CCTGCTACACATTCTT-1	OEC
CCTTAATCATCCTCGT-1	OEC
CCTTAATTCGTGATAC-1	OEC
CCTTGCATCCCAGCGA-1	OEC
CCTTGGTCACAAGGGT-1	OEC
CCTTGGTGTACGAGAC-1	OEC
CCTTGGTTCTTCCACG-1	OEC
CGATGATAGCTTACCA-1	OEC
CGATGATAGGTACTCT-1	OEC
CGATGATAGTCTGGGA-1	OEC
CGATGATGTTTGAAGA-1	OEC
CGCAATACAAGACACG-1	OEC
CGCAATACAAGGATGC-1	OEC
CGCACAGGTTCAGTTG-1	OEC
CGCGCAAAGATAGGTT-1	OEC
CGCTAGGAGCTGCCAC-1	OEC
CGCTAGGTCGACTGGC-1	OEC
CGCTATCAGGTGATGC-1	OEC
CGCTGGAGTGATAGAT-1	OEC
CGGACTGCATACCCGG-1	OEC
CGGACTGCATCTCACC-1	OEC
CGGACTGTCTTACTCA-1	OEC
CGGTGCAGTTTGTGAC-1	OEC
CGTAAACAGCTCCGGT-1	OEC
CGTACAAAGCTACGCC-1	OEC
CGTTCCAGTGCTTACA-1	OEC
CTAACTTCAGTAGTTC-1	OEC
CTAACTTGTCTCTGGG-1	OEC
CTAACTTTCCGCCTAT-1	OEC
CTACAGACAAACCTAC-1	OEC
CTACTTACAGGCAGAT-1	OEC
CTACTTAGTACGGAGT-1	OEC
CTACTTAGTGAGGGTT-1	OEC
CTACTTATCGATGTGT-1	OEC
CTAGCGGCAAGGCGTA-1	OEC
CTAGGGCTCCAGGGAA-1	OEC
CTAGGGCTCGGTCCGA-1	OEC
CTCAACCAGTGGTGTG-1	OEC
CTCAACCCAACAAACA-1	OEC
CTCAGAATCTCTTCCT-1	OEC
CTCATGCAGAAGAGTG-1	OEC
CTCATGCTCCTCATTA-1	OEC
CTCCCAAAGGTCTTTG-1	OEC
CTCCCAAGTTCCTGTC-1	OEC
CTCGCTAAGAGACTCG-1	OEC
CTCGCTAAGAGCCACA-1	OEC
CTCGCTAAGCCCATGC-1	OEC
CTCGCTATCAAAGTAG-1	OEC
CTCGCTATCTGCGTCT-1	OEC
CTCTACGAGTGCTAGG-1	OEC
CTCTACGAGTTCCCGG-1	OEC
CTCTACGTCCCACTAC-1	OEC
CTCTAGCAGGAAGGTA-1	OEC
CTCTAGCAGTCAGCCC-1	OEC
CTCTAGCTCCGGGCAT-1	OEC
CTCTCAGAGAATGCTA-1	OEC
CTCTCAGAGTTCCAGT-1	OEC
CTGAATGCATCGCCTT-1	OEC
CTGAATGGTTCAGTAC-1	OEC
CTGAATGTCCATGACA-1	OEC
CTGCGTTGTGCGCTCA-1	OEC
CTGCGTTTCAAGGCCC-1	OEC
CTGCGTTTCAGCGGTC-1	OEC
CTGCTCAAGGGTTCTT-1	OEC
CTGGCAGCATCCGTAA-1	OEC
CTGGCAGGTCGGCTGT-1	OEC
CTGGCAGGTTCTGATG-1	OEC
CTGGCAGTCCCAATGA-1	OEC
CTGGGACAGGAGAACA-1	OEC
CTGGGACTCTGAAAGA-1	OEC
CTGTATTCATCATGTG-1	OEC
CTGTTCGCAGTAACTC-1	OEC
CTTAATCGTGTACGCC-1	OEC
CTTAATCGTTAGGCTT-1	OEC
CTTCCAGAGACTCTTG-1	OEC
CTTCCAGAGTCCTTCC-1	OEC
CTTCCAGGTCATTGCA-1	OEC
CTTCCAGGTGATAGAT-1	OEC
CTTCCAGTCGCTTGAA-1	OEC
CTTGCCACACGTTACA-1	OEC
CTTGTCGAGACACTTC-1	OEC
CTTGTCGGTACGCAAG-1	OEC
CTTGTCGGTCCAAGTT-1	OEC
CTTGTCGGTGGTAGAC-1	OEC
CTTTGCGCAAGGAGGG-1	OEC
GAACCTAAGACTTCCA-1	OEC
GAACCTAAGGTTGTTC-1	OEC
GAACCTAAGTACTCTG-1	OEC
GAACCTAGTACCCATA-1	OEC
GAACTTGAGGGTCTGA-1	OEC
GAACTTGGTAGTGATA-1	OEC
GAACTTGGTCAGACGA-1	OEC
GAACTTGTCGCAGATT-1	OEC
GACCCAGCAAGAAACT-1	OEC
GACCCAGGTCAGGCTC-1	OEC
GACCGACTCCCTACCA-1	OEC
GACCTTCCAATAGCGG-1	OEC
GACCTTCCACCGTTGG-1	OEC
GACTAACCAATGATGA-1	OEC
GACTAACTCGCACCGA-1	OEC
GACTAGTTCGCAAACT-1	OEC
GAGAACGCACCTCGTT-1	OEC
GAGACTTTCGACTTAG-1	OEC
GAGCATTCATCGCCTT-1	OEC
GAGCGCTCAGGCATTT-1	OEC
GAGCGCTCAGGTAGGT-1	OEC
GAGGATGGTTCTGATG-1	OEC
GAGGCTCGTAACGGTG-1	OEC
GAGGCTCGTGAGGGTT-1	OEC
GAGGTCCCATGTGGGA-1	OEC
GAGGTCCTCGTGATAC-1	OEC
GAGTGAGTCCTTACGC-1	OEC
GAGTGAGTCTGAGTCA-1	OEC
GATCATGCAACAAACA-1	OEC
GATCGTAAGATAGGTT-1	OEC
GATCGTAAGCGAGCTA-1	OEC
GATCGTACATGCGTTA-1	OEC
GATGATCGTTACACTG-1	OEC
GATGATCTCAAGGCCC-1	OEC
GATGATCTCGCAGATT-1	OEC
GATGGCCCATGTATCG-1	OEC
GATGGCCGTACTTGAC-1	OEC
GATTAGCCAACTACTG-1	OEC
GATTGACAGGCCAGTA-1	OEC
GATTGACCAGCTTACA-1	OEC
GATTGACGTCACAGGA-1	OEC
GATTGACGTCATTGCA-1	OEC
GCAAAGGTCGATCTTT-1	OEC
GCAACCGCAGAACTTC-1	OEC
GCACCTTCAGTTAAAG-1	OEC
GCACCTTTCAGTTGAC-1	OEC
GCACGCAAGGGAAGCG-1	OEC
GCACGCAAGTATGGGC-1	OEC
GCACGCATCTAAACGC-1	OEC
GCACGGTAGCTAACAA-1	OEC
GCACGGTGTGGACCAA-1	OEC
GCAGATTCATTGCACA-1	OEC
GCAGCCACAAGAGCGT-1	OEC
GCAGCTGAGACTTCCA-1	OEC
GCAGCTGCACCTATTT-1	OEC
GCATGATGTTCCCGGA-1	OEC
GCATTCCTCCCGGGTA-1	OEC
GCATTCCTCGTCTAGA-1	OEC
GCATTGAAGACACTTC-1	OEC
GCATTGAAGAGGAATG-1	OEC
GCATTGACACCTGTGG-1	OEC
GCATTGACAGCCACGT-1	OEC
GCATTGAGTGGTGGTA-1	OEC
GCATTGATCTTCCACG-1	OEC
GCCAGACCACATTGCA-1	OEC
GCCAGACCATTCGTCC-1	OEC
GCCAGACGTAGTTTGC-1	OEC
GCCATAAAGAAGACTT-1	OEC
GCCATAAGTACGGAGT-1	OEC
GCCATAAGTAGCAGCA-1	OEC
GCCCAGAAGTAGCAAT-1	OEC
GCCCGAACAACTACTG-1	OEC
GCCCGAACATCCCAAA-1	OEC
GCCTACTAGGTTAACA-1	OEC
GCCTAGGGTAATGCAA-1	OEC
GCCTAGGGTGGATTCT-1	OEC
GCGAGTCAGAGAGTTT-1	OEC
GCGAGTCAGTCATCTG-1	OEC
GCGAGTCCACATTCTT-1	OEC
GCGATCGCAATCATCG-1	OEC
GCGATCGTCTATCCTA-1	OEC
GCGATTACATGTAGAA-1	OEC
GCGATTAGTCACAGGA-1	OEC
GCGATTATCGAGAACG-1	OEC
GCGCATGCAAACTACC-1	OEC
GCGCATGTCTAAGGTC-1	OEC
GCGCCAAGTGCCCGAT-1	OEC
GCGGAAAGTTTAGACC-1	OEC
GCGGGTTCAATCCATG-1	OEC
GCGGGTTGTCACAGTT-1	OEC
GCGGTGTCAGAGATGC-1	OEC
GCGGTGTGTTCCCTTG-1	OEC
GCGTAGCCAAGGTCGA-1	OEC
GCGTAGCCATTTGTTC-1	OEC
GCGTAGCGTCTGGGAA-1	OEC
GCGTAGCGTTCAGTTG-1	OEC
GCTCACTTCGGAGTTT-1	OEC
GCTCAGGTCATTCGGA-1	OEC
GCTCCTACACAGGTAG-1	OEC
GCTCGAGAGTTGCTTG-1	OEC
GCTCGAGCACCCTTAC-1	OEC
GCTCGAGGTTCGGGAA-1	OEC
GCTCGAGGTTTCCGGG-1	OEC
GCTCGAGTCGTGTGCG-1	OEC
GCTGAGCGTTACTACG-1	OEC
GCTGAGCGTTTCGATG-1	OEC
GCTTAAGTCTCGCGTT-1	OEC
GCTTGCTTCCTTGACC-1	OEC
GCTTTCGTCGCTATTT-1	OEC
GCTTTCGTCTCTCAAT-1	OEC
GGAACTTAGGCTGGAT-1	OEC
GGAATCTCACAGTTCA-1	OEC
GGAATCTGTGATAGAT-1	OEC
GGAATCTTCGTATAGC-1	OEC
GGACACCCACTGCTCT-1	OEC
GGACACCGTCCCGTGA-1	OEC
GGAGAACTCTGACATG-1	OEC
GGAGGATTCCGCCTAT-1	OEC
GGAGTAGCAGCAATGG-1	OEC
GGAGTAGTCTAGCAGT-1	OEC
GGAGTAGTCTCAGATG-1	OEC
GGAGTAGTCTTCTCTC-1	OEC
GGATAGGAGGCTTCGC-1	OEC
GGATAGGCATGACTGT-1	OEC
GGATGAGAGAATCAGT-1	OEC
GGATGAGCACTGATAC-1	OEC
GGCACGTCAATAGCGG-1	OEC
GGCACGTCATCCTCGT-1	OEC
GGCATTAGTTCCAATG-1	OEC
GGCGTTGAGATAGGTT-1	OEC
GGGAACACAAGTGGCA-1	OEC
GGGCCATAGCTGAAAT-1	OEC
GGGCCATAGTTGGAAT-1	OEC
GGGCCATGTCCAACCG-1	OEC
GGGCCATGTTAGGAAT-1	OEC
GGGCCATTCGACCCGA-1	OEC
GGGTCTGAGTCAGGAC-1	OEC
GGGTCTGGTGCATTCA-1	OEC
GGGTCTGGTGTAGGAC-1	OEC
GGGTCTGGTTACCCAA-1	OEC
GGGTGTCCACTCCACT-1	OEC
GGGTGTCGTTGTATCG-1	OEC
GGGTGTCTCCTCTCTT-1	OEC
GGTACCGAGGCCAATG-1	OEC
GGTAGGACACAAGGGT-1	OEC
GGTAGGATCGGTCCGA-1	OEC
GGTGCTGCACACACCG-1	OEC
GGTGCTGGTACTTGAC-1	OEC
GGTTGCGTCAGTGTGT-1	OEC
GTAATCGCATGGCCTG-1	OEC
GTACTTTCACTCAAGT-1	OEC
GTACTTTTCGTGCTGG-1	OEC
GTAGGAGTCTCGTAGA-1	OEC
GTAGTACAGTCCGATT-1	OEC
GTCACCTAGCTTACCA-1	OEC
GTCACCTCAAACCCTA-1	OEC
GTCACCTCATGCCTTC-1	OEC
GTCACCTTCAGGGTTT-1	OEC
GTCACGGAGTGTGTAA-1	OEC
GTCACGGGTTTGATCG-1	OEC
GTCACTCCATCCCTTG-1	OEC
GTCCATCAGTACAGTA-1	OEC
GTCGTAAGTAAGCCTT-1	OEC
GTCGTAAGTGAGTTGG-1	OEC
GTCTACCTCTCATATC-1	OEC
GTGACATGTTGCCTGG-1	OEC
GTGACATGTTGGGAAC-1	OEC
GTGATCACAAAGAGAG-1	OEC
GTGCACGGTCGGCTGT-1	OEC
GTGCACGTCTTGGCCT-1	OEC
GTGCCAGGTTTCTTAC-1	OEC
GTGCTGGAGCTGAATA-1	OEC
GTGCTGGAGGTTGACG-1	OEC
GTGCTGGTCATTCGGA-1	OEC
GTGGATTTCGCTGATA-1	OEC
GTGGCGTAGAGCTGTG-1	OEC
GTGGCGTAGGTTGTGG-1	OEC
GTGGCGTAGTAGACCG-1	OEC
GTGGCGTCATTGTTCT-1	OEC
GTGTCAACATCATAGC-1	OEC
GTGTGATCAAATGCTC-1	OEC
GTGTGATTCTGAACGT-1	OEC
GTTACGAGTACGGAGT-1	OEC
GTTACTTGTGCTTACA-1	OEC
GTTATTCCATCTGCAA-1	OEC
GTTCAAGAGTGATCTC-1	OEC
GTTCAAGGTTCGGGAA-1	OEC
GTTCAAGTCTACTTTG-1	OEC
GTTCAAGTCTATTTCG-1	OEC
GTTGGGCCAACTGCGC-1	OEC
GTTGGTACACGCGTTG-1	OEC
TAACAGCTCTAGCAAC-1	OEC
TAACGGTTCGAGCGCT-1	OEC
TAACTTCCAGCAAACG-1	OEC
TAAGCCAAGTCAGGAC-1	OEC
TAAGCCAGTCAGCAAG-1	OEC
TAAGCCAGTGATAACA-1	OEC
TAATCGGAGCAGAATT-1	OEC
TAATCGGGTTTCCTAT-1	OEC
TAATCGGTCTCGTAGA-1	OEC
TAATTCCAGACGTCAG-1	OEC
TAATTCCAGGATTGAT-1	OEC
TACAGCACAAGACTAA-1	OEC
TACATGGCATCTGCAA-1	OEC
TACATTCCATCGTACA-1	OEC
TACATTCTCGGCTATA-1	OEC
TACCTATGTAGAAAGG-1	OEC
TACCTATTCTTCGTTA-1	OEC
TACCTCGCAAGCAACG-1	OEC
TACCTCGTCAATGCAC-1	OEC
TACGCCTGTATCTCAG-1	OEC
TACGGATAGCATTCCA-1	OEC
TACTGCCAGAGGAACA-1	OEC
TACTGCCGTCTAAGAA-1	OEC
TACTGCCTCAATGCAC-1	OEC
TAGACTGAGTGAGTTA-1	OEC
TAGCACATCAGGGTTT-1	OEC
TAGCATGAGTGGACGT-1	OEC
TAGCATGCATTACCTT-1	OEC
TAGCCCTGTGCGTCCA-1	OEC
TAGCCCTGTTAACCAC-1	OEC
TAGCCGGCACTCCTCA-1	OEC
TAGCGGCCATCATGTG-1	OEC
TAGCGGCGTGTCCAGC-1	OEC
TAGCTTTAGACGTCAG-1	OEC
TAGCTTTTCGGTTCCT-1	OEC
TAGCTTTTCTCAGATG-1	OEC
TAGGAGGAGAATACTG-1	OEC
TAGGAGGTCTTACTCA-1	OEC
TAGGTCAAGAACGCCA-1	OEC
TAGGTGTAGGGTGTTG-1	OEC
TAGGTGTCATTGTTCT-1	OEC
TAGTCCCAGCATACCT-1	OEC
TAGTCCCTCTGGAAGG-1	OEC
TATCTGTAGATCGAGC-1	OEC
TATCTGTGTATCACAC-1	OEC
TATCTGTTCGCGCCAA-1	OEC
TATCTGTTCTGTTGCC-1	OEC
TATGTGGAGCATTGGG-1	OEC
TATGTGGTCAACGTGT-1	OEC
TATGTTCAGATGAGGA-1	OEC
TATGTTCTCGACTATG-1	OEC
TATTGCTCAGGTAGCA-1	OEC
TATTGCTGTCTAAGAA-1	OEC
TCAAGACAGACCAATA-1	OEC
TCAAGCAAGGTCGGTA-1	OEC
TCAAGCACAAGCCCTG-1	OEC
TCAAGCACACACTAGT-1	OEC
TCAAGCACACGACGAA-1	OEC
TCAAGCACACGCTGTG-1	OEC
TCAAGCATCGAGGCTC-1	OEC
TCAAGGTTCCAGTTAG-1	OEC
TCAATTCGTGACCAGA-1	OEC
TCAATTCTCATTCTCA-1	OEC
TCACAGAGTTCCAGTA-1	OEC
TCACAGAGTTTAGAAG-1	OEC
TCACCACAGCAGAATT-1	OEC
TCACCACCAAGTCCTA-1	OEC
TCACCACTCTCTGAGA-1	OEC
TCACTCGAGCTGAATA-1	OEC
TCACTCGCAGCGTACC-1	OEC
TCACTCGCATGATTGC-1	OEC
TCAGCTCTCCCAGCAG-1	OEC
TCAGGGCGTTTCGATG-1	OEC
TCAGGTAGTGATAGAT-1	OEC
TCAGTCCAGCGTATCT-1	OEC
TCAGTCCCAATGACTC-1	OEC
TCAGTCCGTCATAGCT-1	OEC
TCAGTCCGTTTCCTAT-1	OEC
TCCAGAAAGCTCCGGT-1	OEC
TCCATCGGTTAGGAAT-1	OEC
TCCATCGTCCATTGTT-1	OEC
TCGAGCGAGAACCCGA-1	OEC
TCGAGCGGTTCTACCC-1	OEC
TCGATTTCATTGAACC-1	OEC
TCGATTTTCGTCTTAT-1	OEC
TCGCAGGAGACGCCAA-1	OEC
TCGCAGGCACACATGT-1	OEC
TCGGGACAGAAGACTT-1	OEC
TCGGGACTCCAACGCG-1	OEC
TCGTTCGAGGTCCTCG-1	OEC
TCGTTCGTCTGGAAGG-1	OEC
TCTAGTTTCCTGGAAT-1	OEC
TGACAACTCCTTTGCG-1	OEC
TGACTCCGTTACTTTC-1	OEC
TGACTCCGTTTGCCAA-1	OEC
TGACTCCTCGTTCTAT-1	OEC
TGAGTCAAGAGAAGCA-1	OEC
TGAGTCACAGCAAACG-1	OEC
TGAGTCACAGCACATT-1	OEC
TGATCAGAGTGATTAG-1	OEC
TGATGCAAGTATGGGC-1	OEC
TGATGCAGTTCTTTCA-1	OEC
TGATTTCAGACGAAAG-1	OEC
TGATTTCAGTATACCC-1	OEC
TGATTTCCAGTAACGG-1	OEC
TGATTTCTCATCGCCT-1	OEC
TGCATGAGTTTAGAAG-1	OEC
TGCCTCAAGACACGGT-1	OEC
TGCCTCAAGAGGCGGA-1	OEC
TGCCTGTGTATATGGA-1	OEC
TGCGTAAAGACGCCAA-1	OEC
TGCGTAAGTCCATTGA-1	OEC
TGCTATTTCTTACGGA-1	OEC
TGCTCACGTCACATTG-1	OEC
TGCTCGTGTCTCTAAG-1	OEC
TGCTCGTTCACGGGTC-1	OEC
TGCTTCGAGGGATCCA-1	OEC
TGCTTTAGTCAGACGA-1	OEC
TGCTTTAGTCAGTGTT-1	OEC
TGCTTTAGTGGACTGA-1	OEC
TGGAAGGCACAAGTGG-1	OEC
TGGAAGGCACAGATGG-1	OEC
TGGAAGGTCCTAGAGT-1	OEC
TGGCAATGTCACAGTT-1	OEC
TGGCAATTCTGAAAGA-1	OEC
TGGCGCATCTCATCCG-1	OEC
TGGGTTAAGCAACGGT-1	OEC
TGGGTTACAATCAGGG-1	OEC
TGGGTTACAATGGCAG-1	OEC
TGGTCCTCATGCGACC-1	OEC
TGTAAGCCAAACAGTA-1	OEC
TGTAAGCTCGTTACAG-1	OEC
TGTACGAAGACTTGAA-1	OEC
TGTACGACAGGATGTG-1	OEC
TGTAGCATCCTTACGC-1	OEC
TGTGGCGCAGAGCCAA-1	OEC
TGTGGCGTCGCTTACC-1	OEC
TGTTAGGAGAAACGCC-1	OEC
TGTTAGGAGGTTACAA-1	OEC
TGTTAGGCAGTGCGAA-1	OEC
TGTTAGGGTGATCAGG-1	OEC
TTACCCGCAATCACTG-1	OEC
TTACCCGCACTGTTAG-1	OEC
TTACCCGCATGCACTA-1	OEC
TTACCGCGTTGGCGAA-1	OEC
TTACGGACATGACTGT-1	OEC
TTACGGAGTGGTAAGC-1	OEC
TTACGTTAGAACCATA-1	OEC
TTACGTTAGGTAAGCC-1	OEC
TTACGTTCAACGGGTA-1	OEC
TTACGTTGTTCTGAGT-1	OEC
TTACGTTTCGATATGC-1	OEC
TTACGTTTCGCTTGAA-1	OEC
TTACTCAAGCACGTAG-1	OEC
TTACTCAGTCTGTTGA-1	OEC
TTACTCATCCTAGAGT-1	OEC
TTACTTGTCTGTGTGA-1	OEC
TTAGCGACACACACAT-1	OEC
TTAGCGAGTGAGCTAG-1	OEC
TTAGCTTGTCCAACCG-1	OEC
TTAGGTGAGAGCTGTG-1	OEC
TTAGGTGGTCATTGCA-1	OEC
TTAGGTGGTTGGCTAT-1	OEC
TTATGTCAGCTCCGGT-1	OEC
TTCAACTAGCGCCTAC-1	OEC
TTCAACTCACGAACGA-1	OEC
TTCATCAGTGTTAGAA-1	OEC
TTCATCATCAGTGTAC-1	OEC
TTCGGTCCAAATGCTC-1	OEC
TTCGTTATCTGTCGTC-1	OEC
TTCTAACAGGAACCGT-1	OEC
TTCTAACCACAGTAGG-1	OEC
TTCTAACTCAGTCTTT-1	OEC
TTCTGTACATACCCGG-1	OEC
TTCTGTATCCATCGAA-1	OEC
TTGAGTGGTCAGGCTC-1	OEC
TTGAGTGGTTCTACGA-1	OEC
TTGAGTGTCATTCTTG-1	OEC
TTGCACCAGGGATCCA-1	OEC
TTGCACCCATTTGGTG-1	OEC
TTGCACCTCGCGTTCT-1	OEC
TTGCAGAAGGAAGGTA-1	OEC
TTGCAGACAATTAGGA-1	OEC
TTGCCCAAGAACAGGA-1	OEC
TTGCGAAAGTTTGGAA-1	OEC
TTGCGAACAGAGAGAA-1	OEC
TTGCGGGCACGCTAAT-1	OEC
TTGCGGGCACTGTTAG-1	OEC
TTGCGGGTCTGAGTAC-1	OEC
TTGCTTAGTACGCCCA-1	OEC
TTGGTCCAGCTGATTC-1	OEC
TTGTCTAGTCATCGTA-1	OEC
TTGTCTATCCATCGAA-1	OEC
TTGTTGTAGGCGCTTC-1	OEC
TTGTTGTCACCAAGGA-1	OEC
TTGTTGTCACTCCTCA-1	OEC
TTGTTGTGTATGTTCG-1	OEC
TTGTTGTGTCTCTAAG-1	OEC
TTGTTGTGTGCTTCCT-1	OEC
TTGTTGTTCCAGCACG-1	OEC
TTTACGTCATTGCACA-1	OEC
TTTGAGGCATGGTATC-1	OEC
TTTGCGCGTCATAGCT-1	OEC
TTTGCGCGTTACTACG-1	OEC
TTTGGCCAGGCCTCGT-1	OEC
TTTGGCCCACACGGTC-1	OEC
TTTGGCCGTGGTCGAA-1	OEC
TTTGGTTTCGACTTAG-1	OEC
TTTGGTTTCGCGTTCT-1	OEC
TTTGTGTTCTCGCGTT-1	OEC
