AAACGAAAGAAGCCGT-1	non_AST
AAACGAAAGAGTGGAA-1	non_AST
AAACGAAAGTCTTAGC-1	non_AST
AAACGAAGTACCAAGG-1	non_AST
AAACGAATCAGGCCGT-1	non_AST
AAACGAATCGTTCAGA-1	non_AST
AAACGAATCTGACTTT-1	non_AST
AAACTCGAGAGAAGCA-1	non_AST
AAACTCGAGTGCTGAG-1	non_AST
AAACTCGAGTGTCGGA-1	non_AST
AAACTCGCAATCAGGG-1	non_AST
AAACTCGCACTGTCGG-1	non_AST
AAACTCGGTGCGCTCA-1	non_AST
AAACTCGTCAACACGT-1	non_AST
AAACTGCAGGAACCGT-1	non_AST
AAACTGCAGTCCCTCT-1	non_AST
AAACTGCCAACCTCCT-1	non_AST
AAACTGCCAGATTTGC-1	non_AST
AAACTGCGTTGGCGAA-1	non_AST
AAAGATGAGCGAGAAA-1	non_AST
AAAGATGCAGATGGCA-1	non_AST
AAAGATGCATGTGGGA-1	non_AST
AAAGATGGTGAAACAT-1	non_AST
AAAGATGTCCGGGCAT-1	non_AST
AAAGGATAGTCCGGAA-1	non_AST
AAAGGATCAACGTAGG-1	non_AST
AAAGGATCATACCCGG-1	non_AST
AAAGGATGTATCATGC-1	non_AST
AAAGGATTCATAGGTC-1	non_AST
AAAGGGCAGACAGTGC-1	non_AST
AAAGGGCAGGATCCTT-1	non_AST
AAAGGGCCACCGTCTT-1	non_AST
AAAGGGCCATTCTCGC-1	non_AST
AAAGGGCGTAGTTTGC-1	non_AST
AAAGGGCTCACCCTTG-1	non_AST
AAAGGGCTCAGTGTGT-1	non_AST
AAATGAGAGACTAGCG-1	non_AST
AAATGAGAGAGTGGAA-1	non_AST
AAATGAGAGTATACCC-1	non_AST
AAATGAGCAACGTAGG-1	non_AST
AAATGAGCACTTATGG-1	non_AST
AAATGAGTCGATATGC-1	non_AST
AAATGAGTCTATGAGC-1	non_AST
AAATGCCAGGCACCTC-1	non_AST
AAATGCCCAATGGTCT-1	non_AST
AAATGCCTCCAACGCG-1	non_AST
AACAAAGCAACGACAG-1	non_AST
AACAAAGCACAGTTAC-1	non_AST
AACAAAGCAGTGCGAA-1	non_AST
AACAAAGCATTCTTTG-1	non_AST
AACAAAGGTACGTATC-1	non_AST
AACAAAGTCAGCCGGT-1	non_AST
AACAGTCCATTCCCGT-1	non_AST
AACAGTCGTAAACCCT-1	non_AST
AACAGTCGTAGGTGAC-1	non_AST
AACAGTCGTCGAGGAT-1	non_AST
AACAGTCGTGATCAGG-1	non_AST
AACATCGAGAATGCTA-1	non_AST
AACATCGAGAGGCGGA-1	non_AST
AACATCGAGATGTTGA-1	non_AST
AACATCGGTCATGAGG-1	non_AST
AACCAACAGAGTTTGA-1	non_AST
AACCAACAGGATTAAC-1	non_AST
AACCAACAGTGAGCAC-1	non_AST
AACCAACAGTGTCGCC-1	non_AST
AACCAACCACAGAAGC-1	non_AST
AACCAACCAGGAGCAT-1	non_AST
AACCAACGTGATGCGA-1	non_AST
AACCAACTCCGAGAGA-1	non_AST
AACCGATAGGTCTTTG-1	non_AST
AACCGATCATTCACCC-1	non_AST
AACCGATGTCTGATTG-1	non_AST
AACCGATGTTTGATCG-1	non_AST
AACCGATTCGAGAACG-1	non_AST
AACCTGAAGAGTGGAA-1	non_AST
AACCTGAAGATATGAC-1	non_AST
AACCTGAAGGGAGTTC-1	non_AST
AACCTGACATGGCCTG-1	non_AST
AACCTGACATTCACGA-1	non_AST
AACCTGAGTAGGTGAC-1	non_AST
AACCTGATCAGGTCTA-1	non_AST
AACCTTTAGGATCCTT-1	non_AST
AACCTTTCAGAAAGAG-1	non_AST
AACCTTTGTTAACTCG-1	non_AST
AACCTTTTCCAGAGAG-1	non_AST
AACCTTTTCCTATCAT-1	non_AST
AACCTTTTCGTGGGTC-1	non_AST
AACCTTTTCTCCCTTT-1	non_AST
AACGAGGAGAGGCCTA-1	non_AST
AACGAGGAGGTCACTT-1	non_AST
AACGAGGCAATGCATC-1	non_AST
AACGAGGCACTGAAGG-1	non_AST
AACGAGGTCTTAACGG-1	non_AST
AACGAGGTCTTGTCAT-1	non_AST
AACGGGAAGGACTTTC-1	non_AST
AACGGGAAGTTGAATG-1	non_AST
AACGGGACAATTCAGC-1	non_AST
AACGGGACACGCGTTG-1	non_AST
AACGGGACATAGACGG-1	non_AST
AACGGGAGTTCAGTTG-1	non_AST
AACGTACCAAGTTCGT-1	non_AST
AACGTACGTCGAGAAC-1	non_AST
AACGTACTCCCAGTAA-1	non_AST
AACGTACTCCTAGAGT-1	non_AST
AACTGGTAGTGATAAC-1	non_AST
AACTGGTCATGTAGAA-1	non_AST
AACTGGTGTTTGTACG-1	non_AST
AACTGGTTCATCGCTC-1	non_AST
AACTGGTTCGTTCAGA-1	non_AST
AACTGTGAGATCTCAC-1	non_AST
AACTGTGAGGAGTACC-1	non_AST
AACTGTGGTGCCGGTT-1	non_AST
AACTGTGTCAGGATCT-1	non_AST
AACTGTGTCTATCTTG-1	non_AST
AACTTGGAGAAAGGGT-1	non_AST
AACTTGGAGGCGTCCT-1	non_AST
AACTTGGCAACGTCCG-1	non_AST
AACTTGGCAAGGAACC-1	non_AST
AACTTGGGTATTCGCA-1	non_AST
AACTTGGGTCGTAATC-1	non_AST
AACTTGGGTCTGGTCG-1	non_AST
AACTTGGTCAGGCCGT-1	non_AST
AACTTGGTCCTTGACC-1	non_AST
AACTTGGTCTTAAGCG-1	non_AST
AAGATAGAGAGTAAGG-1	non_AST
AAGATAGAGATGTTCC-1	non_AST
AAGATAGAGCGGACAT-1	non_AST
AAGATAGAGGTACATA-1	non_AST
AAGATAGCATGGTTTG-1	non_AST
AAGATAGGTGTCGGTC-1	non_AST
AAGATAGTCTATTGTC-1	non_AST
AAGGAGCCAGGGTAAC-1	non_AST
AAGGAGCCATGGCCGT-1	non_AST
AAGGAGCGTAACTGAA-1	non_AST
AAGGAGCTCACTGATG-1	non_AST
AAGGAGCTCAGGTTTG-1	non_AST
AAGGAGCTCCCTACCA-1	non_AST
AAGGAGCTCGACTCGG-1	non_AST
AAGGAGCTCGATGTAC-1	non_AST
AAGGAGCTCGTGGCGT-1	non_AST
AAGGTTCCAATCAGGG-1	non_AST
AAGGTTCCACTTATGG-1	non_AST
AAGGTTCCATGGTAAA-1	non_AST
AAGGTTCTCTCGCGGA-1	non_AST
AATACGCAGTGTGTAA-1	non_AST
AATACGCCACTTATGG-1	non_AST
AATACGCGTATGGGTG-1	non_AST
AATACGCGTGAATCGG-1	non_AST
AATACGCGTTTCGATG-1	non_AST
AATACGCTCACTCCCA-1	non_AST
AATACGCTCGTGGAAG-1	non_AST
AATACGCTCTAGCAAC-1	non_AST
AATGCCACAGCGTGAA-1	non_AST
AATGCCACATATTGGC-1	non_AST
AATGCCAGTCATTGCA-1	non_AST
AATGGAACAAGCGTCC-1	non_AST
AATGGAACACTCAGCG-1	non_AST
AATGGAACAGCACATT-1	non_AST
AATGGAAGTAAGCCGA-1	non_AST
AATGGAAGTTAACCAC-1	non_AST
AATGGAAGTTCCTGTC-1	non_AST
AATGGAATCCCAATAG-1	non_AST
AATGGAATCGGTCTCT-1	non_AST
AATGGCTAGTTGCGCC-1	non_AST
AATGGCTAGTTGGAAT-1	non_AST
AATGGCTCAGCAACGA-1	non_AST
AATGGCTGTACTAGAA-1	non_AST
AATGGCTGTATTGTGC-1	non_AST
AATGGCTTCCGCTCTA-1	non_AST
AATGTCGAGAACGACC-1	non_AST
AATGTCGCAAGGAAGA-1	non_AST
AATGTCGCACACACAT-1	non_AST
AATGTCGCAGCTATAC-1	non_AST
AATGTCGGTAATGCCT-1	non_AST
AATGTCGGTATTCGAC-1	non_AST
AATGTCGGTGAATCGG-1	non_AST
AATGTCGGTGGATTCT-1	non_AST
AATGTCGTCTATGAGC-1	non_AST
ACAAACCCAGGATGTG-1	non_AST
ACAAACCCATTGCCTC-1	non_AST
ACAAACCGTATTCTTC-1	non_AST
ACAAACCGTCTGTGTA-1	non_AST
ACAAAGAGTCAGACGA-1	non_AST
ACAAAGAGTCCATTGA-1	non_AST
ACAAAGAGTGTCGTCG-1	non_AST
ACAAAGAGTTTGTGAC-1	non_AST
ACAAAGATCACTCGGG-1	non_AST
ACAAGCTCACGCTCAG-1	non_AST
ACAAGCTGTACGGATG-1	non_AST
ACAAGCTGTTTAGGAA-1	non_AST
ACAAGCTTCACGATTG-1	non_AST
ACAAGCTTCACTAGGT-1	non_AST
ACAAGCTTCACTGATG-1	non_AST
ACAAGCTTCCTCCTGA-1	non_AST
ACAATCGAGAGAGTAG-1	non_AST
ACAATCGCAGGTTATC-1	non_AST
ACAATCGCAGTTGCAT-1	non_AST
ACAATCGTCTTCACTA-1	non_AST
ACAGAAAAGGAAACTT-1	non_AST
ACAGAAAAGGAGTACC-1	non_AST
ACAGAAAAGTACTCTG-1	non_AST
ACAGAAACAACACGGA-1	non_AST
ACAGAAAGTACGCAAG-1	non_AST
ACAGAAATCCCGTAGG-1	non_AST
ACAGACTCAACGCAAG-1	non_AST
ACAGACTCACTCGCAG-1	non_AST
ACAGACTCATGATCGT-1	non_AST
ACAGACTCATGGAGGT-1	non_AST
ACAGACTCATTAGCCA-1	non_AST
ACAGACTGTTCCAGTA-1	non_AST
ACAGACTTCACGTCAA-1	non_AST
ACAGACTTCATTCATC-1	non_AST
ACAGACTTCTTACTCA-1	non_AST
ACAGCGCAGTGAATAC-1	non_AST
ACAGCGCGTCAACGGA-1	non_AST
ACAGGCCCAACTCGTA-1	non_AST
ACAGGCCTCGCCAGAC-1	non_AST
ACAGGCCTCGGGATCC-1	non_AST
ACAGGCCTCTGACATG-1	non_AST
ACAGGCCTCTGATCCC-1	non_AST
ACATGCAAGCAGAATT-1	non_AST
ACATGCAAGCTTCAAC-1	non_AST
ACATGCAAGGAAGAAC-1	non_AST
ACATGCACATGCACTA-1	non_AST
ACATGCACATGGTATC-1	non_AST
ACATGCATCGTGGCGT-1	non_AST
ACATGGTAGACTTCCA-1	non_AST
ACATGGTAGTTCCAGT-1	non_AST
ACATGGTCACGCTAAT-1	non_AST
ACATGGTGTGTGCTTA-1	non_AST
ACATGGTTCCCTACGT-1	non_AST
ACCAAACAGTCAGGAC-1	non_AST
ACCAAACCAACGTACT-1	non_AST
ACCAAACCATATAGAG-1	non_AST
ACCAAACGTAACGTAA-1	non_AST
ACCAAACGTGTGTGTT-1	non_AST
ACCAAACTCGAACACT-1	non_AST
ACCATCCAGACAACGC-1	non_AST
ACCATCCAGATGGGAA-1	non_AST
ACCATCCGTCGCTACG-1	non_AST
ACCATCCTCAGTTGAC-1	non_AST
ACCATCCTCGACTGGC-1	non_AST
ACCATCCTCTTACTCA-1	non_AST
ACCCAAAAGCTTACCA-1	non_AST
ACCCAAACAAAGCATA-1	non_AST
ACCCAAACACAGTTAC-1	non_AST
ACCCAAAGTACGAGAC-1	non_AST
ACCCAAATCAACTTGG-1	non_AST
ACCCAAATCAGGCGCT-1	non_AST
ACCGAATAGAACGTCG-1	non_AST
ACCGAATAGTTGACAA-1	non_AST
ACCGAATCAAGTCCTA-1	non_AST
ACCGAATCAATCACTG-1	non_AST
ACCGAATCAATGACTC-1	non_AST
ACCGAATCAATGTGTC-1	non_AST
ACCGAATGTACGACCC-1	non_AST
ACCGCAGAGCTCGTTA-1	non_AST
ACCGCAGAGGGAGATA-1	non_AST
ACCGCAGGTACGTATC-1	non_AST
ACCGCAGTCCAAGAGG-1	non_AST
ACCGCAGTCTATCTCA-1	non_AST
ACCGGGTCAACTCCCT-1	non_AST
ACCGGGTCATGTGGGA-1	non_AST
ACCGGGTGTAAGCCGA-1	non_AST
ACCGGGTGTCCGTAGC-1	non_AST
ACCGGGTGTCTAAGAA-1	non_AST
ACCGGGTTCAGGTTTG-1	non_AST
ACCGGGTTCGGCAATT-1	non_AST
ACCGGGTTCGGTTGTA-1	non_AST
ACCTGCTGTAACGGAC-1	non_AST
ACCTGCTTCGTATAGC-1	non_AST
ACGGATTAGGTTGTTC-1	non_AST
ACGGATTGTCACTCTC-1	non_AST
ACGGATTGTTACTTTC-1	non_AST
ACGGATTTCCACACCT-1	non_AST
ACGGATTTCGAAGCCC-1	non_AST
ACGTGGCAGACTTGAA-1	non_AST
ACGTGGCCAGATACAA-1	non_AST
ACGTGGCCATACAACC-1	non_AST
ACGTGGCGTTTAGGAA-1	non_AST
ACGTGGCGTTTGACCA-1	non_AST
ACGTGGCTCCGCTCTA-1	non_AST
ACGTTAGAGGTCGTTT-1	non_AST
ACGTTAGCACAGCTTA-1	non_AST
ACGTTAGGTCTGATTG-1	non_AST
ACGTTAGGTGGTAAGC-1	non_AST
ACGTTAGTCCACTAGA-1	non_AST
ACGTTAGTCCTAAAGC-1	non_AST
ACGTTAGTCTATACCT-1	non_AST
ACTAACGAGAGGAACA-1	non_AST
ACTAACGGTCTAAAGA-1	non_AST
ACTAACGGTGAGTAAT-1	non_AST
ACTAACGGTTTCGATG-1	non_AST
ACTAACGTCCTCATTA-1	non_AST
ACTACCCAGGGACGTT-1	non_AST
ACTACCCCAACCTCTC-1	non_AST
ACTACCCCAATGATGA-1	non_AST
ACTACCCCACGTTACA-1	non_AST
ACTACCCCAGTTCGGC-1	non_AST
ACTACCCGTAACGGTG-1	non_AST
ACTACCCGTGCATCAT-1	non_AST
ACTACCCTCACAGGGA-1	non_AST
ACTACCCTCACCCGGA-1	non_AST
ACTACCCTCCAACAAC-1	non_AST
ACTACGAAGACAGTGC-1	non_AST
ACTACGAAGGAACCGT-1	non_AST
ACTACGAAGTCGTATC-1	non_AST
ACTACGACACCTCGTT-1	non_AST
ACTACGACAGATTAAG-1	non_AST
ACTACGAGTCCCTTTG-1	non_AST
ACTACGATCACATTCT-1	non_AST
ACTAGGTGTACCAAGG-1	non_AST
ACTAGGTGTGATAAGT-1	non_AST
ACTAGGTGTGCGTAGA-1	non_AST
ACTAGGTTCTCTCAAT-1	non_AST
ACTATTCGTGACGCAA-1	non_AST
ACTCGGGCAAGTAATG-1	non_AST
ACTCGGGCAGATTTGC-1	non_AST
ACTCGGGCAGTAACGG-1	non_AST
ACTCGGGGTAGGTGAC-1	non_AST
ACTCGGGGTGCTGAAG-1	non_AST
ACTCGGGTCCACGGCA-1	non_AST
ACTCGGGTCCAGGGAA-1	non_AST
ACTCGGGTCCGAATTG-1	non_AST
ACTGCAAGTCGCTACG-1	non_AST
ACTGCGGCATTAGCCA-1	non_AST
ACTGCGGGTTCTTTCA-1	non_AST
ACTGCGGTCTGATCTT-1	non_AST
ACTGTCCAGTCACGCC-1	non_AST
ACTGTCCCAGGCATCC-1	non_AST
ACTGTCCGTGCACCCA-1	non_AST
ACTGTCCGTTAACCGT-1	non_AST
ACTGTCCTCGATGAAA-1	non_AST
ACTGTCCTCGGATCGC-1	non_AST
ACTTCCGAGGAAGGTA-1	non_AST
ACTTCCGTCTTGTACT-1	non_AST
ACTTTCACACGTTAGT-1	non_AST
ACTTTCACAGCGTAGA-1	non_AST
ACTTTCATCACGTCAA-1	non_AST
AGACAAAAGGAGGCGA-1	non_AST
AGACAAACACACACCG-1	non_AST
AGACAAAGTGGACGAT-1	non_AST
AGACAAATCAAACCCA-1	non_AST
AGACAAATCACATTCT-1	non_AST
AGATAGACAGGCAAGT-1	non_AST
AGATAGAGTCCCGTGA-1	non_AST
AGATAGATCGTTCTAT-1	non_AST
AGATTCGAGAAACGCC-1	non_AST
AGATTCGAGAAATTCG-1	non_AST
AGATTCGAGGCAATTA-1	non_AST
AGATTCGAGTCGACCC-1	non_AST
AGATTCGAGTGTAATG-1	non_AST
AGATTCGCACAAGTGG-1	non_AST
AGATTCGGTTCTTTGT-1	non_AST
AGATTCGTCGGTACTA-1	non_AST
AGCCAGCCAAGGATGC-1	non_AST
AGCCAGCGTATGGGTG-1	non_AST
AGCCAGCTCCTTACGC-1	non_AST
AGCCAGCTCGCTGATA-1	non_AST
AGCCAGCTCTAGTCGA-1	non_AST
AGCCCGAAGGCCTCTG-1	non_AST
AGCCCGACATGGTAAA-1	non_AST
AGCCCGAGTCTTAGCA-1	non_AST
AGCCCGATCTCCAACC-1	non_AST
AGCCCGATCTGTCGGG-1	non_AST
AGCCGCAAGAACGACC-1	non_AST
AGCCGCAAGAATGCTA-1	non_AST
AGCCGCAAGTAGTGTA-1	non_AST
AGCCGCACAGTAACCT-1	non_AST
AGCCGCACATATAGAG-1	non_AST
AGCCGCATCCACCTAC-1	non_AST
AGCCTCTCATTGAACC-1	non_AST
AGCCTCTGTAATGCCT-1	non_AST
AGCCTCTTCGATGCAT-1	non_AST
AGCCTGGCAGAGCCAA-1	non_AST
AGCCTGGGTGCAAGAC-1	non_AST
AGCCTGGTCAGTGTAC-1	non_AST
AGCCTGGTCCAGTACA-1	non_AST
AGCCTGGTCGGAAAGC-1	non_AST
AGCCTTCAGAGGCGGA-1	non_AST
AGCCTTCCAAAGGCCA-1	non_AST
AGCCTTCCACATAAAG-1	non_AST
AGCCTTCCAGGTGGTA-1	non_AST
AGCCTTCGTGAGTAAT-1	non_AST
AGCGATTAGACAGCTG-1	non_AST
AGCGATTCACATCATG-1	non_AST
AGCGATTCACGTTGTA-1	non_AST
AGCGATTCACTCCTCA-1	non_AST
AGCGATTGTCACATTG-1	non_AST
AGCGATTGTCGCGCTA-1	non_AST
AGCGATTGTTCTTAGG-1	non_AST
AGCGATTTCAGCGGTC-1	non_AST
AGCGATTTCCAGGTCG-1	non_AST
AGCGATTTCGGCAATT-1	non_AST
AGCGTATCAAACCTAC-1	non_AST
AGCGTATCACAAACGG-1	non_AST
AGCGTATTCACTCGGG-1	non_AST
AGCGTATTCGCATACA-1	non_AST
AGCGTATTCTCTTCTC-1	non_AST
AGCGTGCCACCCATCT-1	non_AST
AGCGTGCGTAAGTGCG-1	non_AST
AGCTATGAGATGGGTC-1	non_AST
AGCTATGCAAACCCTA-1	non_AST
AGCTATGGTCTGATTG-1	non_AST
AGCTGATAGTAGTGTA-1	non_AST
AGCTGATAGTCCTTCC-1	non_AST
AGCTGATCACGCTAAT-1	non_AST
AGCTGATGTGTCGTCG-1	non_AST
AGCTGATTCAGTGTAC-1	non_AST
AGCTGATTCCCTAAAG-1	non_AST
AGCTGGCTCTAAACGC-1	non_AST
AGCTGTAAGGTTAACA-1	non_AST
AGCTGTAAGTACAGTA-1	non_AST
AGCTGTACAAGATGCG-1	non_AST
AGCTGTAGTACGACCC-1	non_AST
AGCTGTAGTTCCAATG-1	non_AST
AGCTGTATCAAACCAC-1	non_AST
AGCTGTATCGCTCGGA-1	non_AST
AGGACGAAGATTCCGT-1	non_AST
AGGACGAAGGATCCTT-1	non_AST
AGGACGAAGGTCCTCG-1	non_AST
AGGACGAGTCCTTCAC-1	non_AST
AGGACGAGTGGCCTCA-1	non_AST
AGGACGATCCAGAATC-1	non_AST
AGGACGATCTCTATTG-1	non_AST
AGGCCCAAGCTAACAA-1	non_AST
AGGCCCAGTGTGAGGT-1	non_AST
AGGCCTGGTCCGTAGC-1	non_AST
AGGCCTGGTGGTTCTA-1	non_AST
AGGCCTGTCACCCGGA-1	non_AST
AGGCGAAAGGGAGATA-1	non_AST
AGGCGAACAACGGACA-1	non_AST
AGGCGAACAAGTTGCT-1	non_AST
AGGCGAACATAGACGG-1	non_AST
AGGCGAAGTCTGCGCA-1	non_AST
AGGCGAAGTTAGCTCA-1	non_AST
AGGCGAATCCGGAAAG-1	non_AST
AGGCGTCCACGATTAC-1	non_AST
AGGCGTCGTCGCTACG-1	non_AST
AGGCGTCGTCTCTAAG-1	non_AST
AGGCGTCTCAGGTTTG-1	non_AST
AGTCAACAGTTCCCGG-1	non_AST
AGTCAACGTATCTGCA-1	non_AST
AGTCAACTCGCACCTT-1	non_AST
AGTCCGGCAGGATGTG-1	non_AST
AGTCCGGCATAGATAG-1	non_AST
AGTCCGGGTTAGTAGA-1	non_AST
AGTCCGGTCCTAAGTG-1	non_AST
AGTCCGGTCCTGGAAT-1	non_AST
AGTCCGGTCTGAACGT-1	non_AST
AGTCCGGTCTGAGTCA-1	non_AST
AGTGCCGAGACACGGT-1	non_AST
AGTGCCGGTTCCAATG-1	non_AST
AGTGCCGTCCTCAAGA-1	non_AST
AGTGCGCAGGACTAGC-1	non_AST
AGTGCGCAGTTCGACT-1	non_AST
AGTGCGCAGTTGACAA-1	non_AST
AGTGCGCGTAGGGTTG-1	non_AST
AGTGCGCGTTCCAGTA-1	non_AST
AGTGCGCGTTGCTTGA-1	non_AST
AGTGCGCTCAATTCCT-1	non_AST
AGTGCGCTCATGCTTT-1	non_AST
AGTGCGCTCGCCTTAC-1	non_AST
AGTGCGCTCGTATAGC-1	non_AST
AGTGCGCTCTTGTCGC-1	non_AST
AGTGTACCAAAGCTTC-1	non_AST
AGTGTACTCGGCTATA-1	non_AST
AGTTACGAGGAATGGA-1	non_AST
AGTTACGAGTCTGCTA-1	non_AST
AGTTACGAGTGTCACT-1	non_AST
AGTTACGCACTCGTGG-1	non_AST
AGTTACGCATCATCGA-1	non_AST
AGTTACGTCCTAAAGC-1	non_AST
AGTTACGTCGCTAGTA-1	non_AST
AGTTTGGAGGCAGTAC-1	non_AST
AGTTTGGAGTATCTGC-1	non_AST
AGTTTGGCACTAAACC-1	non_AST
AGTTTGGCAGGGTACA-1	non_AST
AGTTTGGGTAATGTAG-1	non_AST
AGTTTGGGTATCTCAG-1	non_AST
AGTTTGGGTTGTGAGG-1	non_AST
AGTTTGGTCGATAGGG-1	non_AST
ATAGGCTAGAAGCCTG-1	non_AST
ATAGGCTCACACTAGT-1	non_AST
ATAGGCTGTAGATTAG-1	non_AST
ATAGGCTGTGGCATAG-1	non_AST
ATAGGCTGTGTTAGAA-1	non_AST
ATAGGCTGTTCCCTTG-1	non_AST
ATAGTCGCATATAGAG-1	non_AST
ATAGTCGTCAATTCCT-1	non_AST
ATAGTCGTCTGACTTT-1	non_AST
ATATTCCAGAACCCGA-1	non_AST
ATATTCCCAGCAACCC-1	non_AST
ATATTCCGTACGGAGT-1	non_AST
ATATTCCGTTCACGTA-1	non_AST
ATATTCCTCGCTTCAC-1	non_AST
ATCCAGAAGATGGGTC-1	non_AST
ATCCAGAAGTGCTGAG-1	non_AST
ATCCAGACATGTCCCT-1	non_AST
ATCCAGAGTACTTGAC-1	non_AST
ATCCAGATCAAGGCCC-1	non_AST
ATCCCTGAGCAGTAGC-1	non_AST
ATCCCTGAGGCTCAGA-1	non_AST
ATCCCTGCACGCTAAT-1	non_AST
ATCCCTGCATGTAGAA-1	non_AST
ATCCCTGGTGATTCCA-1	non_AST
ATCCCTGTCACTCCCA-1	non_AST
ATCCCTGTCTCCCTTT-1	non_AST
ATCCCTGTCTGTCGGG-1	non_AST
ATCCTCGAGAATACTG-1	non_AST
ATCCTCGAGCTATCCA-1	non_AST
ATCCTCGAGGAAACTT-1	non_AST
ATCCTCGAGTGGACGT-1	non_AST
ATCCTCGGTAGAAAGG-1	non_AST
ATCCTCGGTATCCCTC-1	non_AST
ATCCTCGTCGGATAGG-1	non_AST
ATCCTGCAGATTCCGT-1	non_AST
ATCCTGCAGGAAGGTA-1	non_AST
ATCCTGCAGGGTAATT-1	non_AST
ATCCTGCCAGGACTGA-1	non_AST
ATCCTGCTCAGTCACA-1	non_AST
ATCCTGCTCTGTGTCC-1	non_AST
ATCGAGTAGCCAGAAC-1	non_AST
ATCGAGTCAGCACATT-1	non_AST
ATCGAGTCAGTATCTG-1	non_AST
ATCGAGTGTCACATTG-1	non_AST
ATCGAGTTCGCTAGTA-1	non_AST
ATGCATGCAAGGTTCT-1	non_AST
ATGCATGCATCCTCGT-1	non_AST
ATGCATGGTAAAGGCC-1	non_AST
ATGCATGGTCATTGGT-1	non_AST
ATGCATGTCGATAGTC-1	non_AST
ATGCATGTCTAGTCGA-1	non_AST
ATGGATCAGATGGGTC-1	non_AST
ATGGATCCATCCTGGG-1	non_AST
ATGGATCGTTTCGTTT-1	non_AST
ATGGATCTCTCTGTTA-1	non_AST
ATGTACGAGAGAGTTT-1	non_AST
ATGTACGCATTTGTTC-1	non_AST
ATGTACGGTCCATTGA-1	non_AST
ATGTACGTCCAGGTAT-1	non_AST
ATGTACGTCTAGTCGA-1	non_AST
ATGTACGTCTCCTTGG-1	non_AST
ATGTCGACAGCGCGTT-1	non_AST
ATGTCGACAGGCATTT-1	non_AST
ATGTCGAGTAATGCCT-1	non_AST
ATGTCGAGTGCTTCCT-1	non_AST
ATGTCGAGTTTCTACT-1	non_AST
ATGTCTTAGACACAAT-1	non_AST
ATGTCTTTCGAGCGCT-1	non_AST
ATGTCTTTCGGTAGGA-1	non_AST
ATGTTTCAGAAGAGTG-1	non_AST
ATGTTTCAGATGGGAA-1	non_AST
ATGTTTCAGTGAATAC-1	non_AST
ATGTTTCCACCTCGTT-1	non_AST
ATGTTTCCAGGCAGAT-1	non_AST
ATGTTTCGTACGCCCA-1	non_AST
ATGTTTCGTTTAAGGA-1	non_AST
ATGTTTCTCGATGCAT-1	non_AST
ATGTTTCTCGTTCTAT-1	non_AST
ATTACCTGTAGTAACA-1	non_AST
ATTACCTGTCCGTGCA-1	non_AST
ATTACCTTCTGGGCGT-1	non_AST
ATTACTCAGCTTACCA-1	non_AST
ATTACTCCAGGATGTG-1	non_AST
ATTACTCTCTAGTCGA-1	non_AST
ATTACTCTCTCTGCGT-1	non_AST
ATTCGTTAGACACTTC-1	non_AST
ATTCGTTAGAGCCACA-1	non_AST
ATTCGTTCAAGCGTCC-1	non_AST
ATTCGTTGTGATCAGG-1	non_AST
ATTCGTTTCTGGTACA-1	non_AST
ATTGTCTAGAAGGGCG-1	non_AST
ATTGTCTCACGCTCAG-1	non_AST
ATTGTCTTCCCACTTG-1	non_AST
ATTGTGGAGACGAAAG-1	non_AST
ATTGTGGCAAGGACCA-1	non_AST
ATTGTGGTCGCTTACC-1	non_AST
ATTGTGGTCTTCCACG-1	non_AST
ATTTGTCAGGCAGTGT-1	non_AST
ATTTGTCCAATTCTCT-1	non_AST
ATTTGTCCAGGTCCTG-1	non_AST
ATTTGTCCATAGATAG-1	non_AST
ATTTGTCGTTAGGCTT-1	non_AST
ATTTGTCGTTGAAGCG-1	non_AST
ATTTGTCGTTTAGGAA-1	non_AST
ATTTGTCTCGTTACAG-1	non_AST
CAAAGCTCACAAACAA-1	non_AST
CAAAGCTCACCGTCTT-1	non_AST
CAAAGCTCACGATATC-1	non_AST
CAAAGCTGTAACATAG-1	non_AST
CAAAGCTGTGCAAGCA-1	non_AST
CAAAGCTTCCAATAGC-1	non_AST
CAAAGCTTCCACGCTT-1	non_AST
CAACCAAAGACCGCAA-1	non_AST
CAACCAACACGCGTTG-1	non_AST
CAACCAACATCACAGT-1	non_AST
CAACCAAGTCCACCAG-1	non_AST
CAACCAATCCGATGCG-1	non_AST
CAACCAATCCGTGCAG-1	non_AST
CAACGGCAGGCAGTGT-1	non_AST
CAACGGCAGTCCAGAG-1	non_AST
CAACGGCCATCCTGGG-1	non_AST
CAACGGCGTAGCGAGT-1	non_AST
CAACGGCTCCAGCACG-1	non_AST
CAACGGCTCCATACGA-1	non_AST
CAACGGCTCTTCTCTC-1	non_AST
CAACGGCTCTTGTACT-1	non_AST
CAACGTACATGTAGAA-1	non_AST
CAACGTAGTCACTCTC-1	non_AST
CAACGTAGTCAGAAGC-1	non_AST
CAACGTAGTTGTGACT-1	non_AST
CAAGAAAAGGTTCGTT-1	non_AST
CAAGAAAAGTAGGTCG-1	non_AST
CAAGAAACAACGCACC-1	non_AST
CAAGAAACAGGCATTT-1	non_AST
CAAGAAACAGGTTATC-1	non_AST
CAAGAAAGTTACTTTC-1	non_AST
CAAGAAATCATGTTCT-1	non_AST
CAAGCTATCCATAACG-1	non_AST
CAAGGCCCAAGGATGC-1	non_AST
CAAGGCCCACTTATGG-1	non_AST
CAAGGCCGTCTAAGAA-1	non_AST
CAAGGCCTCCAATAGC-1	non_AST
CAAGGCCTCCTAAGTG-1	non_AST
CAATCCCAGAAATACC-1	non_AST
CAATCCCCAAGTCCTA-1	non_AST
CAATCCCCAAGTTCGT-1	non_AST
CAATCCCGTACGGATG-1	non_AST
CAATCCCGTGAGGGTT-1	non_AST
CAATCCCGTTTCGACA-1	non_AST
CACAACACAAGGACCA-1	non_AST
CACAACAGTATGGGTG-1	non_AST
CACAACATCATCGCTC-1	non_AST
CACAGATAGTTGACAA-1	non_AST
CACAGATCATGTCCCT-1	non_AST
CACAGATGTAACGTAA-1	non_AST
CACAGATTCACAGGGA-1	non_AST
CACAGATTCCCTAAAG-1	non_AST
CACAGATTCCGTTAGA-1	non_AST
CACAGATTCGCTACCT-1	non_AST
CACAGATTCGGGTCCA-1	non_AST
CACATGAAGACCAATA-1	non_AST
CACATGAAGAGCGAAA-1	non_AST
CACATGAGTCATTGGT-1	non_AST
CACATGATCCATTGTT-1	non_AST
CACATGATCCGTACGG-1	non_AST
CACCACTAGACACAAT-1	non_AST
CACCACTAGGGTCTGA-1	non_AST
CACCACTAGTGCAACG-1	non_AST
CACCACTCAAGACTAA-1	non_AST
CACCACTCAAGGAGGG-1	non_AST
CACCACTGTAGCCATT-1	non_AST
CACCACTGTTTCCACC-1	non_AST
CACCACTTCTCGCGTT-1	non_AST
CACCTGTAGAAATTCG-1	non_AST
CACCTGTAGACTAGCG-1	non_AST
CACCTGTAGCCATTCA-1	non_AST
CACCTGTAGGCACCTC-1	non_AST
CACCTGTCACGTGAAG-1	non_AST
CACCTGTTCAAACCCA-1	non_AST
CACCTGTTCCAACGCG-1	non_AST
CACCTGTTCTACATCT-1	non_AST
CACCTTGAGACGCCCT-1	non_AST
CACCTTGAGGCATGCA-1	non_AST
CACCTTGAGGGCTTCC-1	non_AST
CACCTTGCAGAGATGC-1	non_AST
CACCTTGGTACTAGAA-1	non_AST
CACCTTGTCCATACCC-1	non_AST
CACCTTGTCCATCATT-1	non_AST
CACCTTGTCCGTTAGA-1	non_AST
CACCTTGTCTGATCTT-1	non_AST
CACGTTCAGAACGCCA-1	non_AST
CACGTTCAGATGGGTC-1	non_AST
CACGTTCCAACTCGAT-1	non_AST
CACGTTCTCCGTTAGA-1	non_AST
CACGTTCTCTACCCGT-1	non_AST
CACTAAGAGGAATGGA-1	non_AST
CACTAAGCAAATAGTG-1	non_AST
CACTAAGCAGCCACGT-1	non_AST
CACTAAGGTCGAGGAT-1	non_AST
CACTAAGTCTCGGCGA-1	non_AST
CACTGAACAACTCGTA-1	non_AST
CACTGAACACGTTGTA-1	non_AST
CACTGAACAGGCATTT-1	non_AST
CACTGAAGTGTCCAGC-1	non_AST
CACTGAATCCCGAAGC-1	non_AST
CACTGAATCGCGCCAA-1	non_AST
CACTGAATCTACCCGT-1	non_AST
CAGCCTTGTCCCTTTG-1	non_AST
CAGCCTTGTGGCATAG-1	non_AST
CAGCCTTTCGCTACCT-1	non_AST
CAGCCTTTCGTATAGC-1	non_AST
CAGCCTTTCTTAACGG-1	non_AST
CAGCTAAAGACGCCCT-1	non_AST
CAGCTAAAGGTTGTGG-1	non_AST
CAGCTAAGTTAGAGAT-1	non_AST
CAGCTAATCTAGTCGA-1	non_AST
CAGCTAATCTTTATCG-1	non_AST
CAGCTGGAGTAATGTG-1	non_AST
CAGCTGGAGTGGTGTG-1	non_AST
CAGCTGGCATCTGCAA-1	non_AST
CAGCTGGGTCATTGCA-1	non_AST
CAGCTGGGTGTTGTTG-1	non_AST
CAGCTGGTCAAAGTAG-1	non_AST
CAGCTGGTCCTATCCG-1	non_AST
CAGCTGGTCGATAGGG-1	non_AST
CAGCTGGTCTAAACGC-1	non_AST
CAGCTGGTCTGAGTAC-1	non_AST
CAGGATTAGTAGGTCG-1	non_AST
CAGGATTCAACTAGAA-1	non_AST
CAGGATTCAAGGATGC-1	non_AST
CAGGATTGTAGAAAGG-1	non_AST
CAGGGCTGTATTCGCA-1	non_AST
CAGGGCTGTCACATTG-1	non_AST
CAGGGCTGTTGTGAGG-1	non_AST
CAGGGCTTCCTCCATG-1	non_AST
CAGTATGAGAGTGGTC-1	non_AST
CAGTATGAGCTAGCAG-1	non_AST
CAGTATGCACAAACGG-1	non_AST
CAGTATGGTAATGTAG-1	non_AST
CAGTATGGTCTGGGAA-1	non_AST
CAGTGCGCAACTACTG-1	non_AST
CAGTGCGGTGCGACCT-1	non_AST
CAGTGCGTCGATAGGG-1	non_AST
CAGTGCGTCGCAACTA-1	non_AST
CAGTGCGTCGGTCAGC-1	non_AST
CAGTGCGTCTTCCACG-1	non_AST
CAGTGTAAGTAGTGTA-1	non_AST
CAGTGTAAGTTAGCAA-1	non_AST
CAGTGTAGTGAATGTA-1	non_AST
CAGTGTATCGCCAGAC-1	non_AST
CATAACGAGTCCGATT-1	non_AST
CATAACGCAGTATACC-1	non_AST
CATAACGGTCAGACGA-1	non_AST
CATAACGGTTACACTG-1	non_AST
CATGCCTAGAGCGGTT-1	non_AST
CATGCCTAGTTCGCGC-1	non_AST
CATGCCTCACGATTAC-1	non_AST
CATGCCTCACTCCACT-1	non_AST
CATGCCTCAGAGCCAA-1	non_AST
CATGCCTCATCGAGTT-1	non_AST
CATGCCTGTATTTGCG-1	non_AST
CATGCCTTCCATTGTT-1	non_AST
CATGCCTTCGAAGCCC-1	non_AST
CATGTTTAGTCACACT-1	non_AST
CATGTTTAGTCTAGAA-1	non_AST
CATGTTTAGTTGGAAT-1	non_AST
CATGTTTGTACGGATG-1	non_AST
CATTCATAGACGCCCT-1	non_AST
CATTCATAGTGGGACT-1	non_AST
CATTCATCATCACAGT-1	non_AST
CATTCATGTGAGTCGA-1	non_AST
CATTCATGTGCTTGAT-1	non_AST
CATTCATTCAGTAGTC-1	non_AST
CATTCATTCTGGACAT-1	non_AST
CATTCCGAGCTATCCA-1	non_AST
CATTCCGCAACTAGAA-1	non_AST
CATTCCGGTTGGCGAA-1	non_AST
CATTCCGTCAGGCGCT-1	non_AST
CATTCCGTCCGGCTGA-1	non_AST
CATTGGAAGAGTGGAA-1	non_AST
CATTGGAAGTTTGGAA-1	non_AST
CATTGGACATAGAATG-1	non_AST
CATTGGAGTACATGGG-1	non_AST
CATTGGATCTTACCTA-1	non_AST
CCAATGAAGCGCATTT-1	non_AST
CCAATGAAGTGATCTC-1	non_AST
CCAATGACAGTCAGAG-1	non_AST
CCAATGAGTATTCTCT-1	non_AST
CCACAGGTCCTGTAGA-1	non_AST
CCACAGGTCGAGAAGC-1	non_AST
CCACAGGTCGATGTAC-1	non_AST
CCACGTTTCCATCGAA-1	non_AST
CCAGAATAGGAAGAAC-1	non_AST
CCAGAATAGGTCTTTG-1	non_AST
CCAGAATAGTGGACGT-1	non_AST
CCAGAATCACTCCCAT-1	non_AST
CCAGAATCAGCCACGT-1	non_AST
CCAGAATGTATGCTAC-1	non_AST
CCAGAATGTCCTCAGG-1	non_AST
CCAGAATGTGGTAAGC-1	non_AST
CCAGAATTCAGTCACA-1	non_AST
CCAGAATTCCATTGAG-1	non_AST
CCAGATAGTCATGAGG-1	non_AST
CCAGATAGTCCAAGAG-1	non_AST
CCAGATAGTTCTGAGT-1	non_AST
CCAGATATCGCCTTAC-1	non_AST
CCAGATATCGTATAGC-1	non_AST
CCAGATATCTTTCGAT-1	non_AST
CCATACCAGTCGTACT-1	non_AST
CCATACCCACTCCTCA-1	non_AST
CCATACCCAGCTTACA-1	non_AST
CCATACCGTAGCGGTA-1	non_AST
CCATACCGTTGGCGAA-1	non_AST
CCATACCTCGAAGCCC-1	non_AST
CCATACCTCGATGTAC-1	non_AST
CCCACATAGATTCCGT-1	non_AST
CCCACATCAAGACACG-1	non_AST
CCCACATGTACGCAAG-1	non_AST
CCCACATGTCAACGGA-1	non_AST
CCCACATTCAGAATGA-1	non_AST
CCCAGAGAGGGTAATT-1	non_AST
CCCAGAGCACACACAT-1	non_AST
CCCAGAGCAGAACAGC-1	non_AST
CCCAGAGCATGGTAAA-1	non_AST
CCCAGAGGTATATGGA-1	non_AST
CCCAGAGGTTTGTGAC-1	non_AST
CCCGTTAAGGCCTCTG-1	non_AST
CCCGTTAAGTGAAACT-1	non_AST
CCCGTTACAAGGATGC-1	non_AST
CCCGTTATCCGGCTGA-1	non_AST
CCCGTTATCTATGAGC-1	non_AST
CCCTAACAGGTAGGCT-1	non_AST
CCCTAACCAACTTGGT-1	non_AST
CCCTAACCATCCCGGA-1	non_AST
CCCTAACCATCCGTGG-1	non_AST
CCCTAACGTCAGAGTG-1	non_AST
CCCTAACTCACCCGGA-1	non_AST
CCCTAACTCGTCTTAT-1	non_AST
CCCTAGTAGACTAGGC-1	non_AST
CCCTAGTAGGGCTTCC-1	non_AST
CCCTAGTAGTAGCAAT-1	non_AST
CCCTAGTAGTTCGACT-1	non_AST
CCCTAGTCAGCGCGTT-1	non_AST
CCCTAGTGTCTGGTTA-1	non_AST
CCCTAGTGTGCATTCA-1	non_AST
CCCTCTCAGACGCCCT-1	non_AST
CCCTCTCAGAGTTTGA-1	non_AST
CCCTCTCAGTCGTATC-1	non_AST
CCCTCTCCAACTTGGT-1	non_AST
CCCTCTCCAGCAACAG-1	non_AST
CCCTCTCGTAGTGATA-1	non_AST
CCCTCTCGTGCCGGTT-1	non_AST
CCCTCTCGTTCTTATC-1	non_AST
CCCTCTCTCGAGTGTT-1	non_AST
CCCTGATAGAATATCG-1	non_AST
CCCTGATCACTCGGAC-1	non_AST
CCCTGATTCTCTATTG-1	non_AST
CCGAAGCGTGCAGACA-1	non_AST
CCGAAGCTCAGAACGG-1	non_AST
CCGAAGCTCTGGGCGT-1	non_AST
CCGCATTGTAGCGTTT-1	non_AST
CCGCATTTCTATTGTC-1	non_AST
CCGTACTAGCGTCAAG-1	non_AST
CCGTACTCAATGTGCT-1	non_AST
CCGTACTCACTGCTCT-1	non_AST
CCGTAGGCACCATTCC-1	non_AST
CCGTAGGGTACCGGCT-1	non_AST
CCGTAGGGTATCTCAG-1	non_AST
CCGTGAGAGATCGATA-1	non_AST
CCGTGAGAGTCGGGAT-1	non_AST
CCGTGAGTCCATACCC-1	non_AST
CCGTGAGTCTCTGTTA-1	non_AST
CCTAAAGAGGCAGTGT-1	non_AST
CCTAAAGAGTCTGCTA-1	non_AST
CCTAAAGTCAGTACAC-1	non_AST
CCTATTAAGCGATACG-1	non_AST
CCTATTAAGCGTCTGC-1	non_AST
CCTATTAAGGCACTAG-1	non_AST
CCTATTACACCACAGC-1	non_AST
CCTATTACAGACCTGC-1	non_AST
CCTCCCTAGTACCCAT-1	non_AST
CCTCCCTTCGGTACTA-1	non_AST
CCTCCCTTCGTCTTAT-1	non_AST
CCTCCCTTCTTCCACG-1	non_AST
CCTGCTAAGCATTCCA-1	non_AST
CCTGCTAAGTGAAACT-1	non_AST
CCTGCTACACATTCTT-1	non_AST
CCTGGGAAGTGAGTTA-1	non_AST
CCTGGGAGTTAACCGT-1	non_AST
CCTGGGATCCCATAGA-1	non_AST
CCTGGGATCGGGAAAC-1	non_AST
CCTGGGATCTGAGTCA-1	non_AST
CCTTAATAGACCAATA-1	non_AST
CCTTAATAGGCGTAGT-1	non_AST
CCTTAATAGGTTCTCA-1	non_AST
CCTTAATCAGTATACC-1	non_AST
CCTTAATCATCCTCGT-1	non_AST
CCTTAATTCCCGTATC-1	non_AST
CCTTAATTCGTGATAC-1	non_AST
CCTTGCATCCCAGCGA-1	non_AST
CCTTGCATCGGGACAA-1	non_AST
CCTTGGTAGTTGCTTG-1	non_AST
CCTTGGTCACAAGGGT-1	non_AST
CCTTGGTCATGCACTA-1	non_AST
CCTTGGTGTACGAGAC-1	non_AST
CCTTGGTGTAGCGTTT-1	non_AST
CCTTGGTTCTTCCACG-1	non_AST
CGAGTTAAGGCAAGGG-1	non_AST
CGAGTTACAAGTAATG-1	non_AST
CGAGTTAGTATTCTGG-1	non_AST
CGATGATAGAGAGTAG-1	non_AST
CGATGATAGAGGAATG-1	non_AST
CGATGATAGCTTACCA-1	non_AST
CGATGATAGGTACTCT-1	non_AST
CGATGATAGGTAGGCT-1	non_AST
CGATGATAGTAGCAAT-1	non_AST
CGATGATAGTCCGGAA-1	non_AST
CGATGATAGTCTGGGA-1	non_AST
CGATGATGTATCTAGC-1	non_AST
CGATGATGTTTGAAGA-1	non_AST
CGATGATGTTTGCGAT-1	non_AST
CGCAATAAGACCGCAA-1	non_AST
CGCAATAAGATGTTGA-1	non_AST
CGCAATACAAGACACG-1	non_AST
CGCAATACAAGGATGC-1	non_AST
CGCAATACACTCCTCA-1	non_AST
CGCAATAGTATCACAC-1	non_AST
CGCAATAGTATCAGCT-1	non_AST
CGCAATAGTCAACTGT-1	non_AST
CGCAATATCAGAGTGG-1	non_AST
CGCACAGAGAATATCG-1	non_AST
CGCACAGGTTCAGTTG-1	non_AST
CGCACAGTCATACTTC-1	non_AST
CGCAGGTCAATTCAGC-1	non_AST
CGCAGGTCAGCTTACA-1	non_AST
CGCAGGTTCACCCTTG-1	non_AST
CGCAGGTTCTTTATCG-1	non_AST
CGCGCAAAGATAGGTT-1	non_AST
CGCGCAACATACTGCA-1	non_AST
CGCGCAAGTCCGTAGC-1	non_AST
CGCGCAAGTGATGCGA-1	non_AST
CGCGCAAGTTTAGAAG-1	non_AST
CGCTAGGAGCTGCCAC-1	non_AST
CGCTAGGGTCACTCTC-1	non_AST
CGCTAGGGTCTAAGAA-1	non_AST
CGCTAGGTCGACTGGC-1	non_AST
CGCTAGGTCTACATCT-1	non_AST
CGCTATCAGGAGACTC-1	non_AST
CGCTATCAGGTGATGC-1	non_AST
CGCTATCCAAGCAGGT-1	non_AST
CGCTATCCAAGGCGTA-1	non_AST
CGCTATCCACACATGT-1	non_AST
CGCTATCCACCTGTGG-1	non_AST
CGCTGGACAAGTTGCT-1	non_AST
CGCTGGACACGTGAAG-1	non_AST
CGCTGGAGTGATAGAT-1	non_AST
CGGACCAAGGCACCTC-1	non_AST
CGGACCAAGTGAGCTG-1	non_AST
CGGACCACAAGGGAGG-1	non_AST
CGGACCACACACTAGT-1	non_AST
CGGACCAGTACGTAAA-1	non_AST
CGGACCATCGCCGAAC-1	non_AST
CGGACTGCAATTCGTG-1	non_AST
CGGACTGCATACCCGG-1	non_AST
CGGACTGCATCTCACC-1	non_AST
CGGACTGGTCAGGTGA-1	non_AST
CGGACTGTCTGAACGT-1	non_AST
CGGACTGTCTTACTCA-1	non_AST
CGGTGCAAGGACTAGC-1	non_AST
CGGTGCAGTAGTCTGT-1	non_AST
CGGTGCAGTTTGAAGA-1	non_AST
CGGTGCAGTTTGTGAC-1	non_AST
CGTAAACAGCTCCGGT-1	non_AST
CGTAAACCAATAGCGG-1	non_AST
CGTAAACGTAAGCCGA-1	non_AST
CGTAAACTCCATTGTT-1	non_AST
CGTAAACTCCTGGAAT-1	non_AST
CGTACAAAGCTACGCC-1	non_AST
CGTACAACATTACCTT-1	non_AST
CGTACAAGTTTCGACA-1	non_AST
CGTACAATCGCCTTAC-1	non_AST
CGTACAATCTATATCC-1	non_AST
CGTGGCAAGACGTCAG-1	non_AST
CGTGGCAAGTTGACAA-1	non_AST
CGTGGCACAAGGAAGA-1	non_AST
CGTGGCAGTAAGCCTT-1	non_AST
CGTGGCAGTCTTAGCA-1	non_AST
CGTGGCATCAGCCGGT-1	non_AST
CGTGGCATCTACTTTG-1	non_AST
CGTTCCAAGTACAGTA-1	non_AST
CGTTCCAAGTTCAACC-1	non_AST
CGTTCCACAGATACAA-1	non_AST
CGTTCCAGTATGGATA-1	non_AST
CGTTCCAGTATTCGCA-1	non_AST
CGTTCCAGTGCTTACA-1	non_AST
CGTTCCATCTGTTGCC-1	non_AST
CTAACTTAGGCAGTGT-1	non_AST
CTAACTTCAGTAGTTC-1	non_AST
CTAACTTGTATCACAC-1	non_AST
CTAACTTGTCTCTGGG-1	non_AST
CTAACTTGTTCCTATT-1	non_AST
CTAACTTTCCAATAGC-1	non_AST
CTAACTTTCCGCCTAT-1	non_AST
CTAACTTTCGCGCTGA-1	non_AST
CTACAGAAGCCTTTGA-1	non_AST
CTACAGACAAACCTAC-1	non_AST
CTACAGAGTTATAGAG-1	non_AST
CTACAGATCAGAATGA-1	non_AST
CTACTTAAGTGGGACT-1	non_AST
CTACTTACAGGCAGAT-1	non_AST
CTACTTACATCGGCTG-1	non_AST
CTACTTAGTACCGGCT-1	non_AST
CTACTTAGTACGGAGT-1	non_AST
CTACTTAGTGAGGGTT-1	non_AST
CTACTTAGTGCTGTGC-1	non_AST
CTACTTAGTGGGTAGT-1	non_AST
CTACTTATCGATGTGT-1	non_AST
CTACTTATCGCTACCT-1	non_AST
CTAGCGGCAAGGCGTA-1	non_AST
CTAGCGGCAGTGCTCG-1	non_AST
CTAGGATAGGACTTTC-1	non_AST
CTAGGATCACCTGAAT-1	non_AST
CTAGGATCAGGGAGTT-1	non_AST
CTAGGATGTAATGCAA-1	non_AST
CTAGGGCTCCAGGGAA-1	non_AST
CTAGGGCTCGGTCCGA-1	non_AST
CTCAACCAGGTCGTTT-1	non_AST
CTCAACCAGTGGTGTG-1	non_AST
CTCAACCCAACAAACA-1	non_AST
CTCAACCCAGTTGGAG-1	non_AST
CTCAACCTCCGGCGAT-1	non_AST
CTCACCAAGCTAGTTC-1	non_AST
CTCACCAAGGCAGTAC-1	non_AST
CTCACCACATGACTGT-1	non_AST
CTCACCAGTCCCTTTG-1	non_AST
CTCACCAGTTACTTTC-1	non_AST
CTCACCATCTATTTCG-1	non_AST
CTCAGAACAAACGTTC-1	non_AST
CTCAGAAGTGCACCCA-1	non_AST
CTCAGAATCCGAATTG-1	non_AST
CTCAGAATCGAAGCCC-1	non_AST
CTCAGAATCTCTTCCT-1	non_AST
CTCAGCTAGTCAACTC-1	non_AST
CTCAGCTGTTCCATCC-1	non_AST
CTCATGCAGAAGAGTG-1	non_AST
CTCATGCTCCTCATTA-1	non_AST
CTCCCAAAGCTACGTT-1	non_AST
CTCCCAAAGGTCTTTG-1	non_AST
CTCCCAAGTTCCTGTC-1	non_AST
CTCGCTAAGAGACTCG-1	non_AST
CTCGCTAAGAGCCACA-1	non_AST
CTCGCTAAGCCCATGC-1	non_AST
CTCGCTACATGGGTGA-1	non_AST
CTCGCTAGTCAACTAC-1	non_AST
CTCGCTAGTCATAGAA-1	non_AST
CTCGCTATCAAAGTAG-1	non_AST
CTCGCTATCTGCGTCT-1	non_AST
CTCTACGAGTAGTTCC-1	non_AST
CTCTACGAGTGCTAGG-1	non_AST
CTCTACGAGTTCCCGG-1	non_AST
CTCTACGGTATCAGCT-1	non_AST
CTCTACGTCCCACTAC-1	non_AST
CTCTAGCAGGAAGGTA-1	non_AST
CTCTAGCAGTAACTCC-1	non_AST
CTCTAGCAGTCAGCCC-1	non_AST
CTCTAGCCAAATGCTC-1	non_AST
CTCTAGCCAATCACTG-1	non_AST
CTCTAGCTCCCGTAGG-1	non_AST
CTCTAGCTCCGGGCAT-1	non_AST
CTCTCAGAGAATGCTA-1	non_AST
CTCTCAGAGAGGAATG-1	non_AST
CTCTCAGAGTTCCAGT-1	non_AST
CTCTCAGCACCTGAAT-1	non_AST
CTCTCAGCACTCGTGG-1	non_AST
CTCTCAGCATTGTGAC-1	non_AST
CTCTCGACACCGTTGG-1	non_AST
CTCTCGACACTAGGAG-1	non_AST
CTCTCGAGTGCTGTGC-1	non_AST
CTCTCGAGTGTCTACA-1	non_AST
CTCTCGATCGACTTAG-1	non_AST
CTGAATGAGTACAGAT-1	non_AST
CTGAATGCAAAGAGAG-1	non_AST
CTGAATGCATCGCCTT-1	non_AST
CTGAATGGTGCGTTTA-1	non_AST
CTGAATGGTTCAGTAC-1	non_AST
CTGAATGGTTGCAGAG-1	non_AST
CTGAATGTCCATGACA-1	non_AST
CTGCGTTGTGCGCTCA-1	non_AST
CTGCGTTGTGTCTACA-1	non_AST
CTGCGTTTCAAGGCCC-1	non_AST
CTGCGTTTCAGCGGTC-1	non_AST
CTGCTCAAGGGTTCTT-1	non_AST
CTGGCAGAGCAGAATT-1	non_AST
CTGGCAGCATAGCCAT-1	non_AST
CTGGCAGCATCCGTAA-1	non_AST
CTGGCAGGTCGGCTGT-1	non_AST
CTGGCAGGTGCACTTA-1	non_AST
CTGGCAGGTGGAAAGA-1	non_AST
CTGGCAGGTTCTGATG-1	non_AST
CTGGCAGGTTGGCGAA-1	non_AST
CTGGCAGTCAATTCCT-1	non_AST
CTGGCAGTCCCAATGA-1	non_AST
CTGGCAGTCGTGGCGT-1	non_AST
CTGGCAGTCGTTGTTT-1	non_AST
CTGGGACAGGAGAACA-1	non_AST
CTGGGACCATCGTGAT-1	non_AST
CTGGGACTCGAGCGCT-1	non_AST
CTGGGACTCGAGGTAG-1	non_AST
CTGGGACTCTGAAAGA-1	non_AST
CTGTATTAGCCGCAAA-1	non_AST
CTGTATTAGCCTTTGA-1	non_AST
CTGTATTAGTAATCAG-1	non_AST
CTGTATTCAGGGTAAC-1	non_AST
CTGTATTCATCATGTG-1	non_AST
CTGTTCGAGGTGTTGG-1	non_AST
CTGTTCGCAGTAACTC-1	non_AST
CTGTTCGCATTAAGGA-1	non_AST
CTGTTCGGTCCCGTGA-1	non_AST
CTTAATCCAGCGCGTT-1	non_AST
CTTAATCCATAGACGG-1	non_AST
CTTAATCGTGTACGCC-1	non_AST
CTTAATCGTTAGGCTT-1	non_AST
CTTAATCTCGCTATAG-1	non_AST
CTTAATCTCTGGCACG-1	non_AST
CTTCCAGAGACTCTTG-1	non_AST
CTTCCAGAGATTAGAC-1	non_AST
CTTCCAGAGCGTGTTT-1	non_AST
CTTCCAGAGTCCTTCC-1	non_AST
CTTCCAGCATCGGCCA-1	non_AST
CTTCCAGGTCATTGCA-1	non_AST
CTTCCAGGTGATAGAT-1	non_AST
CTTCCAGTCCGAGGAA-1	non_AST
CTTCCAGTCGCTTGAA-1	non_AST
CTTCTAACATGTGAGG-1	non_AST
CTTCTAAGTGGAAGCT-1	non_AST
CTTGAAGAGGAGACTC-1	non_AST
CTTGAAGAGTTAGCGG-1	non_AST
CTTGAAGCAAGTCTGT-1	non_AST
CTTGAAGCACTGTTAG-1	non_AST
CTTGAAGGTGGGTAGT-1	non_AST
CTTGAAGTCTGATCTT-1	non_AST
CTTGCCAAGAGCGAAA-1	non_AST
CTTGCCACACGTTACA-1	non_AST
CTTGCCAGTATCTAGC-1	non_AST
CTTGCCAGTCAGGCTC-1	non_AST
CTTGCCAGTCTGTGTA-1	non_AST
CTTGCCAGTTACGGAG-1	non_AST
CTTGCCATCCATCGAA-1	non_AST
CTTGCCATCGACCCGA-1	non_AST
CTTGCTGGTAAGTGCG-1	non_AST
CTTGCTGGTCAGCTTA-1	non_AST
CTTGTCGAGACACTTC-1	non_AST
CTTGTCGAGACTTCCA-1	non_AST
CTTGTCGAGGCTTCGC-1	non_AST
CTTGTCGAGGTCTTTG-1	non_AST
CTTGTCGAGTTACACC-1	non_AST
CTTGTCGCACATCATG-1	non_AST
CTTGTCGGTACGCAAG-1	non_AST
CTTGTCGGTCCAAGTT-1	non_AST
CTTGTCGGTCGTAATC-1	non_AST
CTTGTCGGTGGTAGAC-1	non_AST
CTTGTCGTCAGAATGA-1	non_AST
CTTTGCGCAAGGAGGG-1	non_AST
CTTTGCGCAGTTGCAT-1	non_AST
CTTTGCGGTCATAAGA-1	non_AST
CTTTGCGGTCCGTCGA-1	non_AST
CTTTGCGGTTGGGAAC-1	non_AST
CTTTGCGTCCAATAGC-1	non_AST
CTTTGCGTCTTGCGCT-1	non_AST
GAAACAACATTATGGC-1	non_AST
GAAACAAGTGACAAGC-1	non_AST
GAAACAAGTGCAGACA-1	non_AST
GAAACAATCCTCCTGA-1	non_AST
GAAAGTACAGATAAGT-1	non_AST
GAAAGTAGTTTGCCCT-1	non_AST
GAAAGTATCTCGCGTT-1	non_AST
GAAATGAAGCTGCTCG-1	non_AST
GAAATGACAGGTCTGC-1	non_AST
GAAATGAGTCAGTGTT-1	non_AST
GAAATGAGTTAAGGGC-1	non_AST
GAAATGATCAGGAATA-1	non_AST
GAAATGATCGGTTAGT-1	non_AST
GAACCGCCACATTCTT-1	non_AST
GAACCGCGTATTGTGC-1	non_AST
GAACCGCGTCAAACAA-1	non_AST
GAACCGCGTTTCGACA-1	non_AST
GAACCGCTCCCTACGT-1	non_AST
GAACCGCTCGAGAAGC-1	non_AST
GAACCGCTCGCACCGA-1	non_AST
GAACCGCTCTATGAGC-1	non_AST
GAACCTAAGACTTCCA-1	non_AST
GAACCTAAGGTTGTTC-1	non_AST
GAACCTAAGTACTCTG-1	non_AST
GAACCTACAACTCGAT-1	non_AST
GAACCTACATAGACGG-1	non_AST
GAACCTAGTACCCATA-1	non_AST
GAACGTTCACATATCG-1	non_AST
GAACGTTCACCGATCG-1	non_AST
GAACGTTGTTAGGCTT-1	non_AST
GAACTTGAGATATGTG-1	non_AST
GAACTTGAGCTCGTTA-1	non_AST
GAACTTGAGGGTCTGA-1	non_AST
GAACTTGGTACGTAGG-1	non_AST
GAACTTGGTAGTGATA-1	non_AST
GAACTTGGTCAGACGA-1	non_AST
GAACTTGTCGAGAAGC-1	non_AST
GAACTTGTCGCAGATT-1	non_AST
GAAGAGCAGAGAAGCA-1	non_AST
GAAGAGCTCCCATAGA-1	non_AST
GAAGTCTCAGGTGGTA-1	non_AST
GAAGTCTGTGGACCAA-1	non_AST
GAAGTCTTCTCTGCGT-1	non_AST
GAAGTGGAGCAGGAGG-1	non_AST
GAAGTGGAGCCTATAC-1	non_AST
GAATCTGAGGTAAGTT-1	non_AST
GAATCTGGTTTGCATG-1	non_AST
GAATCTGTCCTTTGAT-1	non_AST
GAATCTGTCTTGCGCT-1	non_AST
GACCAATAGGCAGTAC-1	non_AST
GACCAATCAAAGCATA-1	non_AST
GACCAATCACACACAT-1	non_AST
GACCAATCACGCGTTG-1	non_AST
GACCAATGTAACCGAG-1	non_AST
GACCAATGTCACATTG-1	non_AST
GACCAATTCGATATGC-1	non_AST
GACCAATTCGATCTTT-1	non_AST
GACCAATTCGGAAAGC-1	non_AST
GACCAATTCGTCTTAT-1	non_AST
GACCAATTCGTGCTTC-1	non_AST
GACCCAGAGGCACTAG-1	non_AST
GACCCAGCAAGAAACT-1	non_AST
GACCCAGCAGATAAGT-1	non_AST
GACCCAGGTAGGTAAT-1	non_AST
GACCCAGGTCAGGCTC-1	non_AST
GACCCAGGTCCGTAGC-1	non_AST
GACCCAGTCGGGTCCA-1	non_AST
GACCGACCATAGCCGC-1	non_AST
GACCGACTCATCGCCT-1	non_AST
GACCGACTCCCTACCA-1	non_AST
GACCTTCCAATAGCGG-1	non_AST
GACCTTCCAATCATCG-1	non_AST
GACCTTCCACCGTTGG-1	non_AST
GACCTTCCACGGCCAT-1	non_AST
GACCTTCGTCCGAGCT-1	non_AST
GACCTTCTCCGAGGAA-1	non_AST
GACTAACCAATGATGA-1	non_AST
GACTAACTCGCACCGA-1	non_AST
GACTAGTAGGTTCGTT-1	non_AST
GACTAGTCAGGACTGA-1	non_AST
GACTAGTTCGCAAACT-1	non_AST
GAGAACGAGCCTATAC-1	non_AST
GAGAACGAGCCTTTGA-1	non_AST
GAGAACGAGTCTCCAA-1	non_AST
GAGAACGCAACGTACT-1	non_AST
GAGAACGCACCACAGC-1	non_AST
GAGAACGCACCTCGTT-1	non_AST
GAGAACGCATGATCGT-1	non_AST
GAGAACGTCTCTTCTC-1	non_AST
GAGACTTAGAGGAATG-1	non_AST
GAGACTTCATAGTCCA-1	non_AST
GAGACTTGTAGGTAAT-1	non_AST
GAGACTTGTCAAACAA-1	non_AST
GAGACTTTCGACTTAG-1	non_AST
GAGATTCAGGGATCCA-1	non_AST
GAGATTCAGGGTCTGA-1	non_AST
GAGATTCGTCCCGAGT-1	non_AST
GAGATTCGTCCGTAGC-1	non_AST
GAGATTCTCGATAGCT-1	non_AST
GAGATTCTCGTGCTGG-1	non_AST
GAGCATTAGAGAACCC-1	non_AST
GAGCATTAGTGAACCG-1	non_AST
GAGCATTCATCGCCTT-1	non_AST
GAGCATTGTTGGCTTA-1	non_AST
GAGCATTTCCACACCT-1	non_AST
GAGCGCTAGTCGACCC-1	non_AST
GAGCGCTCAAGTTCGT-1	non_AST
GAGCGCTCAGGCATTT-1	non_AST
GAGCGCTCAGGTAGGT-1	non_AST
GAGCGCTGTGAGGTCA-1	non_AST
GAGGATGAGAGCCACA-1	non_AST
GAGGATGCAACGGGTA-1	non_AST
GAGGATGCACTAGGAG-1	non_AST
GAGGATGGTCAAGACG-1	non_AST
GAGGATGGTTCTGATG-1	non_AST
GAGGCTCAGGTACATA-1	non_AST
GAGGCTCGTAACGGTG-1	non_AST
GAGGCTCGTGAGGGTT-1	non_AST
GAGGCTCGTTCGGGAA-1	non_AST
GAGGTCCCAGAACAGC-1	non_AST
GAGGTCCCATCTCTCG-1	non_AST
GAGGTCCCATGTGGGA-1	non_AST
GAGGTCCGTGGACAGT-1	non_AST
GAGGTCCTCGTGATAC-1	non_AST
GAGTGAGAGAGACTCG-1	non_AST
GAGTGAGAGGAGTACC-1	non_AST
GAGTGAGGTTGCCGCA-1	non_AST
GAGTGAGTCCTTACGC-1	non_AST
GAGTGAGTCTGAGTCA-1	non_AST
GATCATGAGTGATATG-1	non_AST
GATCATGCAAAGAAGG-1	non_AST
GATCATGCAACAAACA-1	non_AST
GATCGTAAGATAGGTT-1	non_AST
GATCGTAAGCGAGCTA-1	non_AST
GATCGTAAGGATTGAT-1	non_AST
GATCGTAAGGTACATA-1	non_AST
GATCGTAAGTCGTGAG-1	non_AST
GATCGTACACATTGCA-1	non_AST
GATCGTACACGCGATC-1	non_AST
GATCGTACATGCGTTA-1	non_AST
GATCGTAGTACTAGAA-1	non_AST
GATCGTAGTTCTCGAA-1	non_AST
GATGATCAGGAAGAAC-1	non_AST
GATGATCAGTCTAGAA-1	non_AST
GATGATCGTTACACTG-1	non_AST
GATGATCTCAAGGCCC-1	non_AST
GATGATCTCGCAGATT-1	non_AST
GATGGCCAGAACTAAC-1	non_AST
GATGGCCCAAAGACGC-1	non_AST
GATGGCCCATGTATCG-1	non_AST
GATGGCCGTACTTGAC-1	non_AST
GATGGCCGTCCTATTT-1	non_AST
GATGGCCTCCGATGCG-1	non_AST
GATGGCCTCTATAGGC-1	non_AST
GATGGCCTCTTTATCG-1	non_AST
GATTAGCCAACTACTG-1	non_AST
GATTAGCCAGCGTACC-1	non_AST
GATTAGCCATTAACGC-1	non_AST
GATTAGCGTTTCTACT-1	non_AST
GATTAGCTCTATCTAC-1	non_AST
GATTGACAGGCCAGTA-1	non_AST
GATTGACAGGGAAATG-1	non_AST
GATTGACCAAGTCCTA-1	non_AST
GATTGACCAGCTTACA-1	non_AST
GATTGACGTCACAGGA-1	non_AST
GATTGACGTCATTGCA-1	non_AST
GATTGACTCGACTTAG-1	non_AST
GATTGACTCTCTGACC-1	non_AST
GCAAAGGAGACTAGCG-1	non_AST
GCAAAGGAGCTCCGGT-1	non_AST
GCAAAGGAGGCCAATG-1	non_AST
GCAAAGGAGTTCAGGG-1	non_AST
GCAAAGGTCAATTCCT-1	non_AST
GCAAAGGTCAGTCTTT-1	non_AST
GCAAAGGTCGATCTTT-1	non_AST
GCAACCGAGAGGAAGT-1	non_AST
GCAACCGAGGTTGTGG-1	non_AST
GCAACCGAGTCTCTAG-1	non_AST
GCAACCGCAGAACTTC-1	non_AST
GCAACCGTCGAGAAGC-1	non_AST
GCACCTTCAAACCGAG-1	non_AST
GCACCTTCAGTTAAAG-1	non_AST
GCACCTTGTTACACTG-1	non_AST
GCACCTTTCAGTTGAC-1	non_AST
GCACGCAAGGGAAGCG-1	non_AST
GCACGCAAGTATGGGC-1	non_AST
GCACGCAAGTGAGCTG-1	non_AST
GCACGCAGTGGAAGCT-1	non_AST
GCACGCATCACAGGGA-1	non_AST
GCACGCATCTAAACGC-1	non_AST
GCACGGTAGAGGAATG-1	non_AST
GCACGGTAGCTAACAA-1	non_AST
GCACGGTAGCTCGTTA-1	non_AST
GCACGGTAGTGTCGCC-1	non_AST
GCACGGTAGTTCAGGG-1	non_AST
GCACGGTCATCATGTG-1	non_AST
GCACGGTGTAATGTGA-1	non_AST
GCACGGTGTGCCCGAT-1	non_AST
GCACGGTGTGGACCAA-1	non_AST
GCACGGTGTGGCCTCA-1	non_AST
GCACGGTTCCTTGACC-1	non_AST
GCACGGTTCGACCCGA-1	non_AST
GCAGATTAGTTACCAC-1	non_AST
GCAGATTCAAGCGGTA-1	non_AST
GCAGATTCACTCCTCA-1	non_AST
GCAGATTCAGCAGGTA-1	non_AST
GCAGATTCATTGCACA-1	non_AST
GCAGATTTCAAGAGGC-1	non_AST
GCAGCCACAAGAGCGT-1	non_AST
GCAGCCACACTCGCAG-1	non_AST
GCAGCCACAGGCACAA-1	non_AST
GCAGCCAGTTGGGAAC-1	non_AST
GCAGCCATCGCGCCAA-1	non_AST
GCAGCTGAGACTTCCA-1	non_AST
GCAGCTGAGGCAAGCT-1	non_AST
GCAGCTGCACCTATTT-1	non_AST
GCAGCTGCACCTGAAT-1	non_AST
GCAGCTGGTAATGTGA-1	non_AST
GCAGCTGTCCGCCTAT-1	non_AST
GCAGCTGTCTGGAAGG-1	non_AST
GCATGATAGCCCATGC-1	non_AST
GCATGATCATGGGTGA-1	non_AST
GCATGATCATTATGGC-1	non_AST
GCATGATGTGGCCTTG-1	non_AST
GCATGATGTTCCCGGA-1	non_AST
GCATTCCTCACGTGTA-1	non_AST
GCATTCCTCATTCGGA-1	non_AST
GCATTCCTCCCGGGTA-1	non_AST
GCATTCCTCCGAGAGA-1	non_AST
GCATTCCTCGTCTAGA-1	non_AST
GCATTGAAGACACTTC-1	non_AST
GCATTGAAGAGGAATG-1	non_AST
GCATTGAAGCAGAAAG-1	non_AST
GCATTGAAGGTGTCGA-1	non_AST
GCATTGACACCTGTGG-1	non_AST
GCATTGACAGCCACGT-1	non_AST
GCATTGAGTGCTTTGA-1	non_AST
GCATTGAGTGGTGGTA-1	non_AST
GCATTGAGTTGCTTGA-1	non_AST
GCATTGATCTTCCACG-1	non_AST
GCCAGACCAAATAGTG-1	non_AST
GCCAGACCACATTGCA-1	non_AST
GCCAGACCATTCGTCC-1	non_AST
GCCAGACGTAGTTTGC-1	non_AST
GCCAGCAAGAACTCCT-1	non_AST
GCCAGCAAGATGGCAC-1	non_AST
GCCAGCAAGCACACCC-1	non_AST
GCCAGCAAGGCAAGCT-1	non_AST
GCCAGCAAGGCTTTAC-1	non_AST
GCCAGCAGTAGGTAAT-1	non_AST
GCCAGCAGTATTGTGC-1	non_AST
GCCAGCATCAAGTTGC-1	non_AST
GCCATAAAGAAGACTT-1	non_AST
GCCATAACAACTGCGC-1	non_AST
GCCATAAGTACGGAGT-1	non_AST
GCCATAAGTAGCAGCA-1	non_AST
GCCATAAGTAGCATGG-1	non_AST
GCCATAAGTCTTAGCA-1	non_AST
GCCATAAGTTAGCTCA-1	non_AST
GCCATAAGTTTAAGGA-1	non_AST
GCCATAATCCGTCAAA-1	non_AST
GCCATAATCTCCTTGG-1	non_AST
GCCCAGAAGTAGCAAT-1	non_AST
GCCCAGACACTCCCAT-1	non_AST
GCCCAGACATAAAGTG-1	non_AST
GCCCAGATCGCGCCAA-1	non_AST
GCCCAGATCTAGCAGT-1	non_AST
GCCCGAACAACTACTG-1	non_AST
GCCCGAACATCCCAAA-1	non_AST
GCCCGAACATGCTATG-1	non_AST
GCCCGAATCGTCTAGA-1	non_AST
GCCTACTAGGTTAACA-1	non_AST
GCCTACTCAATGCCAT-1	non_AST
GCCTACTCACACATGT-1	non_AST
GCCTACTGTAACCGAG-1	non_AST
GCCTACTGTTGTATCG-1	non_AST
GCCTACTTCGATGTAC-1	non_AST
GCCTAGGAGCAGAAAG-1	non_AST
GCCTAGGGTAATGCAA-1	non_AST
GCCTAGGGTAGATTAG-1	non_AST
GCCTAGGGTGGATTCT-1	non_AST
GCGAGAACACTGAAGG-1	non_AST
GCGAGAAGTCTGGTTA-1	non_AST
GCGAGAATCAGTACAC-1	non_AST
GCGAGTCAGAGAGTTT-1	non_AST
GCGAGTCAGTATAGTG-1	non_AST
GCGAGTCAGTCATCTG-1	non_AST
GCGAGTCAGTTGACAA-1	non_AST
GCGAGTCAGTTTACGC-1	non_AST
GCGAGTCCACATTCTT-1	non_AST
GCGAGTCCATGGTATC-1	non_AST
GCGAGTCTCAGCACGC-1	non_AST
GCGAGTCTCCGTGCAG-1	non_AST
GCGAGTCTCTCTCAAT-1	non_AST
GCGATCGAGAAAGGGT-1	non_AST
GCGATCGAGAGGAATG-1	non_AST
GCGATCGAGGCAGTGT-1	non_AST
GCGATCGAGTAACACA-1	non_AST
GCGATCGCAATCATCG-1	non_AST
GCGATCGGTGTTGTTG-1	non_AST
GCGATCGGTTCCAATG-1	non_AST
GCGATCGTCGGTACTA-1	non_AST
GCGATCGTCTATCCTA-1	non_AST
GCGATTAAGACAGCTG-1	non_AST
GCGATTACAAGTCTGT-1	non_AST
GCGATTACATGTAGAA-1	non_AST
GCGATTACATGTGAGG-1	non_AST
GCGATTAGTCACAGGA-1	non_AST
GCGATTATCGAGAACG-1	non_AST
GCGATTATCTGGACAT-1	non_AST
GCGCATGAGACCAATA-1	non_AST
GCGCATGAGCTCGTTA-1	non_AST
GCGCATGCAAACTACC-1	non_AST
GCGCATGGTATGGGTG-1	non_AST
GCGCATGGTTCAGAAA-1	non_AST
GCGCATGTCTAAGGTC-1	non_AST
GCGCCAAGTCTCTGCT-1	non_AST
GCGCCAAGTGCCCGAT-1	non_AST
GCGCCAAGTTTGACCA-1	non_AST
GCGCCAATCCTTGACC-1	non_AST
GCGCCAATCTTCTTCC-1	non_AST
GCGGAAAAGCGATACG-1	non_AST
GCGGAAAAGTTTGGAA-1	non_AST
GCGGAAACAGGACCTC-1	non_AST
GCGGAAACATCGGCCA-1	non_AST
GCGGAAAGTTTAGACC-1	non_AST
GCGGGTTAGCAGAATT-1	non_AST
GCGGGTTCAAGATGCG-1	non_AST
GCGGGTTCAATCCATG-1	non_AST
GCGGGTTCATGTCCCT-1	non_AST
GCGGGTTGTCACAGTT-1	non_AST
GCGGGTTTCCAATCCC-1	non_AST
GCGGGTTTCGAGGTAG-1	non_AST
GCGGGTTTCTGGCCAG-1	non_AST
GCGGTGTAGACAGTGC-1	non_AST
GCGGTGTCAACGTCGC-1	non_AST
GCGGTGTCACATTGCA-1	non_AST
GCGGTGTCAGAGATGC-1	non_AST
GCGGTGTGTTCCCTTG-1	non_AST
GCGGTGTTCGGGCTCA-1	non_AST
GCGTAGCCAAGGTCGA-1	non_AST
GCGTAGCCAATGGCTT-1	non_AST
GCGTAGCCACAGTTCA-1	non_AST
GCGTAGCCATTTGTTC-1	non_AST
GCGTAGCGTACCTATG-1	non_AST
GCGTAGCGTCTGGGAA-1	non_AST
GCGTAGCGTTCAGTTG-1	non_AST
GCGTTGGCAGAGTCGA-1	non_AST
GCGTTGGTCCAGGTCG-1	non_AST
GCGTTGGTCTGGCACG-1	non_AST
GCTCACTCATTGTTCT-1	non_AST
GCTCACTTCGGAGTTT-1	non_AST
GCTCAGGAGTCCGTGC-1	non_AST
GCTCAGGCAGGCAGAT-1	non_AST
GCTCAGGGTCGCGCTA-1	non_AST
GCTCAGGGTGCATTGT-1	non_AST
GCTCAGGTCATTCGGA-1	non_AST
GCTCCTAAGACTAGGC-1	non_AST
GCTCCTAAGTGAGTGC-1	non_AST
GCTCCTAAGTGCAACG-1	non_AST
GCTCCTACACAGGTAG-1	non_AST
GCTCCTACATTGTTCT-1	non_AST
GCTCCTAGTACCAAGG-1	non_AST
GCTCGAGAGCGCCTAC-1	non_AST
GCTCGAGAGTTGCTTG-1	non_AST
GCTCGAGCACCCTTAC-1	non_AST
GCTCGAGGTCTAACCA-1	non_AST
GCTCGAGGTTCGGGAA-1	non_AST
GCTCGAGGTTTCCGGG-1	non_AST
GCTCGAGTCGTGTGCG-1	non_AST
GCTGAGCCACCACGAC-1	non_AST
GCTGAGCGTTACTACG-1	non_AST
GCTGAGCGTTTCGATG-1	non_AST
GCTGAGCTCCAGGCCA-1	non_AST
GCTGCGAGTCGAGGTA-1	non_AST
GCTGCGAGTTCGGGAA-1	non_AST
GCTGCGAGTTGCAGAG-1	non_AST
GCTGTTCAGACAACGC-1	non_AST
GCTGTTCAGCTTACCA-1	non_AST
GCTGTTCCATAGAATG-1	non_AST
GCTGTTCGTGGTAAGC-1	non_AST
GCTTAAGTCTCGCGTT-1	non_AST
GCTTGCTCACAAGGGT-1	non_AST
GCTTGCTTCCCTAAAG-1	non_AST
GCTTGCTTCCTTGACC-1	non_AST
GCTTGCTTCTATGAGC-1	non_AST
GCTTTCGAGGTCTTTG-1	non_AST
GCTTTCGGTCGCTACG-1	non_AST
GCTTTCGGTGCTTACA-1	non_AST
GCTTTCGTCGCTATTT-1	non_AST
GCTTTCGTCTCTCAAT-1	non_AST
GGAACCCAGAGGCCTA-1	non_AST
GGAACCCAGGTTACAA-1	non_AST
GGAACCCCACCTGTGG-1	non_AST
GGAACCCGTATCTAGC-1	non_AST
GGAACCCGTCGAGGAT-1	non_AST
GGAACCCTCCCGTAGG-1	non_AST
GGAACTTAGCGTTAGG-1	non_AST
GGAACTTAGGAAGAAC-1	non_AST
GGAACTTAGGATTGAT-1	non_AST
GGAACTTAGGCTGGAT-1	non_AST
GGAACTTGTATGGGTG-1	non_AST
GGAACTTGTCTGCGCA-1	non_AST
GGAATCTAGCAATAAC-1	non_AST
GGAATCTCACAGTTCA-1	non_AST
GGAATCTCATCCGTAA-1	non_AST
GGAATCTGTGATAGAT-1	non_AST
GGAATCTTCGTATAGC-1	non_AST
GGACACCAGGTTTCTG-1	non_AST
GGACACCCACTGCTCT-1	non_AST
GGACACCGTCCCGTGA-1	non_AST
GGACACCGTCTGGTTA-1	non_AST
GGAGAACAGATTAGAC-1	non_AST
GGAGAACAGGGCTCTC-1	non_AST
GGAGAACCATGGGTGA-1	non_AST
GGAGAACTCGATGTGT-1	non_AST
GGAGAACTCGTCCCAT-1	non_AST
GGAGAACTCTGACATG-1	non_AST
GGAGGATAGTCGAGCA-1	non_AST
GGAGGATCAGCACATT-1	non_AST
GGAGGATGTCACATTG-1	non_AST
GGAGGATTCACCCTTG-1	non_AST
GGAGGATTCCGCCTAT-1	non_AST
GGAGGATTCGTGCTGG-1	non_AST
GGAGTAGAGTCGCCTG-1	non_AST
GGAGTAGCAAGACACG-1	non_AST
GGAGTAGCAGCAATGG-1	non_AST
GGAGTAGGTATGCTAC-1	non_AST
GGAGTAGGTTAGGCTT-1	non_AST
GGAGTAGTCTAGCAGT-1	non_AST
GGAGTAGTCTCAGATG-1	non_AST
GGAGTAGTCTTCTCTC-1	non_AST
GGATAGGAGACCAATA-1	non_AST
GGATAGGAGGCTTCGC-1	non_AST
GGATAGGCATGACTGT-1	non_AST
GGATAGGGTTGGCTTA-1	non_AST
GGATAGGTCGTCTAGA-1	non_AST
GGATGAGAGAATCAGT-1	non_AST
GGATGAGAGACCCATT-1	non_AST
GGATGAGAGAGCTGTG-1	non_AST
GGATGAGAGTGAGTTA-1	non_AST
GGATGAGAGTGTCGGA-1	non_AST
GGATGAGCAATGGCAG-1	non_AST
GGATGAGCACTGATAC-1	non_AST
GGATGAGCATGCGACC-1	non_AST
GGCACGTCAATAGCGG-1	non_AST
GGCACGTCATCCTCGT-1	non_AST
GGCACGTTCACCCGGA-1	non_AST
GGCATTAAGAACAGGA-1	non_AST
GGCATTAGTCGAGAAC-1	non_AST
GGCATTAGTTCCAATG-1	non_AST
GGCGAAAAGAACCCGA-1	non_AST
GGCGAAACAATGCATC-1	non_AST
GGCGAAAGTGTGTGTT-1	non_AST
GGCGTTGAGACGTCAG-1	non_AST
GGCGTTGAGAGATTAC-1	non_AST
GGCGTTGAGATAGGTT-1	non_AST
GGCGTTGAGGGTGTTG-1	non_AST
GGCGTTGCACGCGATC-1	non_AST
GGCGTTGGTCTGAGCC-1	non_AST
GGCGTTGGTTAGTAGA-1	non_AST
GGCGTTGGTTGTATCG-1	non_AST
GGGAACAAGCAGGACT-1	non_AST
GGGAACACAAGTGGCA-1	non_AST
GGGAACACAATGGTAA-1	non_AST
GGGAACACATGATCGT-1	non_AST
GGGAACAGTCAGCAAG-1	non_AST
GGGAACAGTGTGCGTC-1	non_AST
GGGACCTGTATCATGC-1	non_AST
GGGCCATAGCTGAAAT-1	non_AST
GGGCCATAGTCTGTGT-1	non_AST
GGGCCATAGTTGGAAT-1	non_AST
GGGCCATCAAGGCTTT-1	non_AST
GGGCCATCACGCCGAT-1	non_AST
GGGCCATGTCCAACCG-1	non_AST
GGGCCATGTTAGGAAT-1	non_AST
GGGCCATGTTGGACGA-1	non_AST
GGGCCATTCGACCCGA-1	non_AST
GGGTCTGAGTCAGGAC-1	non_AST
GGGTCTGCACGCGCAT-1	non_AST
GGGTCTGGTGCATTCA-1	non_AST
GGGTCTGGTGTAGGAC-1	non_AST
GGGTCTGGTTACCCAA-1	non_AST
GGGTCTGTCTCTGTTA-1	non_AST
GGGTGTCAGTCTGCTA-1	non_AST
GGGTGTCCACGCGATC-1	non_AST
GGGTGTCCACTCCACT-1	non_AST
GGGTGTCCAGGCTACC-1	non_AST
GGGTGTCGTTGTATCG-1	non_AST
GGGTGTCTCCTCTCTT-1	non_AST
GGGTTATCAGAATGCG-1	non_AST
GGGTTATCATTACCTT-1	non_AST
GGGTTATGTAGATGAT-1	non_AST
GGGTTATGTGAGTAAT-1	non_AST
GGGTTATTCGGCTATA-1	non_AST
GGTACCGAGGCCAATG-1	non_AST
GGTACCGAGTGAGTTA-1	non_AST
GGTACCGCACTGTCAA-1	non_AST
GGTACCGCATCGAGTT-1	non_AST
GGTACCGGTAGCAGGT-1	non_AST
GGTAGGAAGAAGAGTG-1	non_AST
GGTAGGAAGCACGTAG-1	non_AST
GGTAGGACACAAGGGT-1	non_AST
GGTAGGAGTGCTGGCT-1	non_AST
GGTAGGATCCTCTCTT-1	non_AST
GGTAGGATCGGTCCGA-1	non_AST
GGTCATAAGAGGCCTA-1	non_AST
GGTCATACAGAACGAC-1	non_AST
GGTCATACATAGGCGA-1	non_AST
GGTCATATCCGGGCAT-1	non_AST
GGTGAAGAGCGCATTT-1	non_AST
GGTGAAGCAACGTAGG-1	non_AST
GGTGAAGCAAGCAATA-1	non_AST
GGTGAAGCATTCGTCC-1	non_AST
GGTGAAGGTAATGCAA-1	non_AST
GGTGAAGGTCTCGGGT-1	non_AST
GGTGAAGTCGGGCTCA-1	non_AST
GGTGAAGTCTCCTTGG-1	non_AST
GGTGAAGTCTGTTTAC-1	non_AST
GGTGCTGCACACACCG-1	non_AST
GGTGCTGGTACTTGAC-1	non_AST
GGTGCTGGTGCTGTCG-1	non_AST
GGTGCTGTCTTGCGCT-1	non_AST
GGTGTCGAGGTTGTTC-1	non_AST
GGTGTCGCAAGGGTAC-1	non_AST
GGTGTCGCAAGTCCTA-1	non_AST
GGTGTCGTCTCGGCGA-1	non_AST
GGTGTCGTCTGCGTCT-1	non_AST
GGTTGCGAGAACAGGA-1	non_AST
GGTTGCGCAAATTGAG-1	non_AST
GGTTGCGCAACGCACC-1	non_AST
GGTTGCGCACAAACAA-1	non_AST
GGTTGCGCATTATGGC-1	non_AST
GGTTGCGGTCTAAAGA-1	non_AST
GGTTGCGGTCTCTGGG-1	non_AST
GGTTGCGTCAGTGTGT-1	non_AST
GTAATCGAGTCCGTGC-1	non_AST
GTAATCGCAGGCAAGT-1	non_AST
GTAATCGCATCGTACA-1	non_AST
GTAATCGCATGGCCTG-1	non_AST
GTAATCGGTGTCGTGC-1	non_AST
GTAATCGTCCCACTAC-1	non_AST
GTAATCGTCTAAGGTC-1	non_AST
GTAATCGTCTATCTTG-1	non_AST
GTACTTTCACTCAAGT-1	non_AST
GTACTTTCATGGTATC-1	non_AST
GTACTTTTCGTGCTGG-1	non_AST
GTAGACTCAATTAGGA-1	non_AST
GTAGACTGTCGAGGTA-1	non_AST
GTAGGAGAGAACCATA-1	non_AST
GTAGGAGGTCCCTAAA-1	non_AST
GTAGGAGTCTCGTAGA-1	non_AST
GTAGTACAGTCCGATT-1	non_AST
GTAGTACCACGCTGTG-1	non_AST
GTAGTACGTAGGGTTG-1	non_AST
GTAGTACGTATTGTCG-1	non_AST
GTCACAAAGGTCGTTT-1	non_AST
GTCACAACAGGATGTG-1	non_AST
GTCACAATCTTGTCAT-1	non_AST
GTCACCTAGCATTGGG-1	non_AST
GTCACCTAGCTTACCA-1	non_AST
GTCACCTCAAACCCTA-1	non_AST
GTCACCTCAAGGACCA-1	non_AST
GTCACCTCATGCCTTC-1	non_AST
GTCACCTGTAACGGCA-1	non_AST
GTCACCTGTATATGGA-1	non_AST
GTCACCTTCAGGGTTT-1	non_AST
GTCACGGAGCTACGCC-1	non_AST
GTCACGGAGTGTGTAA-1	non_AST
GTCACGGGTTTGATCG-1	non_AST
GTCACGGTCGGCTATA-1	non_AST
GTCACGGTCTGGGCGT-1	non_AST
GTCACTCCATCCCTTG-1	non_AST
GTCACTCTCGTCCCAT-1	non_AST
GTCCATCAGTACAGTA-1	non_AST
GTCCATCAGTGAGTTA-1	non_AST
GTCGTAAGTAAGCCTT-1	non_AST
GTCGTAAGTATGTTCG-1	non_AST
GTCGTAAGTGAGTTGG-1	non_AST
GTCGTAAGTGATAAGT-1	non_AST
GTCGTAATCCGCCTAT-1	non_AST
GTCTACCCACGAACGA-1	non_AST
GTCTACCTCCAGTTAG-1	non_AST
GTCTACCTCTCATATC-1	non_AST
GTGACATAGAATCAGT-1	non_AST
GTGACATAGCGATACG-1	non_AST
GTGACATAGTGAGTTA-1	non_AST
GTGACATGTTGCCTGG-1	non_AST
GTGACATGTTGGGAAC-1	non_AST
GTGACATTCCAAGAGG-1	non_AST
GTGATCACAAAGAGAG-1	non_AST
GTGATCACAAGGAGGG-1	non_AST
GTGATCACAATCACTG-1	non_AST
GTGATCAGTTCCAATG-1	non_AST
GTGATCATCTCCACTG-1	non_AST
GTGCACGAGTTCGACT-1	non_AST
GTGCACGCAATGTGCT-1	non_AST
GTGCACGCACACACCG-1	non_AST
GTGCACGGTCATAGAA-1	non_AST
GTGCACGGTCGGCTGT-1	non_AST
GTGCACGTCTCGCGGA-1	non_AST
GTGCACGTCTTGGCCT-1	non_AST
GTGCCAGAGTAACTCC-1	non_AST
GTGCCAGCAGTTGGAG-1	non_AST
GTGCCAGGTCAGGTGA-1	non_AST
GTGCCAGGTTTCTTAC-1	non_AST
GTGCCAGTCGATCTTT-1	non_AST
GTGCCAGTCGGATAAA-1	non_AST
GTGCTGGAGATGGGTC-1	non_AST
GTGCTGGAGCTGAATA-1	non_AST
GTGCTGGAGGTTGACG-1	non_AST
GTGCTGGGTAGCTGTT-1	non_AST
GTGCTGGTCATTCGGA-1	non_AST
GTGGATTGTGAGTAAT-1	non_AST
GTGGATTTCGCTGATA-1	non_AST
GTGGCGTAGAGCTGTG-1	non_AST
GTGGCGTAGGTTGTGG-1	non_AST
GTGGCGTAGTAGACCG-1	non_AST
GTGGCGTCAAGCTTTG-1	non_AST
GTGGCGTCATTGTTCT-1	non_AST
GTGGCGTGTAACCATC-1	non_AST
GTGGCGTTCGGCTATA-1	non_AST
GTGTCAACAGCGTACC-1	non_AST
GTGTCAACATCATAGC-1	non_AST
GTGTCAAGTTGGGAAC-1	non_AST
GTGTCAATCGAGGTCC-1	non_AST
GTGTCCTCACTGTTAG-1	non_AST
GTGTCCTTCAAACCAC-1	non_AST
GTGTCCTTCACTACCC-1	non_AST
GTGTCCTTCGACTCGG-1	non_AST
GTGTGATAGATGTTGA-1	non_AST
GTGTGATAGCTGCTCG-1	non_AST
GTGTGATCAAATGCTC-1	non_AST
GTGTGATCACTCCACT-1	non_AST
GTGTGATTCGGAGTTT-1	non_AST
GTGTGATTCTGAACGT-1	non_AST
GTTACGAAGCATACCT-1	non_AST
GTTACGAGTACGGAGT-1	non_AST
GTTACGATCTTTATCG-1	non_AST
GTTACTTAGCTGAGGT-1	non_AST
GTTACTTAGTAACATG-1	non_AST
GTTACTTAGTAGTCGG-1	non_AST
GTTACTTGTAGACACG-1	non_AST
GTTACTTGTCGTCGCA-1	non_AST
GTTACTTGTGCTTACA-1	non_AST
GTTATGGAGAAGCCTG-1	non_AST
GTTATGGAGACCCTAT-1	non_AST
GTTATGGGTACTAGAA-1	non_AST
GTTATGGTCAGTTGAC-1	non_AST
GTTATTCAGTAACTCC-1	non_AST
GTTATTCCAAGCGACA-1	non_AST
GTTATTCCATCTGCAA-1	non_AST
GTTATTCTCCAAGAGG-1	non_AST
GTTATTCTCTCCTTAA-1	non_AST
GTTCAAGAGTAATGTG-1	non_AST
GTTCAAGAGTGATCTC-1	non_AST
GTTCAAGCAGGGTAAC-1	non_AST
GTTCAAGGTTACCCAA-1	non_AST
GTTCAAGGTTCGGGAA-1	non_AST
GTTCAAGTCTACTTTG-1	non_AST
GTTCAAGTCTATTTCG-1	non_AST
GTTGGGCAGGGCGAAG-1	non_AST
GTTGGGCCAACTGCGC-1	non_AST
GTTGGGCTCTTCGTTA-1	non_AST
GTTGGTAAGTGCTCGC-1	non_AST
GTTGGTACACCCTTTG-1	non_AST
GTTGGTACACGCGTTG-1	non_AST
GTTGGTACAGATTAAG-1	non_AST
GTTGGTAGTAACATAG-1	non_AST
TAAACCGGTTGTATCG-1	non_AST
TAAACCGTCATGTTCT-1	non_AST
TAAACCGTCCATGTTT-1	non_AST
TAAACCGTCCTTGACC-1	non_AST
TAAACCGTCGTGATAC-1	non_AST
TAAACCGTCTCCACTG-1	non_AST
TAACAGCAGTCGTGAG-1	non_AST
TAACAGCCACATATCG-1	non_AST
TAACAGCCAGTTCGGC-1	non_AST
TAACAGCTCTAGCAAC-1	non_AST
TAACGGTAGCGTAGCA-1	non_AST
TAACGGTCAAATTCCG-1	non_AST
TAACGGTCACCGAATT-1	non_AST
TAACGGTTCAGTGGTT-1	non_AST
TAACGGTTCGAGCGCT-1	non_AST
TAACTTCAGAAATACC-1	non_AST
TAACTTCCAACTCGAT-1	non_AST
TAACTTCCAGCAAACG-1	non_AST
TAACTTCGTACTAGAA-1	non_AST
TAACTTCGTCACAGGA-1	non_AST
TAACTTCGTGGTAAGC-1	non_AST
TAAGCCAAGTCAGGAC-1	non_AST
TAAGCCACACTGTAAC-1	non_AST
TAAGCCAGTCAGCAAG-1	non_AST
TAAGCCAGTGATAACA-1	non_AST
TAAGTGCAGCGAGAAA-1	non_AST
TAAGTGCAGGTACACG-1	non_AST
TAATCGGAGAACGACC-1	non_AST
TAATCGGAGAAGACTT-1	non_AST
TAATCGGAGCAGAATT-1	non_AST
TAATCGGAGTCCCGCA-1	non_AST
TAATCGGCAATCATCG-1	non_AST
TAATCGGCAATGGTCT-1	non_AST
TAATCGGGTTTCCTAT-1	non_AST
TAATCGGTCGCCACTT-1	non_AST
TAATCGGTCGGGAATG-1	non_AST
TAATCGGTCTCGTAGA-1	non_AST
TAATTCCAGACGTCAG-1	non_AST
TAATTCCAGGATTGAT-1	non_AST
TAATTCCAGTTCAGGG-1	non_AST
TAATTCCCATTCACGA-1	non_AST
TAATTCCGTCCCTTTG-1	non_AST
TAATTCCGTCCGTGCA-1	non_AST
TACAGCAAGGAGTACC-1	non_AST
TACAGCACAAGACTAA-1	non_AST
TACAGCATCTCTATTG-1	non_AST
TACAGCATCTGTTTAC-1	non_AST
TACATGGAGAGGTCCA-1	non_AST
TACATGGCATCCTCGT-1	non_AST
TACATGGCATCTGCAA-1	non_AST
TACATTCCATCGTACA-1	non_AST
TACATTCGTAGCGGTA-1	non_AST
TACATTCGTCAACTGT-1	non_AST
TACATTCTCCATTGAG-1	non_AST
TACATTCTCGATCTTT-1	non_AST
TACATTCTCGGCTATA-1	non_AST
TACCCTGAGAGAGTTT-1	non_AST
TACCCTGCAGAGAGAA-1	non_AST
TACCCTGGTCACAGTT-1	non_AST
TACCCTGGTTTGCCAA-1	non_AST
TACCCTGTCAGCACGC-1	non_AST
TACCTATCAGGTAGCA-1	non_AST
TACCTATGTAGAAAGG-1	non_AST
TACCTATTCAGTGGTT-1	non_AST
TACCTATTCTGACATG-1	non_AST
TACCTATTCTTCGTTA-1	non_AST
TACCTCGCAAGCAACG-1	non_AST
TACCTCGCACCGAAAG-1	non_AST
TACCTCGCAGCAACAG-1	non_AST
TACCTCGGTGTTGTTG-1	non_AST
TACCTCGTCAATGCAC-1	non_AST
TACCTCGTCCAACGCG-1	non_AST
TACGCAAAGGTTCGTT-1	non_AST
TACGCAACACATGATC-1	non_AST
TACGCAACACCACCAG-1	non_AST
TACGCAAGTAAACGGC-1	non_AST
TACGCAAGTAGTGATA-1	non_AST
TACGCAATCCTTCGAC-1	non_AST
TACGCCTAGAGAATTC-1	non_AST
TACGCCTCAAAGGAAG-1	non_AST
TACGCCTGTATCTCAG-1	non_AST
TACGCCTGTCAGCTTA-1	non_AST
TACGCCTGTTTAGACC-1	non_AST
TACGCCTTCATGTTCT-1	non_AST
TACGCCTTCGCTCTAC-1	non_AST
TACGGATAGCATTCCA-1	non_AST
TACGGATAGGTCTTGT-1	non_AST
TACGGATAGTTGAATG-1	non_AST
TACGGATGTCCACCAG-1	non_AST
TACGGATGTCTCTGCT-1	non_AST
TACGGATTCAGGGTTT-1	non_AST
TACGGATTCTCTTCTC-1	non_AST
TACTAGGAGTGAATAC-1	non_AST
TACTAGGCAACGCACC-1	non_AST
TACTAGGCACATGATC-1	non_AST
TACTCGCAGTCTTAGC-1	non_AST
TACTCGCCACAGGTAG-1	non_AST
TACTCGCCACGATTAC-1	non_AST
TACTGCCAGAGGAACA-1	non_AST
TACTGCCGTCTAAGAA-1	non_AST
TACTGCCTCAATGCAC-1	non_AST
TACTGCCTCCAGGGAA-1	non_AST
TACTGCCTCTCTTAAC-1	non_AST
TAGACTGAGTGAGTTA-1	non_AST
TAGACTGCAAGCACTT-1	non_AST
TAGACTGCAATGTGCT-1	non_AST
TAGACTGCAGATACAA-1	non_AST
TAGACTGCATCAACTG-1	non_AST
TAGCACAAGTCATCTG-1	non_AST
TAGCACAAGTGTTCCA-1	non_AST
TAGCACACAGTGCGTC-1	non_AST
TAGCACAGTAGTAACA-1	non_AST
TAGCACAGTGCATTCA-1	non_AST
TAGCACATCAGGATCT-1	non_AST
TAGCACATCAGGGTTT-1	non_AST
TAGCACATCCCACTTG-1	non_AST
TAGCACATCGGGTCCA-1	non_AST
TAGCATGAGAATATCG-1	non_AST
TAGCATGAGAATGCTA-1	non_AST
TAGCATGAGAGGTGGG-1	non_AST
TAGCATGAGTGGACGT-1	non_AST
TAGCATGCACGGCCAT-1	non_AST
TAGCATGCATTACCTT-1	non_AST
TAGCATGGTCAGCTTA-1	non_AST
TAGCATGTCCTCCTGA-1	non_AST
TAGCATGTCGCGTGAC-1	non_AST
TAGCCCTCACAGCCAC-1	non_AST
TAGCCCTGTGCGTCCA-1	non_AST
TAGCCCTGTTAACCAC-1	non_AST
TAGCCCTTCTTCACTA-1	non_AST
TAGCCGGAGAGCAGCT-1	non_AST
TAGCCGGAGAGGCGGA-1	non_AST
TAGCCGGCAAACCGAG-1	non_AST
TAGCCGGCACTCCTCA-1	non_AST
TAGCCGGGTATCTCAG-1	non_AST
TAGCCGGGTCTAAGAA-1	non_AST
TAGCCGGTCCGGAAAG-1	non_AST
TAGCGGCCATCATGTG-1	non_AST
TAGCGGCCATTGTGAC-1	non_AST
TAGCGGCGTGTCCAGC-1	non_AST
TAGCTTTAGACGTCAG-1	non_AST
TAGCTTTCAAAGAGAG-1	non_AST
TAGCTTTCATGGGTGA-1	non_AST
TAGCTTTTCAGCACGC-1	non_AST
TAGCTTTTCGGTTCCT-1	non_AST
TAGCTTTTCTCAGATG-1	non_AST
TAGGAGGAGAATACTG-1	non_AST
TAGGAGGAGTCCTTCC-1	non_AST
TAGGAGGTCCAAGAGG-1	non_AST
TAGGAGGTCTTACTCA-1	non_AST
TAGGTCAAGAACGCCA-1	non_AST
TAGGTCACAAATGTCC-1	non_AST
TAGGTCACAAGCCTTA-1	non_AST
TAGGTCACAATTGGCT-1	non_AST
TAGGTCACACGATATC-1	non_AST
TAGGTCAGTGGCCTTG-1	non_AST
TAGGTCATCTTACGGA-1	non_AST
TAGGTGTAGACTAGGC-1	non_AST
TAGGTGTAGGGTGTTG-1	non_AST
TAGGTGTCATTGTTCT-1	non_AST
TAGGTGTTCTGTGTCC-1	non_AST
TAGTCCCAGCATACCT-1	non_AST
TAGTCCCCAAATAGTG-1	non_AST
TAGTCCCGTATCCTTT-1	non_AST
TAGTCCCGTGAGGGTT-1	non_AST
TAGTCCCTCATGAACC-1	non_AST
TAGTCCCTCTGGAAGG-1	non_AST
TATCGAGGTCCCGAGT-1	non_AST
TATCGAGGTTAGGCTT-1	non_AST
TATCGAGGTTTAAGGA-1	non_AST
TATCGAGTCCAAACCA-1	non_AST
TATCGAGTCGCTTCAC-1	non_AST
TATCGAGTCGGCTATA-1	non_AST
TATCTGTAGATCCGAG-1	non_AST
TATCTGTAGATCGAGC-1	non_AST
TATCTGTCAACCTCCT-1	non_AST
TATCTGTCAAGGTTCT-1	non_AST
TATCTGTCAAGTCTGT-1	non_AST
TATCTGTGTATCACAC-1	non_AST
TATCTGTGTCCCGTGA-1	non_AST
TATCTGTTCGCGCCAA-1	non_AST
TATCTGTTCTGTTGCC-1	non_AST
TATGTGGAGCATTGGG-1	non_AST
TATGTGGAGGCATGCA-1	non_AST
TATGTGGTCAACGTGT-1	non_AST
TATGTGGTCGATAGTC-1	non_AST
TATGTTCAGATCTAAG-1	non_AST
TATGTTCAGATGAGGA-1	non_AST
TATGTTCGTGCTTGAT-1	non_AST
TATGTTCTCGACTATG-1	non_AST
TATGTTCTCTTACTCA-1	non_AST
TATGTTCTCTTGCGCT-1	non_AST
TATTGCTCAGGTAGCA-1	non_AST
TATTGCTGTCTAAGAA-1	non_AST
TATTGCTGTGCTTACA-1	non_AST
TCAAAGCAGCGCAATG-1	non_AST
TCAAAGCAGCGTCTGC-1	non_AST
TCAAAGCAGTCACGCC-1	non_AST
TCAAAGCCAAGAGCGT-1	non_AST
TCAAAGCGTCAGTGCC-1	non_AST
TCAAGACAGACCAATA-1	non_AST
TCAAGACCAATTGGCT-1	non_AST
TCAAGACGTCAAGACG-1	non_AST
TCAAGCAAGGTCGGTA-1	non_AST
TCAAGCACAAACCCTA-1	non_AST
TCAAGCACAAGCCCTG-1	non_AST
TCAAGCACACACTAGT-1	non_AST
TCAAGCACACGACGAA-1	non_AST
TCAAGCACACGCTGTG-1	non_AST
TCAAGCATCGAGGCTC-1	non_AST
TCAAGCATCGCTAGTA-1	non_AST
TCAAGGTAGATGTTGA-1	non_AST
TCAAGGTAGCCATCAT-1	non_AST
TCAAGGTCACAGATGG-1	non_AST
TCAAGGTCACAGTTCA-1	non_AST
TCAAGGTCAGGTCCTG-1	non_AST
TCAAGGTTCCAGTTAG-1	non_AST
TCAAGGTTCGATATGC-1	non_AST
TCAAGGTTCTTATCAC-1	non_AST
TCAATTCAGATCACCT-1	non_AST
TCAATTCAGCCATGGA-1	non_AST
TCAATTCAGTGTGTAA-1	non_AST
TCAATTCCAAACGTTC-1	non_AST
TCAATTCCAAGTTCGT-1	non_AST
TCAATTCCAGTAACCT-1	non_AST
TCAATTCGTGACCAGA-1	non_AST
TCAATTCTCATTCTCA-1	non_AST
TCACAAGAGACTAGGC-1	non_AST
TCACAAGAGGCCTCTG-1	non_AST
TCACAAGAGGCTAAAT-1	non_AST
TCACAAGGTTCCTATT-1	non_AST
TCACAAGGTTCTACGA-1	non_AST
TCACAAGTCTATGAGC-1	non_AST
TCACAGAAGAAGACTT-1	non_AST
TCACAGAAGGGCTTCC-1	non_AST
TCACAGACATCATAGC-1	non_AST
TCACAGAGTCAACTAC-1	non_AST
TCACAGAGTGAGGGTT-1	non_AST
TCACAGAGTTCCAGTA-1	non_AST
TCACAGAGTTTAGAAG-1	non_AST
TCACCACAGCAGAATT-1	non_AST
TCACCACCAAGTCCTA-1	non_AST
TCACCACCATCAGCTA-1	non_AST
TCACCACCATCATCGA-1	non_AST
TCACCACCATTACACG-1	non_AST
TCACCACGTTATAGAG-1	non_AST
TCACCACTCAGGAAGC-1	non_AST
TCACCACTCTCTGAGA-1	non_AST
TCACCTGAGAGCTCCC-1	non_AST
TCACCTGGTATCTCAG-1	non_AST
TCACCTGTCTAAACGC-1	non_AST
TCACTCGAGAACGTTA-1	non_AST
TCACTCGAGCTGAATA-1	non_AST
TCACTCGCAAGCCAGA-1	non_AST
TCACTCGCAATACTGC-1	non_AST
TCACTCGCAGCGTACC-1	non_AST
TCACTCGCATGATTGC-1	non_AST
TCACTCGGTGAAACAT-1	non_AST
TCACTCGTCCTCCCAA-1	non_AST
TCACTCGTCTTCGTTA-1	non_AST
TCAGCTCCACGCGATC-1	non_AST
TCAGCTCCACTCAAGT-1	non_AST
TCAGCTCTCCCAGCAG-1	non_AST
TCAGGGCAGTGAGCTG-1	non_AST
TCAGGGCGTTTCGATG-1	non_AST
TCAGGTAAGTGATTAG-1	non_AST
TCAGGTAGTATGTCCA-1	non_AST
TCAGGTAGTGATAGAT-1	non_AST
TCAGGTATCCATCTAT-1	non_AST
TCAGGTATCTCTATCA-1	non_AST
TCAGGTATCTTCTTCC-1	non_AST
TCAGTCCAGCGTATCT-1	non_AST
TCAGTCCAGGTTTCTG-1	non_AST
TCAGTCCCAATGACTC-1	non_AST
TCAGTCCGTCATAGCT-1	non_AST
TCAGTCCGTGCTTGAT-1	non_AST
TCAGTCCGTTTCCTAT-1	non_AST
TCAGTCCTCAGGCGCT-1	non_AST
TCAGTCCTCCCGTAGG-1	non_AST
TCAGTTTAGGAGTAGA-1	non_AST
TCAGTTTCAAAGCTGG-1	non_AST
TCAGTTTCACATGATC-1	non_AST
TCAGTTTCATAGCAGG-1	non_AST
TCAGTTTGTATTCTTC-1	non_AST
TCAGTTTTCCCGGGTA-1	non_AST
TCCAGAAAGAGACTCG-1	non_AST
TCCAGAAAGATATGTG-1	non_AST
TCCAGAAAGCTCCGGT-1	non_AST
TCCAGAACAGCGTGAA-1	non_AST
TCCAGAACAGTAACTC-1	non_AST
TCCAGAAGTACTAGAA-1	non_AST
TCCAGAATCCATACCC-1	non_AST
TCCATCGAGTCCGTGC-1	non_AST
TCCATCGCACACTAGT-1	non_AST
TCCATCGGTCAACTGT-1	non_AST
TCCATCGGTGCCCTAG-1	non_AST
TCCATCGGTTAGGAAT-1	non_AST
TCCATCGGTTGGTAAA-1	non_AST
TCCATCGTCCATTGTT-1	non_AST
TCCGACTAGTCGAGCA-1	non_AST
TCCGACTCAGAATGCG-1	non_AST
TCCGACTGTAAGGTCG-1	non_AST
TCGAGCGAGAACCCGA-1	non_AST
TCGAGCGAGACGTCAG-1	non_AST
TCGAGCGAGCATTCCA-1	non_AST
TCGAGCGAGCCGCAAA-1	non_AST
TCGAGCGCATGCCTTC-1	non_AST
TCGAGCGGTTCTACCC-1	non_AST
TCGATTTAGCATTCCA-1	non_AST
TCGATTTAGGATTGCG-1	non_AST
TCGATTTCACAAACGG-1	non_AST
TCGATTTCATTGAACC-1	non_AST
TCGATTTTCGTCTTAT-1	non_AST
TCGATTTTCTTGGCCT-1	non_AST
TCGCAGGAGACGCCAA-1	non_AST
TCGCAGGAGTATGGGC-1	non_AST
TCGCAGGCACACATGT-1	non_AST
TCGCAGGGTACTTCGA-1	non_AST
TCGCAGGGTCCCTTTG-1	non_AST
TCGCCTAAGCCTGTAT-1	non_AST
TCGCCTACAGATGGCA-1	non_AST
TCGCCTACATATTGGC-1	non_AST
TCGCCTACATGTCCCT-1	non_AST
TCGCCTAGTTGAAGCG-1	non_AST
TCGCCTATCACTCGGG-1	non_AST
TCGCCTATCCGGGCAT-1	non_AST
TCGGGACAGAAGACTT-1	non_AST
TCGGGACGTCGTAATC-1	non_AST
TCGGGACTCCAACGCG-1	non_AST
TCGGGACTCGATAGTC-1	non_AST
TCGTTCGAGGGCGAAG-1	non_AST
TCGTTCGAGGTCCTCG-1	non_AST
TCGTTCGCAAGGGAGG-1	non_AST
TCGTTCGCACATATCG-1	non_AST
TCGTTCGTCTGGAAGG-1	non_AST
TCTAGTTTCCTGGAAT-1	non_AST
TCTATTGAGAAATACC-1	non_AST
TCTATTGAGATGTTGA-1	non_AST
TCTATTGCACATATCG-1	non_AST
TCTATTGCAGTAACCT-1	non_AST
TCTATTGGTGCTGTCG-1	non_AST
TCTCAGCCAAATTCCG-1	non_AST
TCTCAGCCACGACGAA-1	non_AST
TCTCAGCTCGGATCGC-1	non_AST
TCTCTGGCAAAGCTGG-1	non_AST
TGACAACCACTCGGAC-1	non_AST
TGACAACTCACGATTG-1	non_AST
TGACAACTCCTTTGCG-1	non_AST
TGACTCCGTTACTTTC-1	non_AST
TGACTCCGTTTGCCAA-1	non_AST
TGACTCCTCGACGGAA-1	non_AST
TGACTCCTCGTTCTAT-1	non_AST
TGAGCCGCAGCGTAGA-1	non_AST
TGAGCCGTCGATCTTT-1	non_AST
TGAGCCGTCTGCGTCT-1	non_AST
TGAGCCGTCTTGTCGC-1	non_AST
TGAGTCAAGAGAAGCA-1	non_AST
TGAGTCAAGCTGCTCG-1	non_AST
TGAGTCACAGCAAACG-1	non_AST
TGAGTCACAGCACATT-1	non_AST
TGAGTCAGTTTCGTTT-1	non_AST
TGAGTCATCCCTAAAG-1	non_AST
TGAGTCATCGCAACTA-1	non_AST
TGAGTCATCGCGCCAA-1	non_AST
TGAGTCATCGGTAGGA-1	non_AST
TGATCAGAGAGAACCC-1	non_AST
TGATCAGAGTGATTAG-1	non_AST
TGATCAGCACCACAGC-1	non_AST
TGATCAGTCTACCCGT-1	non_AST
TGATGCAAGGAATGGA-1	non_AST
TGATGCAAGTATGGGC-1	non_AST
TGATGCACATTCACGA-1	non_AST
TGATGCACATTCTCGC-1	non_AST
TGATGCAGTTCTTTCA-1	non_AST
TGATGCATCTAAGGTC-1	non_AST
TGATTTCAGACGAAAG-1	non_AST
TGATTTCAGGAATGGA-1	non_AST
TGATTTCAGTATACCC-1	non_AST
TGATTTCCAGTAACGG-1	non_AST
TGATTTCGTCTGTCCT-1	non_AST
TGATTTCGTTCTTTGT-1	non_AST
TGATTTCGTTGGACGA-1	non_AST
TGATTTCTCATCGCCT-1	non_AST
TGATTTCTCGGATAAA-1	non_AST
TGCACCTAGATGGGTC-1	non_AST
TGCACCTTCTCTGCGT-1	non_AST
TGCATGACATGATTGC-1	non_AST
TGCATGAGTCTGTGTA-1	non_AST
TGCATGAGTTTAGAAG-1	non_AST
TGCATTTAGCGTTAGG-1	non_AST
TGCATTTGTCATCGTA-1	non_AST
TGCATTTTCACTGGTA-1	non_AST
TGCATTTTCCGCCTAT-1	non_AST
TGCATTTTCGACTTAG-1	non_AST
TGCCTCAAGAACTCCT-1	non_AST
TGCCTCAAGACACGGT-1	non_AST
TGCCTCAAGAGGCGGA-1	non_AST
TGCCTCACAAATGTCC-1	non_AST
TGCCTGTAGGGTTCTT-1	non_AST
TGCCTGTCAATCATCG-1	non_AST
TGCCTGTCAGATTGTC-1	non_AST
TGCCTGTGTATATGGA-1	non_AST
TGCGTAAAGACGCCAA-1	non_AST
TGCGTAACATCCATAG-1	non_AST
TGCGTAAGTCCATTGA-1	non_AST
TGCGTAAGTTCCGCGA-1	non_AST
TGCGTAATCCAAACCA-1	non_AST
TGCGTAATCCAAGTCA-1	non_AST
TGCGTAATCGCACCGA-1	non_AST
TGCGTAATCGTATAGC-1	non_AST
TGCTATTAGATGTTGA-1	non_AST
TGCTATTGTAGGGTTG-1	non_AST
TGCTATTTCTTACGGA-1	non_AST
TGCTCACAGTTATGAG-1	non_AST
TGCTCACCAATGCCAT-1	non_AST
TGCTCACGTAAGTCTC-1	non_AST
TGCTCACGTCACATTG-1	non_AST
TGCTCACTCTTCCGTG-1	non_AST
TGCTCGTGTCGATTAC-1	non_AST
TGCTCGTGTCTCTAAG-1	non_AST
TGCTCGTTCACGGGTC-1	non_AST
TGCTTCGAGGGATCCA-1	non_AST
TGCTTCGCAATGTGCT-1	non_AST
TGCTTCGTCTGCTACC-1	non_AST
TGCTTTAAGCCGCAAA-1	non_AST
TGCTTTAAGTCCCGCA-1	non_AST
TGCTTTAAGTGATAAC-1	non_AST
TGCTTTAGTCAGAAGC-1	non_AST
TGCTTTAGTCAGACGA-1	non_AST
TGCTTTAGTCAGTGTT-1	non_AST
TGCTTTAGTGGACTGA-1	non_AST
TGCTTTATCATCGCAA-1	non_AST
TGCTTTATCCTTACGC-1	non_AST
TGCTTTATCGCCTTAC-1	non_AST
TGGAAGGAGTCGTACT-1	non_AST
TGGAAGGCACAAGTGG-1	non_AST
TGGAAGGCACAGATGG-1	non_AST
TGGAAGGCATCTCACC-1	non_AST
TGGAAGGGTGGCCTCA-1	non_AST
TGGAAGGTCCTAGAGT-1	non_AST
TGGACATAGTCTAGAA-1	non_AST
TGGACATCACCCTTTG-1	non_AST
TGGACATCATTACTCT-1	non_AST
TGGCAATAGCATTGGG-1	non_AST
TGGCAATCACAGGTAG-1	non_AST
TGGCAATGTCACAGTT-1	non_AST
TGGCAATTCGCCTTAC-1	non_AST
TGGCAATTCTGAAAGA-1	non_AST
TGGCAATTCTTGTCGC-1	non_AST
TGGCCTTAGAGCGGTT-1	non_AST
TGGCCTTCAGGGTACA-1	non_AST
TGGCGCAAGTGTGTAA-1	non_AST
TGGCGCACAACGGGTA-1	non_AST
TGGCGCAGTAACTGAA-1	non_AST
TGGCGCAGTAGGGTTG-1	non_AST
TGGCGCAGTGGCATAG-1	non_AST
TGGCGCATCACGATTG-1	non_AST
TGGCGCATCACGTGTA-1	non_AST
TGGCGCATCATTCTCA-1	non_AST
TGGCGCATCGTGATAC-1	non_AST
TGGCGCATCTCATCCG-1	non_AST
TGGGTGCGTCAGACGA-1	non_AST
TGGGTGCTCCTCATTA-1	non_AST
TGGGTTAAGCAACGGT-1	non_AST
TGGGTTACAATCAGGG-1	non_AST
TGGGTTACAATGGCAG-1	non_AST
TGGGTTACAGGGTACA-1	non_AST
TGGTCAAAGGCGTAGT-1	non_AST
TGGTCAAAGGTGTCGA-1	non_AST
TGGTCAAGTGGGTAGT-1	non_AST
TGGTCAATCAGTGTGT-1	non_AST
TGGTCAATCCATCTAT-1	non_AST
TGGTCAATCTACATCT-1	non_AST
TGGTCCTAGCTGAAAT-1	non_AST
TGGTCCTCATGCGACC-1	non_AST
TGGTCCTGTATGTCCA-1	non_AST
TGGTCCTGTCTAAGAA-1	non_AST
TGTAAGCCAAACAGTA-1	non_AST
TGTAAGCTCCATGACA-1	non_AST
TGTAAGCTCGTTACAG-1	non_AST
TGTAAGCTCTTTCGAT-1	non_AST
TGTACAGAGCATGTGG-1	non_AST
TGTACAGAGCTGAGGT-1	non_AST
TGTACAGCACACACCG-1	non_AST
TGTACAGTCGCTATTT-1	non_AST
TGTACGAAGACTTGAA-1	non_AST
TGTACGAAGCAACGGT-1	non_AST
TGTACGACAATTCTCT-1	non_AST
TGTACGACAGGATGTG-1	non_AST
TGTACGAGTCAGCTTA-1	non_AST
TGTACGAGTCTCTAAG-1	non_AST
TGTACGATCTATGAGC-1	non_AST
TGTAGCACACCATTCC-1	non_AST
TGTAGCAGTCCCGTGA-1	non_AST
TGTAGCATCCTTACGC-1	non_AST
TGTAGCATCTGCGTCT-1	non_AST
TGTGGCGAGCTGGAGT-1	non_AST
TGTGGCGCAGAGCCAA-1	non_AST
TGTGGCGCAGGGAGTT-1	non_AST
TGTGGCGCATCGAGTT-1	non_AST
TGTGGCGGTCGTAGTT-1	non_AST
TGTGGCGTCGCTTACC-1	non_AST
TGTGTCCAGGAGTAGA-1	non_AST
TGTGTCCAGGCACCTC-1	non_AST
TGTGTCCGTTCTTATC-1	non_AST
TGTGTCCTCGTGGTAT-1	non_AST
TGTTAGGAGAAACGCC-1	non_AST
TGTTAGGAGGTTACAA-1	non_AST
TGTTAGGCAGTGCGAA-1	non_AST
TGTTAGGGTCCTCAGG-1	non_AST
TGTTAGGGTGATCAGG-1	non_AST
TGTTAGGGTGCAAGCA-1	non_AST
TGTTAGGGTGGTCGAA-1	non_AST
TGTTAGGGTTCCGGCA-1	non_AST
TGTTAGGGTTGCTTGA-1	non_AST
TTAACGGGTGGACAGT-1	non_AST
TTAACGGTCACTGATG-1	non_AST
TTAACGGTCGTCTAGA-1	non_AST
TTACCCGCAAGCCAGA-1	non_AST
TTACCCGCAATCACTG-1	non_AST
TTACCCGCACTGTTAG-1	non_AST
TTACCCGCATAGACGG-1	non_AST
TTACCCGCATGCACTA-1	non_AST
TTACCGCCATGGGTGA-1	non_AST
TTACCGCGTATTTGCG-1	non_AST
TTACCGCGTTGGCGAA-1	non_AST
TTACCGCTCCCGATTC-1	non_AST
TTACGGAAGGTTGACG-1	non_AST
TTACGGAAGTGATAAC-1	non_AST
TTACGGACACCACAGC-1	non_AST
TTACGGACATGACTGT-1	non_AST
TTACGGAGTGGTAAGC-1	non_AST
TTACGTTAGAACCATA-1	non_AST
TTACGTTAGGACTAGC-1	non_AST
TTACGTTAGGTAAGCC-1	non_AST
TTACGTTCAACGGGTA-1	non_AST
TTACGTTCAGTAACTC-1	non_AST
TTACGTTGTTCTGAGT-1	non_AST
TTACGTTTCGATATGC-1	non_AST
TTACGTTTCGCTTGAA-1	non_AST
TTACTCAAGCACGTAG-1	non_AST
TTACTCACATGTGGGA-1	non_AST
TTACTCAGTATTGTGC-1	non_AST
TTACTCAGTCATAAGA-1	non_AST
TTACTCAGTCTGTTGA-1	non_AST
TTACTCAGTGCTTACA-1	non_AST
TTACTCATCCAGTACA-1	non_AST
TTACTCATCCTAGAGT-1	non_AST
TTACTTGCAGTTGCAT-1	non_AST
TTACTTGGTCTCGGGT-1	non_AST
TTACTTGTCTGTGTGA-1	non_AST
TTAGCGACAACAAACA-1	non_AST
TTAGCGACAATGAAAC-1	non_AST
TTAGCGACACACACAT-1	non_AST
TTAGCGAGTGAGCTAG-1	non_AST
TTAGCGAGTGGGTAGT-1	non_AST
TTAGCGATCGCCCTTA-1	non_AST
TTAGCGATCTACCCGT-1	non_AST
TTAGCGATCTTCTCTC-1	non_AST
TTAGCTTAGTTCTCCC-1	non_AST
TTAGCTTAGTTGCGCC-1	non_AST
TTAGCTTCAGACCTGC-1	non_AST
TTAGCTTCAGGTTATC-1	non_AST
TTAGCTTGTCCAACCG-1	non_AST
TTAGCTTTCCATGACA-1	non_AST
TTAGCTTTCTGACATG-1	non_AST
TTAGGTGAGAGCTGTG-1	non_AST
TTAGGTGCAGGCACAA-1	non_AST
TTAGGTGGTCATTGCA-1	non_AST
TTAGGTGGTGCGTCCA-1	non_AST
TTAGGTGGTTGGCTAT-1	non_AST
TTATGTCAGCTCCGGT-1	non_AST
TTATGTCTCTTGTCGC-1	non_AST
TTCAACTAGCGCCTAC-1	non_AST
TTCAACTCACGAACGA-1	non_AST
TTCATCAAGGCGTAGT-1	non_AST
TTCATCACATCCGTGG-1	non_AST
TTCATCAGTGTTAGAA-1	non_AST
TTCATCAGTTAGCTCA-1	non_AST
TTCATCATCAGTGTAC-1	non_AST
TTCATCATCCAGAATC-1	non_AST
TTCATCATCGTTTGAG-1	non_AST
TTCATTGAGAACTAAC-1	non_AST
TTCATTGAGTAACACA-1	non_AST
TTCATTGCAAATTGAG-1	non_AST
TTCATTGCACCTGAAT-1	non_AST
TTCATTGGTGGTAGAC-1	non_AST
TTCGATTAGAGCACTG-1	non_AST
TTCGATTAGGATTGAT-1	non_AST
TTCGATTAGTTTACGC-1	non_AST
TTCGCGTAGGACTAGC-1	non_AST
TTCGCGTCAAGTCCTA-1	non_AST
TTCGGTCCAAATGCTC-1	non_AST
TTCGTTACAAAGACGC-1	non_AST
TTCGTTACAAATAGTG-1	non_AST
TTCGTTACAGGCATTT-1	non_AST
TTCGTTATCTGTCGTC-1	non_AST
TTCTAACAGAATCAGT-1	non_AST
TTCTAACAGGAACCGT-1	non_AST
TTCTAACCACAGTAGG-1	non_AST
TTCTAACTCAGTCTTT-1	non_AST
TTCTAACTCCCAATAG-1	non_AST
TTCTGTACAAGGAGGG-1	non_AST
TTCTGTACATACCCGG-1	non_AST
TTCTGTAGTATGTTCG-1	non_AST
TTCTGTAGTCATTGGT-1	non_AST
TTCTGTAGTTAGGAAT-1	non_AST
TTCTGTATCCATCGAA-1	non_AST
TTGACGACATAGCCAT-1	non_AST
TTGACGAGTCAGAAAT-1	non_AST
TTGACGAGTTTGGATC-1	non_AST
TTGACGATCAGGTTTG-1	non_AST
TTGACGATCCAGAGAG-1	non_AST
TTGAGCAAGAAAGGGT-1	non_AST
TTGAGCAAGAGCTGTG-1	non_AST
TTGAGCAAGTCCAGAG-1	non_AST
TTGAGCAGTGAGTCGA-1	non_AST
TTGAGTGAGTTGCCGC-1	non_AST
TTGAGTGGTCAGGCTC-1	non_AST
TTGAGTGGTCTCGGGT-1	non_AST
TTGAGTGGTTCTACGA-1	non_AST
TTGAGTGTCATTCTTG-1	non_AST
TTGAGTGTCTAGCAGT-1	non_AST
TTGCACCAGGGATCCA-1	non_AST
TTGCACCCATTTGGTG-1	non_AST
TTGCACCTCGCGTTCT-1	non_AST
TTGCAGAAGAAAGCAG-1	non_AST
TTGCAGAAGGAAGGTA-1	non_AST
TTGCAGACAATTAGGA-1	non_AST
TTGCAGACAGGACTGA-1	non_AST
TTGCAGACAGGTAGGT-1	non_AST
TTGCCCAAGAACAGGA-1	non_AST
TTGCCCAAGCAACGGT-1	non_AST
TTGCCCAAGGATATCA-1	non_AST
TTGCCCACAACAAACA-1	non_AST
TTGCCCACAATGGTAA-1	non_AST
TTGCCCACATCAACTG-1	non_AST
TTGCGAAAGTTTGGAA-1	non_AST
TTGCGAACAGAGAGAA-1	non_AST
TTGCGAATCAAGAGGC-1	non_AST
TTGCGGGCACGCTAAT-1	non_AST
TTGCGGGCACTGTTAG-1	non_AST
TTGCGGGTCGACCCGA-1	non_AST
TTGCGGGTCTGAGTAC-1	non_AST
TTGCTATAGGCAATTA-1	non_AST
TTGCTATAGGCAGTGT-1	non_AST
TTGCTATCACGTTGTA-1	non_AST
TTGCTATGTCATAGAA-1	non_AST
TTGCTTAAGCAATGTA-1	non_AST
TTGCTTAAGTTATGAG-1	non_AST
TTGCTTACAAGGAAGA-1	non_AST
TTGCTTAGTACCAAGG-1	non_AST
TTGCTTAGTACGCCCA-1	non_AST
TTGCTTATCACTTACT-1	non_AST
TTGGTCCAGCTGATTC-1	non_AST
TTGGTCCCAGGTCTGC-1	non_AST
TTGTCTAGTCATCGTA-1	non_AST
TTGTCTAGTGAGTCGA-1	non_AST
TTGTCTATCCATCGAA-1	non_AST
TTGTCTATCTTTGCAT-1	non_AST
TTGTTCAAGTCCGTGC-1	non_AST
TTGTTCAAGTTGCTTG-1	non_AST
TTGTTCACACAAGGGT-1	non_AST
TTGTTCACAGAATGCG-1	non_AST
TTGTTCACATTGTGAC-1	non_AST
TTGTTCATCCTGGAAT-1	non_AST
TTGTTGTAGGCGCTTC-1	non_AST
TTGTTGTCACCAAGGA-1	non_AST
TTGTTGTCACTCCTCA-1	non_AST
TTGTTGTGTATGTTCG-1	non_AST
TTGTTGTGTCTCTAAG-1	non_AST
TTGTTGTGTGCAAGCA-1	non_AST
TTGTTGTGTGCTTCCT-1	non_AST
TTGTTGTTCCAGCACG-1	non_AST
TTGTTGTTCGCGTGAC-1	non_AST
TTGTTGTTCGCTAGTA-1	non_AST
TTGTTGTTCTCCCTTT-1	non_AST
TTTACGTCATTGCACA-1	non_AST
TTTACGTTCGATCTTT-1	non_AST
TTTGAGGCATGGTATC-1	non_AST
TTTGAGGGTGAATCAA-1	non_AST
TTTGAGGTCGGGACAA-1	non_AST
TTTGCGCAGAAGCCGT-1	non_AST
TTTGCGCAGGTAGGCT-1	non_AST
TTTGCGCGTCATAGCT-1	non_AST
TTTGCGCGTTACTACG-1	non_AST
TTTGCGCTCAGGCGCT-1	non_AST
TTTGCGCTCCACTAGA-1	non_AST
TTTGGCCAGCAATGTA-1	non_AST
TTTGGCCAGGCCTCGT-1	non_AST
TTTGGCCCAACTCGAT-1	non_AST
TTTGGCCCACACGGTC-1	non_AST
TTTGGCCGTGGTCGAA-1	non_AST
TTTGGTTAGACTCTTG-1	non_AST
TTTGGTTGTAACCGAG-1	non_AST
TTTGGTTTCGACTTAG-1	non_AST
TTTGGTTTCGCGTTCT-1	non_AST
TTTGGTTTCTCTGAGA-1	non_AST
TTTGTGTTCAAGAGGC-1	non_AST
TTTGTGTTCAGTCAAC-1	non_AST
TTTGTGTTCTCGCGTT-1	non_AST
