AAAGATGAGCGAGAAA-1	Oligodendrocytes
AAAGATGGTGAAACAT-1	Oligodendrocytes
AACCTTTTCCAGAGAG-1	Oligodendrocytes
AACGGGACAATTCAGC-1	Oligodendrocytes
AACTGGTAGTGATAAC-1	Oligodendrocytes
AATACGCGTATGGGTG-1	Oligodendrocytes
ACAAACCCATTGCCTC-1	Oligodendrocytes
ACAGAAAAGGAGTACC-1	Oligodendrocytes
ACAGACTTCACGTCAA-1	Oligodendrocytes
ACATGGTCACGCTAAT-1	Oligodendrocytes
ACCGAATAGAACGTCG-1	Oligodendrocytes
ACCGGGTGTCCGTAGC-1	Oligodendrocytes
AGATAGAGTCCCGTGA-1	Oligodendrocytes
AGATAGATCGTTCTAT-1	Oligodendrocytes
AGCCAGCTCCTTACGC-1	Oligodendrocytes
AGCCGCACAAGCCAGA-1	Oligodendrocytes
AGCTGGCTCTAAACGC-1	Oligodendrocytes
ATATTCCAGAACCCGA-1	Oligodendrocytes
ATATTCCTCGCTTCAC-1	Oligodendrocytes
ATGTCGAGTTTCTACT-1	Oligodendrocytes
ATTACCTTCTGGGCGT-1	Oligodendrocytes
ATTACTCTCTAGTCGA-1	Oligodendrocytes
CAATCCCCAAGTTCGT-1	Oligodendrocytes
CACTAAGAGGAATGGA-1	Oligodendrocytes
CACTGAATCTACCCGT-1	Oligodendrocytes
CAGGGCTGTATTCGCA-1	Oligodendrocytes
CAGTGTAAGTTAGCAA-1	Oligodendrocytes
CATTCATTCAGTAGTC-1	Oligodendrocytes
CATTGGAAGAGTGGAA-1	Oligodendrocytes
CCGTACTCAATGTGCT-1	Oligodendrocytes
CCGTGAGTCTCTGTTA-1	Oligodendrocytes
CCTGGGATCCCATAGA-1	Oligodendrocytes
CCTTAATAGACCAATA-1	Oligodendrocytes
CCTTGGTGTAGCGTTT-1	Oligodendrocytes
CGATGATAGGTAGGCT-1	Oligodendrocytes
CGATGATGTTTGCGAT-1	Oligodendrocytes
CGCGCAAGTGATGCGA-1	Oligodendrocytes
CGCTATCCAAGGCGTA-1	Oligodendrocytes
CTAACTTGTTCCTATT-1	Oligodendrocytes
CTACTTACATCGGCTG-1	Oligodendrocytes
CTCTCAGAGAGGAATG-1	Oligodendrocytes
CTGAATGGTGCGTTTA-1	Oligodendrocytes
CTGGCAGCATAGCCAT-1	Oligodendrocytes
CTGGCAGGTGCACTTA-1	Oligodendrocytes
CTTGCCAGTTACGGAG-1	Oligodendrocytes
CTTGTCGAGGCTTCGC-1	Oligodendrocytes
GAAAGTACAGATAAGT-1	Oligodendrocytes
GAAATGACAGGTCTGC-1	Oligodendrocytes
GAAGAGCAGAGAAGCA-1	Oligodendrocytes
GACCAATGTCACATTG-1	Oligodendrocytes
GAGAACGTCTCTTCTC-1	Oligodendrocytes
GAGATTCGTCCGTAGC-1	Oligodendrocytes
GAGCATTTCCACACCT-1	Oligodendrocytes
GAGCGCTAGTCGACCC-1	Oligodendrocytes
GAGGATGGTCAAGACG-1	Oligodendrocytes
GAGGCTCAGGTACATA-1	Oligodendrocytes
GAGGTCCGTGGACAGT-1	Oligodendrocytes
GATTAGCCATTAACGC-1	Oligodendrocytes
GCAGCTGTCTGGAAGG-1	Oligodendrocytes
GCATGATCATGGGTGA-1	Oligodendrocytes
GCCCAGATCTAGCAGT-1	Oligodendrocytes
GCGATCGGTGTTGTTG-1	Oligodendrocytes
GCGCATGGTATGGGTG-1	Oligodendrocytes
GCGCATGGTTCAGAAA-1	Oligodendrocytes
GCGGAAAAGTTTGGAA-1	Oligodendrocytes
GCGGAAAGTACCAAGG-1	Oligodendrocytes
GCGTTGGTCTGGCACG-1	Oligodendrocytes
GCTGAGCTCCAGGCCA-1	Oligodendrocytes
GCTTTCGGTGCTTACA-1	Oligodendrocytes
GGAACCCAGAGGCCTA-1	Oligodendrocytes
GGAACCCAGGTTACAA-1	Oligodendrocytes
GGAACTTGTATGGGTG-1	Oligodendrocytes
GGAGGATTCACCCTTG-1	Oligodendrocytes
GGCGTTGAGGGTGTTG-1	Oligodendrocytes
GGGTCTGTCTCTGTTA-1	Oligodendrocytes
GGTGAAGGTAATGCAA-1	Oligodendrocytes
GTAGTACGTATTGTCG-1	Oligodendrocytes
GTGATCACAATCACTG-1	Oligodendrocytes
GTGCCAGTCGATCTTT-1	Oligodendrocytes
GTGCTGGGTAGCTGTT-1	Oligodendrocytes
GTTACGAAGCATACCT-1	Oligodendrocytes
GTTACGATCTTTATCG-1	Oligodendrocytes
GTTACTTGTAGACACG-1	Oligodendrocytes
GTTGGTACACCCTTTG-1	Oligodendrocytes
TAACGGTTCAGTGGTT-1	Oligodendrocytes
TAATCGGTCGGGAATG-1	Oligodendrocytes
TACCCTGGTCACAGTT-1	Oligodendrocytes
TACGGATAGGTCTTGT-1	Oligodendrocytes
TACGGATGTCTCTGCT-1	Oligodendrocytes
TAGCCGGGTCTAAGAA-1	Oligodendrocytes
TAGCGGCCATTGTGAC-1	Oligodendrocytes
TAGTCCCCAAATAGTG-1	Oligodendrocytes
TCACAGACATCATAGC-1	Oligodendrocytes
TCACCACGTTATAGAG-1	Oligodendrocytes
TCACCACTCAGGAAGC-1	Oligodendrocytes
TCACCTGGTATCTCAG-1	Oligodendrocytes
TCACTCGGTGAAACAT-1	Oligodendrocytes
TCAGTTTCACATGATC-1	Oligodendrocytes
TCAGTTTTCCCGGGTA-1	Oligodendrocytes
TCCAGAACAGTAACTC-1	Oligodendrocytes
TCCATCGGTTGGTAAA-1	Oligodendrocytes
TCGAGCGAGACGTCAG-1	Oligodendrocytes
TCGCAGGAGTATGGGC-1	Oligodendrocytes
TCTCAGCCAAATTCCG-1	Oligodendrocytes
TCTCTGGTCCAACCTC-1	Oligodendrocytes
TGAGCCGTCTGCGTCT-1	Oligodendrocytes
TGAGTCAAGCTGCTCG-1	Oligodendrocytes
TGAGTCATCGCAACTA-1	Oligodendrocytes
TGCGTAATCGTATAGC-1	Oligodendrocytes
TGCTCACTCTTCCGTG-1	Oligodendrocytes
TGCTTCGTCTGCTACC-1	Oligodendrocytes
TGGACATAGTCTAGAA-1	Oligodendrocytes
TGGACATCACCCTTTG-1	Oligodendrocytes
TGGTCAAAGGTGTCGA-1	Oligodendrocytes
TGGTCCTGTCTAAGAA-1	Oligodendrocytes
TGTACAGTCGCTATTT-1	Oligodendrocytes
TGTACGAGTCAGCTTA-1	Oligodendrocytes
TGTACGAGTCTCTAAG-1	Oligodendrocytes
TGTGTCCAGGCACCTC-1	Oligodendrocytes
TTACTTGGTCTCGGGT-1	Oligodendrocytes
TTCGCGTCAAGTCCTA-1	Oligodendrocytes
TTCTAACTCCCAATAG-1	Oligodendrocytes
TTCTGTAGTATGTTCG-1	Oligodendrocytes
TTGAGTGTCTAGCAGT-1	Oligodendrocytes
TTGCTATCACGTTGTA-1	Oligodendrocytes
TTTGGCCCAACTCGAT-1	Oligodendrocytes
