AAACGAATCTGACTTT-1	OPC
AAACTCGAGTGTCGGA-1	OPC
AAACTGCCAGATTTGC-1	OPC
AAAGATGCAGATGGCA-1	OPC
AAAGGGCAGACAGTGC-1	OPC
AAAGGGCCACCGTCTT-1	OPC
AAAGGGCTCACCCTTG-1	OPC
AAATGAGTCTATGAGC-1	OPC
AAATGCCAGGCACCTC-1	OPC
AACAAAGCAACGACAG-1	OPC
AACAAAGGTACGTATC-1	OPC
AACAGTCCATTCCCGT-1	OPC
AACCAACCACAGAAGC-1	OPC
AACCAACTCCGAGAGA-1	OPC
AACCTGAAGAGTGGAA-1	OPC
AACCTGAAGGGAGTTC-1	OPC
AACCTTTTCCTATCAT-1	OPC
AACGAGGTCTTGTCAT-1	OPC
AACGGGACATAGACGG-1	OPC
AACTGGTGTTTGTACG-1	OPC
AACTTGGCAAGGAACC-1	OPC
AACTTGGTCAGGCCGT-1	OPC
AAGATAGAGGTACATA-1	OPC
AAGGAGCGTAACTGAA-1	OPC
AAGGAGCTCGACTCGG-1	OPC
AAGGTTCCACTTATGG-1	OPC
AATACGCGTGAATCGG-1	OPC
AATACGCTCACTCCCA-1	OPC
AATACGCTCGTGGAAG-1	OPC
AATACGCTCTAGCAAC-1	OPC
AATGGAACAAGCGTCC-1	OPC
AATGGAAGTTCCTGTC-1	OPC
AATGGCTGTATTGTGC-1	OPC
AATGTCGGTATTCGAC-1	OPC
ACAAAGAGTTTGTGAC-1	OPC
ACAAGCTCACGCTCAG-1	OPC
ACAAGCTTCACGATTG-1	OPC
ACAAGCTTCACTAGGT-1	OPC
ACAAGCTTCCTCCTGA-1	OPC
ACAATCGAGAGAGTAG-1	OPC
ACAGAAAAGGAAACTT-1	OPC
ACAGAAATCCCGTAGG-1	OPC
ACAGACTCACTCGCAG-1	OPC
ACAGACTCATGGAGGT-1	OPC
ACAGCGCGTCAACGGA-1	OPC
ACAGGCCTCTGACATG-1	OPC
ACATGCACATGCACTA-1	OPC
ACATGGTAGACTTCCA-1	OPC
ACATGGTAGTTCCAGT-1	OPC
ACCAAACCATATAGAG-1	OPC
ACCAAACGTAACGTAA-1	OPC
ACCAAACGTGTGTGTT-1	OPC
ACCATCCGTCGCTACG-1	OPC
ACCATCCTCGACTGGC-1	OPC
ACCATCCTCTTACTCA-1	OPC
ACCCAAACACAGTTAC-1	OPC
ACCCAAATCAGGCGCT-1	OPC
ACCGAATCAATCACTG-1	OPC
ACCGAATCAATGTGTC-1	OPC
ACCGAATCACCCTTAC-1	OPC
ACCGCAGGTACGTATC-1	OPC
ACCGGGTCATGTGGGA-1	OPC
ACCGGGTTCGGCAATT-1	OPC
ACCGGGTTCGGTTGTA-1	OPC
ACCTGCTTCGTATAGC-1	OPC
ACGTTAGGTGGTAAGC-1	OPC
ACGTTAGTCCTAAAGC-1	OPC
ACTACCCCAATGATGA-1	OPC
ACTACCCCACGTTACA-1	OPC
ACTACCCCAGTTCGGC-1	OPC
ACTACCCGTAACGGTG-1	OPC
ACTACCCTCACAGGGA-1	OPC
ACTAGGTGTACCAAGG-1	OPC
ACTCGGGCAGATTTGC-1	OPC
ACTCGGGTCCACGGCA-1	OPC
ACTCGGGTCCGAATTG-1	OPC
ACTGCGGTCTGATCTT-1	OPC
ACTGTCCCAGGCATCC-1	OPC
ACTTTCACACGTTAGT-1	OPC
AGATAGACAGGCAAGT-1	OPC
AGATTCGCACAAGTGG-1	OPC
AGATTCGGTTCTTTGT-1	OPC
AGCCAGCTCTAGTCGA-1	OPC
AGCCCGACATGGTAAA-1	OPC
AGCCCGAGTCTTAGCA-1	OPC
AGCCCGATCTCCAACC-1	OPC
AGCCCGATCTGTCGGG-1	OPC
AGCCGCAAGTAGTGTA-1	OPC
AGCCGCACATATAGAG-1	OPC
AGCCTCTCATTGAACC-1	OPC
AGCCTCTGTAATGCCT-1	OPC
AGCCTTCGTGAGTAAT-1	OPC
AGCGATTAGACAGCTG-1	OPC
AGCGATTTCAGCGGTC-1	OPC
AGCGATTTCCAGGTCG-1	OPC
AGCTATGGTCTGATTG-1	OPC
AGCTGTAAGTACAGTA-1	OPC
AGGACGAAGATTCCGT-1	OPC
AGGACGAGTGGCCTCA-1	OPC
AGGCGAAAGGGAGATA-1	OPC
AGGCGAACAAGTTGCT-1	OPC
AGGCGAAGTCTGCGCA-1	OPC
AGGCGAATCCGGAAAG-1	OPC
AGGCGTCCACGATTAC-1	OPC
AGTCAACAGTTCCCGG-1	OPC
AGTCCGGCAGGATGTG-1	OPC
AGTCCGGTCTGAACGT-1	OPC
AGTGCCGAGACACGGT-1	OPC
AGTGCCGTCCTCAAGA-1	OPC
AGTGCGCTCTTGTCGC-1	OPC
AGTGTACCAAAGCTTC-1	OPC
AGTGTACTCGGCTATA-1	OPC
AGTTACGAGTCTGCTA-1	OPC
AGTTACGCACTCGTGG-1	OPC
AGTTACGTCCTAAAGC-1	OPC
AGTTTGGCACTAAACC-1	OPC
ATAGGCTGTGGCATAG-1	OPC
ATAGGCTGTTCCCTTG-1	OPC
ATATTCCGTTCACGTA-1	OPC
ATCCAGACATGTCCCT-1	OPC
ATCCCTGAGCAGTAGC-1	OPC
ATCCCTGTCTCCCTTT-1	OPC
ATCCTGCAGATTCCGT-1	OPC
ATCCTGCTCTGTGTCC-1	OPC
ATCGAGTAGCCAGAAC-1	OPC
ATCGAGTTCGCTAGTA-1	OPC
ATGCATGTCGATAGTC-1	OPC
ATGCATGTCTAGTCGA-1	OPC
ATGGATCGTTTCGTTT-1	OPC
ATGTACGTCTCCTTGG-1	OPC
ATGTCGACAGCGCGTT-1	OPC
ATGTCGACAGGCATTT-1	OPC
ATGTCTTAGACACAAT-1	OPC
ATGTTTCCACCTCGTT-1	OPC
ATGTTTCCAGGCAGAT-1	OPC
ATGTTTCGTACGCCCA-1	OPC
ATGTTTCTCGATGCAT-1	OPC
ATGTTTCTCGTTCTAT-1	OPC
ATTACTCAGCTTACCA-1	OPC
ATTACTCGTTTGTGAC-1	OPC
ATTCGTTTCTGGTACA-1	OPC
ATTGTGGAGACGAAAG-1	OPC
ATTTGTCCAATTCTCT-1	OPC
ATTTGTCCATAGATAG-1	OPC
ATTTGTCGTTAGGCTT-1	OPC
CAAAGCTCACCGTCTT-1	OPC
CAAAGCTTCCACGCTT-1	OPC
CAACGGCAGTCCAGAG-1	OPC
CAACGGCTCCAGCACG-1	OPC
CAACGGCTCGGAGTTT-1	OPC
CAACGTACACTAAACC-1	OPC
CAAGAAATCATGTTCT-1	OPC
CAATCCCAGAAATACC-1	OPC
CAATCCCCAAGTCCTA-1	OPC
CACAGATAGTTGACAA-1	OPC
CACAGATCATGTCCCT-1	OPC
CACAGATTCGCTACCT-1	OPC
CACATGAGTCATTGGT-1	OPC
CACCACTAGGGTCTGA-1	OPC
CACCACTCAAGGAGGG-1	OPC
CACCACTGTTTCCACC-1	OPC
CACCTGTTCTACATCT-1	OPC
CACTAAGTCTCGGCGA-1	OPC
CACTGAACAACTCGTA-1	OPC
CAGCCTTGTGGCATAG-1	OPC
CAGCTGGAGTGGTGTG-1	OPC
CAGCTGGCATCTGCAA-1	OPC
CAGCTGGGTCATTGCA-1	OPC
CAGCTGGGTGTTGTTG-1	OPC
CAGCTGGTCAAAGTAG-1	OPC
CAGGATTCAAGGATGC-1	OPC
CAGGGCTTCCTCCATG-1	OPC
CAGTATGAGCTAGCAG-1	OPC
CAGTATGCACAAACGG-1	OPC
CAGTGCGCAACTACTG-1	OPC
CAGTGTATCGCCAGAC-1	OPC
CATAACGAGTCCGATT-1	OPC
CATGTTTAGTTGGAAT-1	OPC
CATTCATGTGAGTCGA-1	OPC
CATTGGAAGTTTGGAA-1	OPC
CATTGGAGTACATGGG-1	OPC
CCAATGAAGCGCATTT-1	OPC
CCACAGGTCCTGTAGA-1	OPC
CCAGAATGTATGCTAC-1	OPC
CCAGAATGTGGTAAGC-1	OPC
CCATACCAGTCGTACT-1	OPC
CCATACCGTAGCGGTA-1	OPC
CCATACCGTTGGCGAA-1	OPC
CCATACCTCGAAGCCC-1	OPC
CCCACATCAAGACACG-1	OPC
CCCGTTACAAGGATGC-1	OPC
CCCTAACCAACTTGGT-1	OPC
CCCTAACCATCCGTGG-1	OPC
CCCTAGTCAGCGCGTT-1	OPC
CCCTCTCCAACTTGGT-1	OPC
CCCTCTCGTGCCGGTT-1	OPC
CCCTGATTCTCTATTG-1	OPC
CCGAAGCGTGCAGACA-1	OPC
CCGAAGCTCAGAACGG-1	OPC
CCGTACTCACTGCTCT-1	OPC
CCGTAGGCACCATTCC-1	OPC
CCTAAAGAGTCTGCTA-1	OPC
CCTATTAAGCGTCTGC-1	OPC
CCTGCTAAGCATTCCA-1	OPC
CCTGCTAAGTGAAACT-1	OPC
CCTTAATAGGCGTAGT-1	OPC
CCTTAATCAGTATACC-1	OPC
CCTTAATTCCCGTATC-1	OPC
CGAGTTAAGGCAAGGG-1	OPC
CGATGATAGAGGAATG-1	OPC
CGATGATAGTAGCAAT-1	OPC
CGCAATAAGATGTTGA-1	OPC
CGCAATACACTCCTCA-1	OPC
CGCAATATCAGAGTGG-1	OPC
CGCACAGAGAATATCG-1	OPC
CGCACAGTCATACTTC-1	OPC
CGCGCAACATACTGCA-1	OPC
CGCGCAAGTCCGTAGC-1	OPC
CGCTAGGGTCTAAGAA-1	OPC
CGCTATCCAAGCAGGT-1	OPC
CGCTATCCACACATGT-1	OPC
CGGACCACAAGGGAGG-1	OPC
CGGACCACACACTAGT-1	OPC
CGTAAACCAATAGCGG-1	OPC
CGTAAACGTAAGCCGA-1	OPC
CGTAAACTCCATTGTT-1	OPC
CGTACAACATTACCTT-1	OPC
CGTGGCAAGTTGACAA-1	OPC
CGTGGCATCAGCCGGT-1	OPC
CGTGGCATCTACTTTG-1	OPC
CGTTCCAAGTACAGTA-1	OPC
CTAACTTAGGCAGTGT-1	OPC
CTAACTTGTATCACAC-1	OPC
CTAACTTTCGCGCTGA-1	OPC
CTACAGAAGCCTTTGA-1	OPC
CTACAGAGTTATAGAG-1	OPC
CTACTTAGTACCGGCT-1	OPC
CTACTTATCGCTACCT-1	OPC
CTAGGATAGGACTTTC-1	OPC
CTAGGATCAGGGAGTT-1	OPC
CTCACCAGTCCCTTTG-1	OPC
CTCAGAAGTGCACCCA-1	OPC
CTCCCAAAGCTACGTT-1	OPC
CTCTACGAGTAGTTCC-1	OPC
CTCTACGGTATCAGCT-1	OPC
CTCTAGCCAATCACTG-1	OPC
CTCTCAGCACCTGAAT-1	OPC
CTCTCAGCACTCGTGG-1	OPC
CTCTCGACACCGTTGG-1	OPC
CTCTCGACACTAGGAG-1	OPC
CTCTCGATCGACTTAG-1	OPC
CTGAATGCAAAGAGAG-1	OPC
CTGAATGGTTGCAGAG-1	OPC
CTGGCAGTCAATTCCT-1	OPC
CTGGGACCATCGTGAT-1	OPC
CTGGGACTCGAGCGCT-1	OPC
CTGGGACTCGAGGTAG-1	OPC
CTGTATTAGCCTTTGA-1	OPC
CTGTATTCAGGGTAAC-1	OPC
CTGTTCGAGGTGTTGG-1	OPC
CTTCCAGCATCGGCCA-1	OPC
CTTCCAGTCCGAGGAA-1	OPC
CTTCTAAGTGGAAGCT-1	OPC
CTTGAAGCAAGTCTGT-1	OPC
CTTGCCATCCATCGAA-1	OPC
CTTGTCGAGGTCTTTG-1	OPC
CTTGTCGTCAGAATGA-1	OPC
CTTTGCGGTCCGTCGA-1	OPC
CTTTGCGTCCAATAGC-1	OPC
CTTTGCGTCTTGCGCT-1	OPC
GAAACAACATTATGGC-1	OPC
GAAACAAGTGCAGACA-1	OPC
GAAACAATCCTCCTGA-1	OPC
GAAATGAGTTAAGGGC-1	OPC
GAAATGATCGGTTAGT-1	OPC
GAACCGCGTTTCGACA-1	OPC
GAACCGCTCGAGAAGC-1	OPC
GAACCGCTCGCACCGA-1	OPC
GAACGTTCACCGATCG-1	OPC
GAACGTTGTTAGGCTT-1	OPC
GAAGAGCTCCCATAGA-1	OPC
GAAGTCTGTGGACCAA-1	OPC
GAATCTGAGGTAAGTT-1	OPC
GAATCTGTCCTTTGAT-1	OPC
GAATCTGTCTTGCGCT-1	OPC
GACCAATAGGCAGTAC-1	OPC
GACCAATCAAAGCATA-1	OPC
GACCAATCACACACAT-1	OPC
GACCAATCACGCGTTG-1	OPC
GACCAATTCGATCTTT-1	OPC
GACCAATTCGGAAAGC-1	OPC
GACCAATTCGTGCTTC-1	OPC
GACCCAGGTCCGTAGC-1	OPC
GACCGACTCATCGCCT-1	OPC
GACCTTCCACGGCCAT-1	OPC
GACTAGTCAGGACTGA-1	OPC
GAGAACGAGCCTATAC-1	OPC
GAGAACGAGCCTTTGA-1	OPC
GAGAACGCATGATCGT-1	OPC
GAGACTTCATAGTCCA-1	OPC
GAGACTTGTAGGTAAT-1	OPC
GAGATTCAGGGTCTGA-1	OPC
GAGATTCTCGATAGCT-1	OPC
GAGATTCTCGTGCTGG-1	OPC
GAGCATTAGAGAACCC-1	OPC
GAGCATTAGTGAACCG-1	OPC
GAGCGCTCAAGTTCGT-1	OPC
GAGGATGCAACGGGTA-1	OPC
GAGTGAGAGGAGTACC-1	OPC
GATCATGAGTGATATG-1	OPC
GATCGTAAGGATTGAT-1	OPC
GATCGTACACGCGATC-1	OPC
GATCGTAGTACTAGAA-1	OPC
GATCGTAGTTCTCGAA-1	OPC
GATGGCCAGAACTAAC-1	OPC
GATTAGCCAGCGTACC-1	OPC
GATTGACAGGGAAATG-1	OPC
GATTGACCAAGTCCTA-1	OPC
GATTGACTCTCTGACC-1	OPC
GCACGCAGTGGAAGCT-1	OPC
GCACGGTAGAGGAATG-1	OPC
GCACGGTAGCTCGTTA-1	OPC
GCACGGTAGTGTCGCC-1	OPC
GCACGGTAGTTCAGGG-1	OPC
GCACGGTCATCATGTG-1	OPC
GCACGGTGTGGCCTCA-1	OPC
GCACGGTTCCTTGACC-1	OPC
GCACGGTTCGACCCGA-1	OPC
GCAGATTCACTCCTCA-1	OPC
GCAGCCACACTCGCAG-1	OPC
GCAGCCACAGGCACAA-1	OPC
GCAGCCATCGCGCCAA-1	OPC
GCAGCTGTCCGCCTAT-1	OPC
GCATGATAGCCCATGC-1	OPC
GCATTGAAGCAGAAAG-1	OPC
GCCAGCAAGAACTCCT-1	OPC
GCCAGCAAGGCTTTAC-1	OPC
GCCAGCAGTAGGTAAT-1	OPC
GCCCAGATCGCGCCAA-1	OPC
GCCCGAACATGCTATG-1	OPC
GCCTACTGTTGTATCG-1	OPC
GCGAGAAGTCTGGTTA-1	OPC
GCGAGTCAGTTTACGC-1	OPC
GCGATCGAGAGGAATG-1	OPC
GCGATCGAGGCAGTGT-1	OPC
GCGATCGAGTAACACA-1	OPC
GCGATCGGTTCCAATG-1	OPC
GCGATCGTCGGTACTA-1	OPC
GCGATTACAAGTCTGT-1	OPC
GCGCATGAGCTCGTTA-1	OPC
GCGCCAAGTTTGACCA-1	OPC
GCGCCAATCCTTGACC-1	OPC
GCGGAAACAGGACCTC-1	OPC
GCGGGTTAGCAGAATT-1	OPC
GCGGGTTCAAGATGCG-1	OPC
GCGGTGTCAACGTCGC-1	OPC
GCGTTGGCAGAGTCGA-1	OPC
GCTCAGGCAGGCAGAT-1	OPC
GCTCCTACATTGTTCT-1	OPC
GCTGTTCAGACAACGC-1	OPC
GCTTGCTCACAAGGGT-1	OPC
GGAACCCGTCGAGGAT-1	OPC
GGAACCCTCCCGTAGG-1	OPC
GGAATCTCATCCGTAA-1	OPC
GGAGGATCAGCACATT-1	OPC
GGAGGATTCGTGCTGG-1	OPC
GGAGTAGGTATGCTAC-1	OPC
GGATGAGAGACCCATT-1	OPC
GGATGAGAGTGAGTTA-1	OPC
GGATGAGCAATGGCAG-1	OPC
GGATGAGCATGCGACC-1	OPC
GGCATTAAGAACAGGA-1	OPC
GGCATTAGTCGAGAAC-1	OPC
GGCGAAAGTGTGTGTT-1	OPC
GGCGTTGAGACGTCAG-1	OPC
GGCGTTGCACGCGATC-1	OPC
GGCGTTGGTCTGAGCC-1	OPC
GGCGTTGGTTAGTAGA-1	OPC
GGGAACACAATGGTAA-1	OPC
GGGAACACATGATCGT-1	OPC
GGGAACAGTGTGCGTC-1	OPC
GGGCCATCACGCCGAT-1	OPC
GGGCCATGTTGGACGA-1	OPC
GGGTGTCCAGGCTACC-1	OPC
GGGTTATGTAGATGAT-1	OPC
GGGTTATGTGAGTAAT-1	OPC
GGGTTATTCGGCTATA-1	OPC
GGTACCGCATCGAGTT-1	OPC
GGTACCGGTAGCAGGT-1	OPC
GGTAGGAAGAAGAGTG-1	OPC
GGTAGGAAGCACGTAG-1	OPC
GGTCATACATAGGCGA-1	OPC
GGTCATATCCATATCT-1	OPC
GGTCATATCCGGGCAT-1	OPC
GGTGAAGCAACGTAGG-1	OPC
GGTGAAGGTCTCGGGT-1	OPC
GGTGAAGTCGGGCTCA-1	OPC
GGTGAAGTCTCCTTGG-1	OPC
GGTGTCGAGGTTGTTC-1	OPC
GGTGTCGCAAGGGTAC-1	OPC
GGTGTCGTCTGCGTCT-1	OPC
GGTTGCGAGAACAGGA-1	OPC
GGTTGCGCAAATTGAG-1	OPC
GGTTGCGCACAAACAA-1	OPC
GGTTGCGCATTATGGC-1	OPC
GGTTGCGGTCTAAAGA-1	OPC
GTAATCGAGTCCGTGC-1	OPC
GTAATCGCAGGCAAGT-1	OPC
GTAATCGTCTATCTTG-1	OPC
GTACTTTCATGGTATC-1	OPC
GTAGTACGTAGGGTTG-1	OPC
GTCACAACAGGATGTG-1	OPC
GTCACAATCTTGTCAT-1	OPC
GTCACCTCAAGGACCA-1	OPC
GTCACCTTCGGAGTTT-1	OPC
GTCACGGTCTGGGCGT-1	OPC
GTCACTCTCGTCCCAT-1	OPC
GTCGTAAGTGATAAGT-1	OPC
GTCTACCTCCAGTTAG-1	OPC
GTGACATAGAATCAGT-1	OPC
GTGACATAGCGATACG-1	OPC
GTGATCATCTCCACTG-1	OPC
GTGCACGTCTCGCGGA-1	OPC
GTGGCGTTCGGCTATA-1	OPC
GTGTCAAAGCAACGGT-1	OPC
GTGTCCTTCACTACCC-1	OPC
GTGTGATAGATGTTGA-1	OPC
GTGTGATAGCTGCTCG-1	OPC
GTTATGGAGAAGCCTG-1	OPC
GTTATGGGTACTAGAA-1	OPC
GTTATGGTCAGTTGAC-1	OPC
GTTATTCAGTAACTCC-1	OPC
GTTCAAGGTTACCCAA-1	OPC
GTTGGGCAGGGCGAAG-1	OPC
GTTGGTACAGATTAAG-1	OPC
TAAACCGGTTGTATCG-1	OPC
TAAACCGTCATGTTCT-1	OPC
TAACAGCAGTCGTGAG-1	OPC
TAACGGTCAAATTCCG-1	OPC
TAACTTCCAACTCGAT-1	OPC
TAACTTCGTACTAGAA-1	OPC
TAACTTCGTCACAGGA-1	OPC
TAAGCCACACTGTAAC-1	OPC
TAAGTGCAGCGAGAAA-1	OPC
TAATCGGAGAACGACC-1	OPC
TAATCGGAGAAGACTT-1	OPC
TAATTCCAGTTCAGGG-1	OPC
TAATTCCGTCCGTGCA-1	OPC
TACATGGAGAGGTCCA-1	OPC
TACATGGCATCCTCGT-1	OPC
TACATTCCAACCTCCT-1	OPC
TACATTCGTCAACTGT-1	OPC
TACCCTGAGAGAGTTT-1	OPC
TACCCTGCAGAGAGAA-1	OPC
TACCTCGGTGTTGTTG-1	OPC
TACGCAAGTAGTGATA-1	OPC
TACGCCTCAAAGGAAG-1	OPC
TACGCCTGTTTAGACC-1	OPC
TACGGATTCTCTTCTC-1	OPC
TACTAGGCAACGCACC-1	OPC
TACTAGGCACATGATC-1	OPC
TACTCGCAGTCTTAGC-1	OPC
TACTCGCCACGATTAC-1	OPC
TAGACTGCAAGCACTT-1	OPC
TAGACTGCAATGTGCT-1	OPC
TAGACTGCATCAACTG-1	OPC
TAGCACACAGTGCGTC-1	OPC
TAGCATGCACGGCCAT-1	OPC
TAGCATGTCGCGTGAC-1	OPC
TAGCCCTTCTTCACTA-1	OPC
TAGCCGGAGAGGCGGA-1	OPC
TAGGTGTAGACTAGGC-1	OPC
TAGGTGTTCTGTGTCC-1	OPC
TAGTCCCGTATCCTTT-1	OPC
TATCGAGGTTTAAGGA-1	OPC
TATCGAGTCCAAACCA-1	OPC
TATCGAGTCGGCTATA-1	OPC
TATCTGTAGATCCGAG-1	OPC
TATCTGTCAAGTCTGT-1	OPC
TATCTGTGTCCCGTGA-1	OPC
TATGTGGAGGCATGCA-1	OPC
TATGTTCAGATCTAAG-1	OPC
TATGTTCGTGCTTGAT-1	OPC
TATGTTCTCTTACTCA-1	OPC
TATGTTCTCTTGCGCT-1	OPC
TCAAAGCCAAGAGCGT-1	OPC
TCAAGGTAGATGTTGA-1	OPC
TCAAGGTCACAGATGG-1	OPC
TCAAGGTCACAGTTCA-1	OPC
TCAAGGTTCGATATGC-1	OPC
TCAATTCAGCCATGGA-1	OPC
TCAATTCCAAGTTCGT-1	OPC
TCACAAGAGACTAGGC-1	OPC
TCACAAGAGGCCTCTG-1	OPC
TCACAAGGTTCTACGA-1	OPC
TCACAGAGTGAGGGTT-1	OPC
TCACCACCATCATCGA-1	OPC
TCACCACCATTACACG-1	OPC
TCACTCGTCTTCGTTA-1	OPC
TCAGCTCCACGCGATC-1	OPC
TCAGGTAAGTGATTAG-1	OPC
TCAGGTATCCATCTAT-1	OPC
TCAGGTATCTTCTTCC-1	OPC
TCAGTCCAGGCTCAGA-1	OPC
TCAGTTTAGGAGTAGA-1	OPC
TCAGTTTCAAAGCTGG-1	OPC
TCCAGAACAGCGTGAA-1	OPC
TCCATCGAGTCCGTGC-1	OPC
TCGATTTAGCATTCCA-1	OPC
TCGCAGGGTACTTCGA-1	OPC
TCGCCTACATATTGGC-1	OPC
TCGCCTACATGTCCCT-1	OPC
TCGCCTATCCGGGCAT-1	OPC
TCTATTGAGAAATACC-1	OPC
TCTATTGAGATGTTGA-1	OPC
TCTATTGCAGTAACCT-1	OPC
TCTATTGGTGCTGTCG-1	OPC
TCTCAGCCACGACGAA-1	OPC
TCTCTGGCAAAGCTGG-1	OPC
TGACAACTCACGATTG-1	OPC
TGACTCCTCGACGGAA-1	OPC
TGAGCCGTCGATCTTT-1	OPC
TGAGTCATCGCGCCAA-1	OPC
TGATGCACATTCTCGC-1	OPC
TGATTTCGTCTGTCCT-1	OPC
TGATTTCGTTGGACGA-1	OPC
TGATTTCTCGGATAAA-1	OPC
TGCATTTTCCGCCTAT-1	OPC
TGCATTTTCGACTTAG-1	OPC
TGCCTCAAGAACTCCT-1	OPC
TGCCTGTAGGGTTCTT-1	OPC
TGCGTAACATCCATAG-1	OPC
TGCGTAAGTTCCGCGA-1	OPC
TGCTATTGTAGGGTTG-1	OPC
TGCTCACCAATGCCAT-1	OPC
TGCTTTAAGTCCCGCA-1	OPC
TGCTTTATCCTTACGC-1	OPC
TGGAAGGAGTCGTACT-1	OPC
TGGAAGGCATCTCACC-1	OPC
TGGAAGGGTGGCCTCA-1	OPC
TGGCAATAGCATTGGG-1	OPC
TGGCAATCACAGGTAG-1	OPC
TGGCGCAGTAACTGAA-1	OPC
TGGCGCATCACGTGTA-1	OPC
TGGCGCATCGTGATAC-1	OPC
TGGGTGCGTTTCGTTT-1	OPC
TGGGTTACAGGGTACA-1	OPC
TGGTCAAGTGGGTAGT-1	OPC
TGGTCAATCAGTGTGT-1	OPC
TGGTCCTAGCTGAAAT-1	OPC
TGTACAGCACACACCG-1	OPC
TGTACGACAATTCTCT-1	OPC
TGTACGATCTATGAGC-1	OPC
TGTGGCGCATCGAGTT-1	OPC
TGTGTCCTCGTGGTAT-1	OPC
TGTTAGGGTCCTCAGG-1	OPC
TGTTAGGGTGGTCGAA-1	OPC
TGTTAGGGTTGCTTGA-1	OPC
TTAACGGTCGTCTAGA-1	OPC
TTACCCGCATAGACGG-1	OPC
TTACCGCCATGGGTGA-1	OPC
TTACCGCTCCCGATTC-1	OPC
TTACGGAAGGTTGACG-1	OPC
TTACGGAAGTGATAAC-1	OPC
TTACGTTAGGACTAGC-1	OPC
TTACTCATCCAGTACA-1	OPC
TTAGCGAGTGGGTAGT-1	OPC
TTAGCGATCGCCCTTA-1	OPC
TTAGCGATCTACCCGT-1	OPC
TTCATCACATCCGTGG-1	OPC
TTCATCAGTTAGCTCA-1	OPC
TTCATCATCGTTTGAG-1	OPC
TTCATTGGTGGTAGAC-1	OPC
TTCGTTACAAATAGTG-1	OPC
TTCTGTACAAGGAGGG-1	OPC
TTCTGTAGTCATTGGT-1	OPC
TTCTGTAGTTAGGAAT-1	OPC
TTGACGACATAGCCAT-1	OPC
TTGACGAGTCAGAAAT-1	OPC
TTGAGCAAGAAAGGGT-1	OPC
TTGAGCAAGAGCTGTG-1	OPC
TTGAGTGGTCTCGGGT-1	OPC
TTGCCCAAGCAACGGT-1	OPC
TTGCCCAAGGATATCA-1	OPC
TTGCGAATCAAGAGGC-1	OPC
TTGCGGGTCGACCCGA-1	OPC
TTGCTATGTCATAGAA-1	OPC
TTGCTTATCACTTACT-1	OPC
TTGTCTAGTGAGTCGA-1	OPC
TTGTTCACAGAATGCG-1	OPC
TTGTTCATCCTGGAAT-1	OPC
TTGTTGTGTGCAAGCA-1	OPC
TTGTTGTTCGCTAGTA-1	OPC
TTTGAGGGTGAATCAA-1	OPC
TTTGAGGTCGGGACAA-1	OPC
TTTGCGCTCAGGCGCT-1	OPC
TTTGCGCTCCACTAGA-1	OPC
TTTGGTTTCTCTGAGA-1	OPC
TTTGTGTTCAAGAGGC-1	OPC
