AAACGAAAGAAGCCGT-1	Novel (Most Unreliable)
AAACGAATCGTTCAGA-1	Novel (Most Unreliable)
AAACTCGCACTGTCGG-1	Novel (Most Unreliable)
AAACTGCAGAGGTGGG-1	Novel (Most Unreliable)
AAACTGCAGTCCCTCT-1	Novel (Most Unreliable)
AAAGATGCATGTGGGA-1	Novel (Most Unreliable)
AAAGATGTCCGGGCAT-1	Novel (Most Unreliable)
AAAGGATCAACGTAGG-1	Novel (Most Unreliable)
AAAGGGCAGGATCCTT-1	Novel (Most Unreliable)
AAAGGGCGTAGTTTGC-1	Novel (Most Unreliable)
AAATGAGAGAGTGGAA-1	Novel (Most Unreliable)
AAATGAGAGTATACCC-1	Novel (Most Unreliable)
AAATGAGTCGATATGC-1	Novel (Most Unreliable)
AAATGCCTCCAACGCG-1	Novel (Most Unreliable)
AACAGTCGTCGAGGAT-1	Novel (Most Unreliable)
AACATCGAGAGGCGGA-1	Novel (Most Unreliable)
AACATCGAGATGTTGA-1	Novel (Most Unreliable)
AACCAACAGAGTTTGA-1	Novel (Most Unreliable)
AACCAACAGGATTAAC-1	Novel (Most Unreliable)
AACCGATGTCTGATTG-1	Novel (Most Unreliable)
AACCGATGTTTGATCG-1	Novel (Most Unreliable)
AACCTGAAGATATGAC-1	Novel (Most Unreliable)
AACCTGAGTAGGTGAC-1	Novel (Most Unreliable)
AACCTTTAGGATCCTT-1	Novel (Most Unreliable)
AACCTTTCAGAAAGAG-1	Novel (Most Unreliable)
AACGAGGAGAGGCCTA-1	Novel (Most Unreliable)
AACGAGGTCTTAACGG-1	Novel (Most Unreliable)
AACGGGAAGGACTTTC-1	Novel (Most Unreliable)
AACGGGAAGTTGAATG-1	Novel (Most Unreliable)
AACGGGAGTTCAGTTG-1	Novel (Most Unreliable)
AACGTACCAAGTTCGT-1	Novel (Most Unreliable)
AACGTACCACTGTTAG-1	Novel (Most Unreliable)
AACGTACGTCGAGAAC-1	Novel (Most Unreliable)
AACGTACTCCCAGTAA-1	Novel (Most Unreliable)
AACTGTGAGATCTCAC-1	Novel (Most Unreliable)
AACTGTGGTGCCGGTT-1	Novel (Most Unreliable)
AACTTGGGTCTGGTCG-1	Novel (Most Unreliable)
AACTTGGTCTTAAGCG-1	Novel (Most Unreliable)
AAGATAGAGATGTTCC-1	Novel (Most Unreliable)
AAGATAGCATGGTTTG-1	Novel (Most Unreliable)
AAGATAGTCTCGACCT-1	Novel (Most Unreliable)
AAGGAGCCAGGGTAAC-1	Novel (Most Unreliable)
AAGGAGCTCGTGGCGT-1	Novel (Most Unreliable)
AAGGTTCCAATCAGGG-1	Novel (Most Unreliable)
AAGGTTCCATGGTAAA-1	Novel (Most Unreliable)
AAGGTTCTCGTGTGCG-1	Novel (Most Unreliable)
AATACGCCACTTATGG-1	Novel (Most Unreliable)
AATGGCTAGTTGCGCC-1	Novel (Most Unreliable)
AATGGCTAGTTGGAAT-1	Novel (Most Unreliable)
AATGGCTGTACTAGAA-1	Novel (Most Unreliable)
AATGGCTTCCGCTCTA-1	Novel (Most Unreliable)
AATGTCGAGAACGACC-1	Novel (Most Unreliable)
AATGTCGCAAGGAAGA-1	Novel (Most Unreliable)
AATGTCGCACACACAT-1	Novel (Most Unreliable)
AATGTCGGTGAATCGG-1	Novel (Most Unreliable)
ACAAACCGTATTCTTC-1	Novel (Most Unreliable)
ACAAAGAGTCAGACGA-1	Novel (Most Unreliable)
ACAAGCTGTACGGATG-1	Novel (Most Unreliable)
ACAATCGCAGTTGCAT-1	Novel (Most Unreliable)
ACAGAAACAACACGGA-1	Novel (Most Unreliable)
ACAGACTCAACGCAAG-1	Novel (Most Unreliable)
ACAGACTCATTAGCCA-1	Novel (Most Unreliable)
ACAGGCCCAAAGACGC-1	Novel (Most Unreliable)
ACAGGCCTCGGGATCC-1	Novel (Most Unreliable)
ACATGCATCGTGGCGT-1	Novel (Most Unreliable)
ACATGGTGTGTGCTTA-1	Novel (Most Unreliable)
ACCATCCTCAGTTGAC-1	Novel (Most Unreliable)
ACCCAAAAGCTTACCA-1	Novel (Most Unreliable)
ACCCAAAGTACGAGAC-1	Novel (Most Unreliable)
ACCGAATCAATGACTC-1	Novel (Most Unreliable)
ACCGAATGTACGACCC-1	Novel (Most Unreliable)
ACCGGGTGTCTAAGAA-1	Novel (Most Unreliable)
ACCTGCTAGGCAGATC-1	Novel (Most Unreliable)
ACCTGCTGTAACGGAC-1	Novel (Most Unreliable)
ACGGATTGTCACTCTC-1	Novel (Most Unreliable)
ACGTGGCCATACAACC-1	Novel (Most Unreliable)
ACGTGGCGTTTAGGAA-1	Novel (Most Unreliable)
ACGTGGCGTTTGACCA-1	Novel (Most Unreliable)
ACGTTAGGTCTGATTG-1	Novel (Most Unreliable)
ACGTTAGTCCGTGCGA-1	Novel (Most Unreliable)
ACGTTAGTCTATACCT-1	Novel (Most Unreliable)
ACTACCCCAACCTCTC-1	Novel (Most Unreliable)
ACTACCCGTGCATCAT-1	Novel (Most Unreliable)
ACTACCCTCACCCGGA-1	Novel (Most Unreliable)
ACTACCCTCCAACAAC-1	Novel (Most Unreliable)
ACTACGATCACATTCT-1	Novel (Most Unreliable)
ACTAGGTGTGCGTAGA-1	Novel (Most Unreliable)
ACTATTCGTTACGAAA-1	Novel (Most Unreliable)
ACTCGGGTCCAGGGAA-1	Novel (Most Unreliable)
ACTGCAAGTCGCTACG-1	Novel (Most Unreliable)
ACTGTCCAGTCACGCC-1	Novel (Most Unreliable)
ACTGTCCGTGCACCCA-1	Novel (Most Unreliable)
ACTTCCGAGGAAGGTA-1	Novel (Most Unreliable)
AGACAAAAGGAGGCGA-1	Novel (Most Unreliable)
AGACAAACACACACCG-1	Novel (Most Unreliable)
AGACAAAGTGCAAGCA-1	Novel (Most Unreliable)
AGATTCGAGGCAATTA-1	Novel (Most Unreliable)
AGATTCGAGTGTAATG-1	Novel (Most Unreliable)
AGCCAGCCAAGGATGC-1	Novel (Most Unreliable)
AGCCAGCGTATGGGTG-1	Novel (Most Unreliable)
AGCCAGCTCGCTGATA-1	Novel (Most Unreliable)
AGCCCGAAGGCCTCTG-1	Novel (Most Unreliable)
AGCCGCACAGTAACCT-1	Novel (Most Unreliable)
AGCCTGGGTGCAAGAC-1	Novel (Most Unreliable)
AGCCTGGTCAGTGTAC-1	Novel (Most Unreliable)
AGCCTTCAGAGGCGGA-1	Novel (Most Unreliable)
AGCGTATTCTCTTCTC-1	Novel (Most Unreliable)
AGCGTGCCACCCATCT-1	Novel (Most Unreliable)
AGCTATGCAAACCCTA-1	Novel (Most Unreliable)
AGCTGATCACGCTAAT-1	Novel (Most Unreliable)
AGCTGTAAGGTTAACA-1	Novel (Most Unreliable)
AGCTGTATCAAACCAC-1	Novel (Most Unreliable)
AGCTGTATCGCTCGGA-1	Novel (Most Unreliable)
AGGACGATCTCTATTG-1	Novel (Most Unreliable)
AGGCCTGGTATGGGTG-1	Novel (Most Unreliable)
AGGCCTGGTGGTTCTA-1	Novel (Most Unreliable)
AGGCGAACAACGGACA-1	Novel (Most Unreliable)
AGGCGTCTCAGGTTTG-1	Novel (Most Unreliable)
AGTCAACGTATCTGCA-1	Novel (Most Unreliable)
AGTCAACTCGCACCTT-1	Novel (Most Unreliable)
AGTCCGGCATAGATAG-1	Novel (Most Unreliable)
AGTCCGGGTTAGTAGA-1	Novel (Most Unreliable)
AGTCCGGTCCTGGAAT-1	Novel (Most Unreliable)
AGTGCCGGTTCCAATG-1	Novel (Most Unreliable)
AGTGCGCAGGACTAGC-1	Novel (Most Unreliable)
AGTGCGCGTTGCTTGA-1	Novel (Most Unreliable)
AGTGCGCTCGTATAGC-1	Novel (Most Unreliable)
AGTTTGGGTAATGTAG-1	Novel (Most Unreliable)
AGTTTGGGTATCTCAG-1	Novel (Most Unreliable)
ATAGGCTGTGTTAGAA-1	Novel (Most Unreliable)
ATAGTCGCATATAGAG-1	Novel (Most Unreliable)
ATCCAGAAGATGGGTC-1	Novel (Most Unreliable)
ATCCAGAGTACTTGAC-1	Novel (Most Unreliable)
ATCCAGATCAAGGCCC-1	Novel (Most Unreliable)
ATCCCTGAGGCTCAGA-1	Novel (Most Unreliable)
ATCCCTGGTGATTCCA-1	Novel (Most Unreliable)
ATCCTCGAGAATACTG-1	Novel (Most Unreliable)
ATCCTCGGTAGAAAGG-1	Novel (Most Unreliable)
ATCCTCGGTATCCCTC-1	Novel (Most Unreliable)
ATCCTGCAGGGTAATT-1	Novel (Most Unreliable)
ATCGAGTCAGTATCTG-1	Novel (Most Unreliable)
ATGCATGCAAGGTTCT-1	Novel (Most Unreliable)
ATGCATGGTCATTGGT-1	Novel (Most Unreliable)
ATGGATCAGATGGGTC-1	Novel (Most Unreliable)
ATGGATCCATCCTGGG-1	Novel (Most Unreliable)
ATGTACGGTCCATTGA-1	Novel (Most Unreliable)
ATGTACGTCTAGTCGA-1	Novel (Most Unreliable)
ATGTTTCAGATGGGAA-1	Novel (Most Unreliable)
ATGTTTCGTTTAAGGA-1	Novel (Most Unreliable)
ATTACTCTCTCTGCGT-1	Novel (Most Unreliable)
ATTCGTTAGAGCCACA-1	Novel (Most Unreliable)
ATTGTCTCACGCTCAG-1	Novel (Most Unreliable)
ATTGTGGTCGCTTACC-1	Novel (Most Unreliable)
ATTGTGGTCTTCCACG-1	Novel (Most Unreliable)
ATTTGTCGTTTAGGAA-1	Novel (Most Unreliable)
ATTTGTCTCGTTACAG-1	Novel (Most Unreliable)
CAAAGCTGTAACATAG-1	Novel (Most Unreliable)
CAAAGCTGTGCAAGCA-1	Novel (Most Unreliable)
CAACCAACACGCGTTG-1	Novel (Most Unreliable)
CAACGGCCATCCTGGG-1	Novel (Most Unreliable)
CAACGGCGTAGCGAGT-1	Novel (Most Unreliable)
CAACGGCTCTTGTACT-1	Novel (Most Unreliable)
CAAGAAAAGGTTCGTT-1	Novel (Most Unreliable)
CAAGAAACAGGCATTT-1	Novel (Most Unreliable)
CAAGAAACAGGTTATC-1	Novel (Most Unreliable)
CAAGGCCCACTTATGG-1	Novel (Most Unreliable)
CAAGGCCTCCAATAGC-1	Novel (Most Unreliable)
CAATCCCGTGAGGGTT-1	Novel (Most Unreliable)
CACAACACAAGGACCA-1	Novel (Most Unreliable)
CACAGATTCACAGGGA-1	Novel (Most Unreliable)
CACAGATTCCGTTAGA-1	Novel (Most Unreliable)
CACATGATCCATTGTT-1	Novel (Most Unreliable)
CACATGATCCGTACGG-1	Novel (Most Unreliable)
CACCACTTCTCGCGTT-1	Novel (Most Unreliable)
CACCTGTCACGTGAAG-1	Novel (Most Unreliable)
CACCTTGAGGCATGCA-1	Novel (Most Unreliable)
CACCTTGAGGGCTTCC-1	Novel (Most Unreliable)
CACCTTGGTACTAGAA-1	Novel (Most Unreliable)
CACCTTGTCCGTTAGA-1	Novel (Most Unreliable)
CACTAAGCAGCCACGT-1	Novel (Most Unreliable)
CACTAAGGTTTCCACC-1	Novel (Most Unreliable)
CACTGAACACGTTGTA-1	Novel (Most Unreliable)
CACTGAAGTAGGGTCA-1	Novel (Most Unreliable)
CACTGAATCCCGAAGC-1	Novel (Most Unreliable)
CACTGAATCGCGCCAA-1	Novel (Most Unreliable)
CAGCTGGAGTAATGTG-1	Novel (Most Unreliable)
CAGCTGGTCCTATCCG-1	Novel (Most Unreliable)
CAGCTGGTCTAAACGC-1	Novel (Most Unreliable)
CAGGATTCAACTAGAA-1	Novel (Most Unreliable)
CAGGATTGTAGAAAGG-1	Novel (Most Unreliable)
CAGTATGAGAGTGGTC-1	Novel (Most Unreliable)
CAGTATGCACGATATC-1	Novel (Most Unreliable)
CAGTATGGTAATGTAG-1	Novel (Most Unreliable)
CAGTGCGGTGCGACCT-1	Novel (Most Unreliable)
CAGTGCGGTTCTACGA-1	Novel (Most Unreliable)
CAGTGTAGTGAATGTA-1	Novel (Most Unreliable)
CATAACGCAGTATACC-1	Novel (Most Unreliable)
CATAACGGTCAGACGA-1	Novel (Most Unreliable)
CATGCCTCACGATTAC-1	Novel (Most Unreliable)
CATGCCTCAGAGCCAA-1	Novel (Most Unreliable)
CATGCCTTCCATTGTT-1	Novel (Most Unreliable)
CATGCCTTCGAAGCCC-1	Novel (Most Unreliable)
CATGTTTCAAGCAACG-1	Novel (Most Unreliable)
CATTCATAGTGGGACT-1	Novel (Most Unreliable)
CATTCATGTGCTTGAT-1	Novel (Most Unreliable)
CATTCATTCGTTACAG-1	Novel (Most Unreliable)
CATTCATTCTGGACAT-1	Novel (Most Unreliable)
CATTCCGTCAGGCGCT-1	Novel (Most Unreliable)
CATTGGACATAGAATG-1	Novel (Most Unreliable)
CCAGAATAGGAAGAAC-1	Novel (Most Unreliable)
CCAGAATAGGTCTTTG-1	Novel (Most Unreliable)
CCAGAATTCAGTCACA-1	Novel (Most Unreliable)
CCAGATAGTCCAAGAG-1	Novel (Most Unreliable)
CCAGATATCTTTCGAT-1	Novel (Most Unreliable)
CCATACCCACTCCTCA-1	Novel (Most Unreliable)
CCCACATGTACGCAAG-1	Novel (Most Unreliable)
CCCAGAGGTTTGTGAC-1	Novel (Most Unreliable)
CCCGTTAAGGCCTCTG-1	Novel (Most Unreliable)
CCCGTTAAGTGAAACT-1	Novel (Most Unreliable)
CCCGTTATCTATGAGC-1	Novel (Most Unreliable)
CCCTAACGTCAGAGTG-1	Novel (Most Unreliable)
CCCTAACTCGTCTTAT-1	Novel (Most Unreliable)
CCCTAGTAGTAGCAAT-1	Novel (Most Unreliable)
CCCTAGTGTCTGGTTA-1	Novel (Most Unreliable)
CCCTAGTGTGCATTCA-1	Novel (Most Unreliable)
CCCTCTCAGTCGTATC-1	Novel (Most Unreliable)
CCCTCTCCAGCAACAG-1	Novel (Most Unreliable)
CCCTCTCGTTCTTATC-1	Novel (Most Unreliable)
CCCTCTCTCGAGTGTT-1	Novel (Most Unreliable)
CCCTGATCACTCGGAC-1	Novel (Most Unreliable)
CCGCATTTCTATTGTC-1	Novel (Most Unreliable)
CCGTAGGGTATCTCAG-1	Novel (Most Unreliable)
CCGTGAGAGATCGATA-1	Novel (Most Unreliable)
CCGTGAGAGTCGGGAT-1	Novel (Most Unreliable)
CCGTGAGTCCATACCC-1	Novel (Most Unreliable)
CCTAAAGTCAGTACAC-1	Novel (Most Unreliable)
CCTATTAAGGCACTAG-1	Novel (Most Unreliable)
CCTATTACACCACAGC-1	Novel (Most Unreliable)
CCTATTACAGACCTGC-1	Novel (Most Unreliable)
CCTCCCTTCGGTACTA-1	Novel (Most Unreliable)
CCTGGGAGTTAACCGT-1	Novel (Most Unreliable)
CCTTGCAAGGTGATGC-1	Novel (Most Unreliable)
CCTTGGTAGTTGCTTG-1	Novel (Most Unreliable)
CGAGTTAGTATTCTGG-1	Novel (Most Unreliable)
CGATGATAGAGAGTAG-1	Novel (Most Unreliable)
CGATGATAGCTCCATA-1	Novel (Most Unreliable)
CGATGATAGTCCGGAA-1	Novel (Most Unreliable)
CGATGATGTATCTAGC-1	Novel (Most Unreliable)
CGCAATAGTATCACAC-1	Novel (Most Unreliable)
CGCAATAGTATCAGCT-1	Novel (Most Unreliable)
CGCAATAGTCAACTGT-1	Novel (Most Unreliable)
CGCAGGTCAATTCAGC-1	Novel (Most Unreliable)
CGCAGGTCAGCTTACA-1	Novel (Most Unreliable)
CGCAGGTTCACCCTTG-1	Novel (Most Unreliable)
CGCTAGGGTCACTCTC-1	Novel (Most Unreliable)
CGCTAGGTCGGATCGC-1	Novel (Most Unreliable)
CGCTAGGTCTACATCT-1	Novel (Most Unreliable)
CGGACCATCGCCGAAC-1	Novel (Most Unreliable)
CGGACTGCAATTCGTG-1	Novel (Most Unreliable)
CGGTGCAGTAGTCTGT-1	Novel (Most Unreliable)
CGGTGCAGTTTGAAGA-1	Novel (Most Unreliable)
CGTAAACTCCTGGAAT-1	Novel (Most Unreliable)
CGTACAAGTTTCGACA-1	Novel (Most Unreliable)
CGTACAATCTATATCC-1	Novel (Most Unreliable)
CGTGGCACAAGGAAGA-1	Novel (Most Unreliable)
CGTTCCAGTATGGATA-1	Novel (Most Unreliable)
CTAACTTTCCAATAGC-1	Novel (Most Unreliable)
CTACAGATCAGAATGA-1	Novel (Most Unreliable)
CTACTTAAGTGGGACT-1	Novel (Most Unreliable)
CTACTTAGTGCTGTGC-1	Novel (Most Unreliable)
CTACTTAGTGGGTAGT-1	Novel (Most Unreliable)
CTAGCGGCAGTGCTCG-1	Novel (Most Unreliable)
CTCAACCAGGTCGTTT-1	Novel (Most Unreliable)
CTCAACCTCCGGCGAT-1	Novel (Most Unreliable)
CTCACCAAGGCAGTAC-1	Novel (Most Unreliable)
CTCACCACATGACTGT-1	Novel (Most Unreliable)
CTCACCAGTTACTTTC-1	Novel (Most Unreliable)
CTCACCATCTATTTCG-1	Novel (Most Unreliable)
CTCAGAACAAACGTTC-1	Novel (Most Unreliable)
CTCAGAAGTACGCAAG-1	Novel (Most Unreliable)
CTCAGAATCCGAATTG-1	Novel (Most Unreliable)
CTCAGAATCGAAGCCC-1	Novel (Most Unreliable)
CTCAGCTAGTCAACTC-1	Novel (Most Unreliable)
CTCATGCCAGGTAGGT-1	Novel (Most Unreliable)
CTCGCTAGTCAACTAC-1	Novel (Most Unreliable)
CTCTACGCAAGGAAGA-1	Novel (Most Unreliable)
CTCTACGTCGCCACTT-1	Novel (Most Unreliable)
CTCTAGCAGTAACTCC-1	Novel (Most Unreliable)
CTCTAGCTCCCGTAGG-1	Novel (Most Unreliable)
CTCTCAGCATTGTGAC-1	Novel (Most Unreliable)
CTCTCGAGTGTCTACA-1	Novel (Most Unreliable)
CTGAATGAGTACAGAT-1	Novel (Most Unreliable)
CTGGCAGGTGGAAAGA-1	Novel (Most Unreliable)
CTGGCAGGTTGGCGAA-1	Novel (Most Unreliable)
CTGTATTAGCCGCAAA-1	Novel (Most Unreliable)
CTGTATTAGTAATCAG-1	Novel (Most Unreliable)
CTGTTCGCATTAAGGA-1	Novel (Most Unreliable)
CTTAATCTCTGGCACG-1	Novel (Most Unreliable)
CTTCCAGAGATTAGAC-1	Novel (Most Unreliable)
CTTCCAGGTTTCGATG-1	Novel (Most Unreliable)
CTTGAAGCACTGTTAG-1	Novel (Most Unreliable)
CTTGAAGGTGGGTAGT-1	Novel (Most Unreliable)
CTTGAAGTCTGATCTT-1	Novel (Most Unreliable)
CTTGCCAAGAGCGAAA-1	Novel (Most Unreliable)
CTTGCCAGTCAGGCTC-1	Novel (Most Unreliable)
CTTGCTGAGCTATCGT-1	Novel (Most Unreliable)
CTTGTCGAGACTTCCA-1	Novel (Most Unreliable)
CTTGTCGAGTTACACC-1	Novel (Most Unreliable)
CTTGTCGGTCGTAATC-1	Novel (Most Unreliable)
CTTTGCGCAGTTGCAT-1	Novel (Most Unreliable)
CTTTGCGGTCATAAGA-1	Novel (Most Unreliable)
CTTTGCGGTTGGGAAC-1	Novel (Most Unreliable)
GAAAGTATCTCGCGTT-1	Novel (Most Unreliable)
GAAATGAAGCTGCTCG-1	Novel (Most Unreliable)
GAAATGATCAGGAATA-1	Novel (Most Unreliable)
GAAATGATCGATATGC-1	Novel (Most Unreliable)
GAACCGCTCCCTACGT-1	Novel (Most Unreliable)
GAACCGCTCTATGAGC-1	Novel (Most Unreliable)
GAACCTACAACTCGAT-1	Novel (Most Unreliable)
GAACCTACATAGACGG-1	Novel (Most Unreliable)
GAACGTTCACATATCG-1	Novel (Most Unreliable)
GAACTTGAGCTCGTTA-1	Novel (Most Unreliable)
GAACTTGTCGAGAAGC-1	Novel (Most Unreliable)
GAAGTCTCAGGTGGTA-1	Novel (Most Unreliable)
GAAGTCTTCTCTGCGT-1	Novel (Most Unreliable)
GAAGTGGAGCCTATAC-1	Novel (Most Unreliable)
GAATCTGGTTTGCATG-1	Novel (Most Unreliable)
GACCAATGTAACCGAG-1	Novel (Most Unreliable)
GACCAATTCGTCTTAT-1	Novel (Most Unreliable)
GACCGACCATAGCCGC-1	Novel (Most Unreliable)
GACCTTCTCCGAGGAA-1	Novel (Most Unreliable)
GAGAACGCAACGTACT-1	Novel (Most Unreliable)
GAGAACGCACCACAGC-1	Novel (Most Unreliable)
GAGATTCAGGGATCCA-1	Novel (Most Unreliable)
GAGATTCGTCCCGAGT-1	Novel (Most Unreliable)
GAGCGCTGTGAGGTCA-1	Novel (Most Unreliable)
GAGGATGCACTAGGAG-1	Novel (Most Unreliable)
GAGGCTCTCGCGTGAC-1	Novel (Most Unreliable)
GAGTGAGGTTGCCGCA-1	Novel (Most Unreliable)
GATCATGCAAAGAAGG-1	Novel (Most Unreliable)
GATCGTAAGGTACATA-1	Novel (Most Unreliable)
GATCGTACACATTGCA-1	Novel (Most Unreliable)
GATGATCAGTCTAGAA-1	Novel (Most Unreliable)
GATGGCCCAAAGACGC-1	Novel (Most Unreliable)
GATGGCCGTCCTATTT-1	Novel (Most Unreliable)
GATGGCCTCCGATGCG-1	Novel (Most Unreliable)
GATTAGCGTTTCTACT-1	Novel (Most Unreliable)
GATTAGCTCTATCTAC-1	Novel (Most Unreliable)
GATTGACTCGACTTAG-1	Novel (Most Unreliable)
GCAAAGGAGACTAGCG-1	Novel (Most Unreliable)
GCAAAGGAGCTCCGGT-1	Novel (Most Unreliable)
GCAAAGGAGGCCAATG-1	Novel (Most Unreliable)
GCAAAGGAGTTCAGGG-1	Novel (Most Unreliable)
GCAAAGGTCAATTCCT-1	Novel (Most Unreliable)
GCAAAGGTCGTGAGTT-1	Novel (Most Unreliable)
GCAACCGTCGAGAAGC-1	Novel (Most Unreliable)
GCACCTTCAAACCGAG-1	Novel (Most Unreliable)
GCACCTTGTTACACTG-1	Novel (Most Unreliable)
GCACGCAAGTGAGCTG-1	Novel (Most Unreliable)
GCAGATTAGTTACCAC-1	Novel (Most Unreliable)
GCAGATTTCAAGAGGC-1	Novel (Most Unreliable)
GCAGCTGAGGCAAGCT-1	Novel (Most Unreliable)
GCATGATCATTATGGC-1	Novel (Most Unreliable)
GCATGATGTGGCCTTG-1	Novel (Most Unreliable)
GCATTCCTCACGTGTA-1	Novel (Most Unreliable)
GCATTGAAGGTGTCGA-1	Novel (Most Unreliable)
GCATTGAGTGCTTTGA-1	Novel (Most Unreliable)
GCATTGAGTTGCTTGA-1	Novel (Most Unreliable)
GCCAGACCAAATAGTG-1	Novel (Most Unreliable)
GCCAGCAAGCACACCC-1	Novel (Most Unreliable)
GCCAGCAGTATTGTGC-1	Novel (Most Unreliable)
GCCAGCATCAAGTTGC-1	Novel (Most Unreliable)
GCCATAACAACTGCGC-1	Novel (Most Unreliable)
GCCATAAGTCTTAGCA-1	Novel (Most Unreliable)
GCCATAATCCGTCAAA-1	Novel (Most Unreliable)
GCCATAATCTCCTTGG-1	Novel (Most Unreliable)
GCCCGAATCTATATCC-1	Novel (Most Unreliable)
GCCCGAATCTTATCAC-1	Novel (Most Unreliable)
GCCTACTCAATGCCAT-1	Novel (Most Unreliable)
GCCTACTCACACATGT-1	Novel (Most Unreliable)
GCCTACTGTAACCGAG-1	Novel (Most Unreliable)
GCCTAGGAGCAGAAAG-1	Novel (Most Unreliable)
GCGAGAATCAGTACAC-1	Novel (Most Unreliable)
GCGAGTCAGTTGACAA-1	Novel (Most Unreliable)
GCGAGTCTCAGCACGC-1	Novel (Most Unreliable)
GCGAGTCTCTCTCAAT-1	Novel (Most Unreliable)
GCGATCGAGAAAGGGT-1	Novel (Most Unreliable)
GCGATTAAGACAGCTG-1	Novel (Most Unreliable)
GCGATTACATGTGAGG-1	Novel (Most Unreliable)
GCGATTATCTGGACAT-1	Novel (Most Unreliable)
GCGCATGAGACCAATA-1	Novel (Most Unreliable)
GCGCCAAGTCTCTGCT-1	Novel (Most Unreliable)
GCGGAAAAGCGATACG-1	Novel (Most Unreliable)
GCGGAAACATCGGCCA-1	Novel (Most Unreliable)
GCGGGTTTCCAATCCC-1	Novel (Most Unreliable)
GCGGGTTTCGAGGTAG-1	Novel (Most Unreliable)
GCGGGTTTCTGGCCAG-1	Novel (Most Unreliable)
GCGGTGTAGACAGTGC-1	Novel (Most Unreliable)
GCGGTGTCACATTGCA-1	Novel (Most Unreliable)
GCGGTGTTCGGGCTCA-1	Novel (Most Unreliable)
GCGTTGGTCCAGGTCG-1	Novel (Most Unreliable)
GCTCACTCATTGTTCT-1	Novel (Most Unreliable)
GCTCAGGAGTCCGTGC-1	Novel (Most Unreliable)
GCTCAGGGTCGCGCTA-1	Novel (Most Unreliable)
GCTCCTAAGACTAGGC-1	Novel (Most Unreliable)
GCTCCTAAGTGCAACG-1	Novel (Most Unreliable)
GCTCCTAGTACCAAGG-1	Novel (Most Unreliable)
GCTCGAGAGCGCCTAC-1	Novel (Most Unreliable)
GCTCGAGGTCTAACCA-1	Novel (Most Unreliable)
GCTGCGAGTCGAGGTA-1	Novel (Most Unreliable)
GCTGTTCAGCTTACCA-1	Novel (Most Unreliable)
GCTGTTCGTGGTAAGC-1	Novel (Most Unreliable)
GCTTGCTTCCCTAAAG-1	Novel (Most Unreliable)
GCTTGCTTCTATGAGC-1	Novel (Most Unreliable)
GCTTTCGAGGTCTTTG-1	Novel (Most Unreliable)
GGAACCCCACCTGTGG-1	Novel (Most Unreliable)
GGAACCCGTATCTAGC-1	Novel (Most Unreliable)
GGAACTTAGCGTTAGG-1	Novel (Most Unreliable)
GGAACTTAGGAAGAAC-1	Novel (Most Unreliable)
GGACACCAGGTTTCTG-1	Novel (Most Unreliable)
GGACACCGTCTGGTTA-1	Novel (Most Unreliable)
GGAGAACAGATTAGAC-1	Novel (Most Unreliable)
GGAGAACTCGATGTGT-1	Novel (Most Unreliable)
GGAGGATAGTCGAGCA-1	Novel (Most Unreliable)
GGAGGATGTCACATTG-1	Novel (Most Unreliable)
GGAGTAGAGTCGCCTG-1	Novel (Most Unreliable)
GGAGTAGCAAGACACG-1	Novel (Most Unreliable)
GGATAGGAGACCAATA-1	Novel (Most Unreliable)
GGATAGGGTTGGCTTA-1	Novel (Most Unreliable)
GGATGAGAGAGCTGTG-1	Novel (Most Unreliable)
GGCACGTTCACCCGGA-1	Novel (Most Unreliable)
GGCGAAAAGAACCCGA-1	Novel (Most Unreliable)
GGGAACAAGCAGGACT-1	Novel (Most Unreliable)
GGGACCTGTATCATGC-1	Novel (Most Unreliable)
GGGCCATAGTCTGTGT-1	Novel (Most Unreliable)
GGGTGTCAGTCTGCTA-1	Novel (Most Unreliable)
GGGTGTCCACGCGATC-1	Novel (Most Unreliable)
GGGTTATCATTACCTT-1	Novel (Most Unreliable)
GGTACCGCACTGTCAA-1	Novel (Most Unreliable)
GGTAGGAGTGCTGGCT-1	Novel (Most Unreliable)
GGTAGGATCCTCTCTT-1	Novel (Most Unreliable)
GGTCATAAGAGGCCTA-1	Novel (Most Unreliable)
GGTCATACAGAACGAC-1	Novel (Most Unreliable)
GGTGAAGAGCGCATTT-1	Novel (Most Unreliable)
GGTGAAGCAAGCAATA-1	Novel (Most Unreliable)
GGTGAAGCATTCGTCC-1	Novel (Most Unreliable)
GGTGAAGTCTGTTTAC-1	Novel (Most Unreliable)
GGTGTCGCAAGTCCTA-1	Novel (Most Unreliable)
GGTTGCGCAACGCACC-1	Novel (Most Unreliable)
GGTTGCGGTCTCTGGG-1	Novel (Most Unreliable)
GTAATCGCATCGTACA-1	Novel (Most Unreliable)
GTAATCGTCCCACTAC-1	Novel (Most Unreliable)
GTAGACTCAATTAGGA-1	Novel (Most Unreliable)
GTAGGAGGTCCCTAAA-1	Novel (Most Unreliable)
GTCACAAAGGTCGTTT-1	Novel (Most Unreliable)
GTCACCTGTATATGGA-1	Novel (Most Unreliable)
GTCACGGAGCTACGCC-1	Novel (Most Unreliable)
GTCGTAAGTATGTTCG-1	Novel (Most Unreliable)
GTCGTAATCCGCCTAT-1	Novel (Most Unreliable)
GTCTACCCACGAACGA-1	Novel (Most Unreliable)
GTCTACCCATGGATGG-1	Novel (Most Unreliable)
GTGATCACAAGGAGGG-1	Novel (Most Unreliable)
GTGATCAGTTCCAATG-1	Novel (Most Unreliable)
GTGCACGAGTTCGACT-1	Novel (Most Unreliable)
GTGCACGCAATGTGCT-1	Novel (Most Unreliable)
GTGCCAGAGTAACTCC-1	Novel (Most Unreliable)
GTGCCAGCAGTTGGAG-1	Novel (Most Unreliable)
GTGCCAGGTCAGGTGA-1	Novel (Most Unreliable)
GTGCCAGTCGGATAAA-1	Novel (Most Unreliable)
GTGCTGGAGATGGGTC-1	Novel (Most Unreliable)
GTGGATTGTGAGTAAT-1	Novel (Most Unreliable)
GTGGCGTGTAACCATC-1	Novel (Most Unreliable)
GTGTCAAGTTGGGAAC-1	Novel (Most Unreliable)
GTGTCAATCGAGGTCC-1	Novel (Most Unreliable)
GTGTCCTTCAAACCAC-1	Novel (Most Unreliable)
GTGTCCTTCGACTCGG-1	Novel (Most Unreliable)
GTTACTTAGCTGAGGT-1	Novel (Most Unreliable)
GTTATGGAGACCCTAT-1	Novel (Most Unreliable)
GTTATTCCAAGCGACA-1	Novel (Most Unreliable)
GTTATTCTCCAAGAGG-1	Novel (Most Unreliable)
GTTCAAGAGTAATGTG-1	Novel (Most Unreliable)
GTTCAAGCAGGGTAAC-1	Novel (Most Unreliable)
GTTGGGCTCTTCGTTA-1	Novel (Most Unreliable)
GTTGGTAAGTGCTCGC-1	Novel (Most Unreliable)
GTTGGTAGTAACATAG-1	Novel (Most Unreliable)
TAAACCGTCCATGTTT-1	Novel (Most Unreliable)
TAAACCGTCCTTGACC-1	Novel (Most Unreliable)
TAAACCGTCGTGATAC-1	Novel (Most Unreliable)
TAACAGCCACATATCG-1	Novel (Most Unreliable)
TAACAGCCAGTTCGGC-1	Novel (Most Unreliable)
TAACGGTCACCGAATT-1	Novel (Most Unreliable)
TAATCGGCAAGAAACT-1	Novel (Most Unreliable)
TAATCGGCAATCATCG-1	Novel (Most Unreliable)
TAATCGGCAATGGTCT-1	Novel (Most Unreliable)
TAATTCCCATTCACGA-1	Novel (Most Unreliable)
TAATTCCGTCCCTTTG-1	Novel (Most Unreliable)
TACAGCAAGGAGTACC-1	Novel (Most Unreliable)
TACAGCATCTCTATTG-1	Novel (Most Unreliable)
TACATTCTCCATTGAG-1	Novel (Most Unreliable)
TACATTCTCGATCTTT-1	Novel (Most Unreliable)
TACCCTGTCAGCACGC-1	Novel (Most Unreliable)
TACCTATCAGGTAGCA-1	Novel (Most Unreliable)
TACCTATTCAGTGGTT-1	Novel (Most Unreliable)
TACCTCGCAGCAACAG-1	Novel (Most Unreliable)
TACGCAAAGGTTCGTT-1	Novel (Most Unreliable)
TACGCAACACATGATC-1	Novel (Most Unreliable)
TACGCAACACCACCAG-1	Novel (Most Unreliable)
TACGCAAGTAAACGGC-1	Novel (Most Unreliable)
TACGCAATCCTTCGAC-1	Novel (Most Unreliable)
TACGCCTGTCAGCTTA-1	Novel (Most Unreliable)
TACGCCTTCATGTTCT-1	Novel (Most Unreliable)
TACGCCTTCGCTCTAC-1	Novel (Most Unreliable)
TACGGATGTCCACCAG-1	Novel (Most Unreliable)
TACTCGCCACAGGTAG-1	Novel (Most Unreliable)
TACTGCCTCCAGGGAA-1	Novel (Most Unreliable)
TAGACTGCAGATACAA-1	Novel (Most Unreliable)
TAGCACAAGTCATCTG-1	Novel (Most Unreliable)
TAGCACAAGTGTTCCA-1	Novel (Most Unreliable)
TAGCACAGTAGTAACA-1	Novel (Most Unreliable)
TAGCACAGTGCATTCA-1	Novel (Most Unreliable)
TAGCACATCCCACTTG-1	Novel (Most Unreliable)
TAGCATGAGAATATCG-1	Novel (Most Unreliable)
TAGCATGAGAATGCTA-1	Novel (Most Unreliable)
TAGCATGAGAGGTGGG-1	Novel (Most Unreliable)
TAGCATGGTCAGCTTA-1	Novel (Most Unreliable)
TAGCATGTCCTCCTGA-1	Novel (Most Unreliable)
TAGCCGGCAAACCGAG-1	Novel (Most Unreliable)
TAGCCGGTCCGGAAAG-1	Novel (Most Unreliable)
TAGCTTTCAAAGAGAG-1	Novel (Most Unreliable)
TAGCTTTTCAGCACGC-1	Novel (Most Unreliable)
TAGGAGGAGTCCTTCC-1	Novel (Most Unreliable)
TAGGTCACAAATGTCC-1	Novel (Most Unreliable)
TAGGTCACAAGCCTTA-1	Novel (Most Unreliable)
TAGGTCACACGATATC-1	Novel (Most Unreliable)
TAGGTCATCTTACGGA-1	Novel (Most Unreliable)
TAGGTGTCAGCAACCC-1	Novel (Most Unreliable)
TAGGTGTGTTTGCCCT-1	Novel (Most Unreliable)
TATCGAGGTTAGGCTT-1	Novel (Most Unreliable)
TATCTGTCAACCTCCT-1	Novel (Most Unreliable)
TATGTGGTCGATAGTC-1	Novel (Most Unreliable)
TATTGCTGTGCTTACA-1	Novel (Most Unreliable)
TCAAAGCAGCGCAATG-1	Novel (Most Unreliable)
TCAAAGCAGCGTCTGC-1	Novel (Most Unreliable)
TCAAAGCAGTCACGCC-1	Novel (Most Unreliable)
TCAAAGCGTTAACCGT-1	Novel (Most Unreliable)
TCAAGACCAATTGGCT-1	Novel (Most Unreliable)
TCAAGCATCGCTAGTA-1	Novel (Most Unreliable)
TCAAGGTAGCCATCAT-1	Novel (Most Unreliable)
TCAAGGTCAGGTCCTG-1	Novel (Most Unreliable)
TCAATTCAGATCACCT-1	Novel (Most Unreliable)
TCAATTCCAAACGTTC-1	Novel (Most Unreliable)
TCAATTCCAGTAACCT-1	Novel (Most Unreliable)
TCACAAGTCTATGAGC-1	Novel (Most Unreliable)
TCACAGAAGAAGACTT-1	Novel (Most Unreliable)
TCACCTGTCTAAACGC-1	Novel (Most Unreliable)
TCACTCGAGAACGTTA-1	Novel (Most Unreliable)
TCACTCGCAAGCCAGA-1	Novel (Most Unreliable)
TCACTCGCAATACTGC-1	Novel (Most Unreliable)
TCACTCGTCCTCCCAA-1	Novel (Most Unreliable)
TCAGCTCCACTCAAGT-1	Novel (Most Unreliable)
TCAGGGCAGTGAGCTG-1	Novel (Most Unreliable)
TCAGGTAGTATGTCCA-1	Novel (Most Unreliable)
TCAGTCCAGGTTTCTG-1	Novel (Most Unreliable)
TCAGTCCGTGCTTGAT-1	Novel (Most Unreliable)
TCAGTCCTCAGGCGCT-1	Novel (Most Unreliable)
TCCAGAAAGAGACTCG-1	Novel (Most Unreliable)
TCCAGAAAGATATGTG-1	Novel (Most Unreliable)
TCCAGAATCCATACCC-1	Novel (Most Unreliable)
TCCGACTCAGAATGCG-1	Novel (Most Unreliable)
TCCGACTGTAAGGTCG-1	Novel (Most Unreliable)
TCGAGCGCATGCCTTC-1	Novel (Most Unreliable)
TCGATTTAGGATTGCG-1	Novel (Most Unreliable)
TCGATTTCACAAACGG-1	Novel (Most Unreliable)
TCGCAGGGTCCCTTTG-1	Novel (Most Unreliable)
TCGCCTAAGCCTGTAT-1	Novel (Most Unreliable)
TCGCCTACAGATGGCA-1	Novel (Most Unreliable)
TCGCCTATCACTCGGG-1	Novel (Most Unreliable)
TCGGGACTCGATAGTC-1	Novel (Most Unreliable)
TCGTTCGAGGGCGAAG-1	Novel (Most Unreliable)
TCGTTCGCAAGGGAGG-1	Novel (Most Unreliable)
TCGTTCGCACATATCG-1	Novel (Most Unreliable)
TCTCAGCTCGGATCGC-1	Novel (Most Unreliable)
TGACAACGTAAACGAT-1	Novel (Most Unreliable)
TGAGCCGCAGCGTAGA-1	Novel (Most Unreliable)
TGAGTCATCCCTAAAG-1	Novel (Most Unreliable)
TGAGTCATCGGTAGGA-1	Novel (Most Unreliable)
TGATCAGAGAGAACCC-1	Novel (Most Unreliable)
TGATCAGTCTACCCGT-1	Novel (Most Unreliable)
TGATGCAAGGAATGGA-1	Novel (Most Unreliable)
TGATGCACATTCACGA-1	Novel (Most Unreliable)
TGATTTCGTTCTTTGT-1	Novel (Most Unreliable)
TGCATGACATGATTGC-1	Novel (Most Unreliable)
TGCATGAGTCTGTGTA-1	Novel (Most Unreliable)
TGCATTTAGCGTTAGG-1	Novel (Most Unreliable)
TGCATTTTCACTGGTA-1	Novel (Most Unreliable)
TGCGTAATCGCACCGA-1	Novel (Most Unreliable)
TGCTATTAGATGTTGA-1	Novel (Most Unreliable)
TGCTCACGTAAGTCTC-1	Novel (Most Unreliable)
TGCTCGTGTCGATTAC-1	Novel (Most Unreliable)
TGCTTTAAGCCGCAAA-1	Novel (Most Unreliable)
TGCTTTAAGTGATAAC-1	Novel (Most Unreliable)
TGCTTTATCATCGCAA-1	Novel (Most Unreliable)
TGCTTTATCGCCTTAC-1	Novel (Most Unreliable)
TGGCCTTCAGGGTACA-1	Novel (Most Unreliable)
TGGCGCAAGTGTGTAA-1	Novel (Most Unreliable)
TGGCGCACAACGGGTA-1	Novel (Most Unreliable)
TGGCGCAGTAGGGTTG-1	Novel (Most Unreliable)
TGGCGCATCATTCTCA-1	Novel (Most Unreliable)
TGGGTGCTCCTCATTA-1	Novel (Most Unreliable)
TGGTCAAAGGCGTAGT-1	Novel (Most Unreliable)
TGGTCAATCCATCTAT-1	Novel (Most Unreliable)
TGGTCCTCAATGACTC-1	Novel (Most Unreliable)
TGTAAGCTCCATGACA-1	Novel (Most Unreliable)
TGTACAGAGCTGAGGT-1	Novel (Most Unreliable)
TGTAGCACACCATTCC-1	Novel (Most Unreliable)
TGTAGCAGTCCCGTGA-1	Novel (Most Unreliable)
TGTAGCATCTGCGTCT-1	Novel (Most Unreliable)
TGTGGCGAGCTGGAGT-1	Novel (Most Unreliable)
TGTGGCGCAGGGAGTT-1	Novel (Most Unreliable)
TGTGGCGGTCGTAGTT-1	Novel (Most Unreliable)
TGTGTCCGTTCTTATC-1	Novel (Most Unreliable)
TGTTAGGCACAGCTTA-1	Novel (Most Unreliable)
TTAACGGGTGGACAGT-1	Novel (Most Unreliable)
TTAACGGTCACTGATG-1	Novel (Most Unreliable)
TTACCCGCAAGCCAGA-1	Novel (Most Unreliable)
TTACCGCGTATTTGCG-1	Novel (Most Unreliable)
TTACGGACACCACAGC-1	Novel (Most Unreliable)
TTACTCAGTATTGTGC-1	Novel (Most Unreliable)
TTACTCAGTCATAAGA-1	Novel (Most Unreliable)
TTACTTGAGAGCCTGA-1	Novel (Most Unreliable)
TTAGCGACAACAAACA-1	Novel (Most Unreliable)
TTAGCTTAGTTCTCCC-1	Novel (Most Unreliable)
TTAGCTTCAGACCTGC-1	Novel (Most Unreliable)
TTAGGTGCAGGCACAA-1	Novel (Most Unreliable)
TTAGGTGGTGCGTCCA-1	Novel (Most Unreliable)
TTATGTCTCTTGTCGC-1	Novel (Most Unreliable)
TTCATTGAGAACTAAC-1	Novel (Most Unreliable)
TTCATTGAGTAACACA-1	Novel (Most Unreliable)
TTCATTGCACCTGAAT-1	Novel (Most Unreliable)
TTCGATTAGAGCACTG-1	Novel (Most Unreliable)
TTCGCGTAGGACTAGC-1	Novel (Most Unreliable)
TTCGTTACAAAGACGC-1	Novel (Most Unreliable)
TTGACGAGTTTGGATC-1	Novel (Most Unreliable)
TTGACGATCAGGTTTG-1	Novel (Most Unreliable)
TTGACGATCCAGAGAG-1	Novel (Most Unreliable)
TTGAGCAAGTCCAGAG-1	Novel (Most Unreliable)
TTGAGTGAGTTGCCGC-1	Novel (Most Unreliable)
TTGCAGAAGAAAGCAG-1	Novel (Most Unreliable)
TTGCCCACAACAAACA-1	Novel (Most Unreliable)
TTGCCCACAATGGTAA-1	Novel (Most Unreliable)
TTGCCCACATCAACTG-1	Novel (Most Unreliable)
TTGCTATAGGCAATTA-1	Novel (Most Unreliable)
TTGCTATAGGCAGTGT-1	Novel (Most Unreliable)
TTGCTTAAGTTATGAG-1	Novel (Most Unreliable)
TTGCTTACAAGGAAGA-1	Novel (Most Unreliable)
TTGGTCCCACCCTTTG-1	Novel (Most Unreliable)
TTGGTCCCAGGTCTGC-1	Novel (Most Unreliable)
TTGTTCAAGTCCGTGC-1	Novel (Most Unreliable)
TTGTTCACACAAGGGT-1	Novel (Most Unreliable)
TTGTTGTTCTCCCTTT-1	Novel (Most Unreliable)
TTTGCGCAGAAGCCGT-1	Novel (Most Unreliable)
TTTGCGCAGGTAGGCT-1	Novel (Most Unreliable)
TTTGGTTAGACTCTTG-1	Novel (Most Unreliable)
TTTGTGTTCAGTCAAC-1	Novel (Most Unreliable)
