AAACTCGAGTGCTGAG-1	COP-NFOL
AAAGGGCCATTCTCGC-1	COP-NFOL
AACATCGAGAATGCTA-1	COP-NFOL
AACCAACAGTGAGCAC-1	COP-NFOL
AACCGATCATTCACCC-1	COP-NFOL
AACCTGATCAGGTCTA-1	COP-NFOL
AACCTTTGTTAACTCG-1	COP-NFOL
AACCTTTTCTCCCTTT-1	COP-NFOL
AACTGTGTCTATCTTG-1	COP-NFOL
AACTTGGAGGCGTCCT-1	COP-NFOL
AAGATAGAGCGGACAT-1	COP-NFOL
AAGGAGCTCCCTACCA-1	COP-NFOL
AAGGTTCTCTCGCGGA-1	COP-NFOL
AATGGAATCGGTCTCT-1	COP-NFOL
AATGTCGTCTATGAGC-1	COP-NFOL
ACAAACCCAGGATGTG-1	COP-NFOL
ACAAAGATCACTCGGG-1	COP-NFOL
ACAATCGTCTTCACTA-1	COP-NFOL
ACAGGCCTCGCCAGAC-1	COP-NFOL
ACAGGCCTCTGATCCC-1	COP-NFOL
ACATGCAAGCAGAATT-1	COP-NFOL
ACATGCAAGCTTCAAC-1	COP-NFOL
ACATGGTTCCCTACGT-1	COP-NFOL
ACCAAACAGTCAGGAC-1	COP-NFOL
ACCGCAGAGCTCGTTA-1	COP-NFOL
ACCGCAGTCTATCTCA-1	COP-NFOL
ACTACGAGTCCCTTTG-1	COP-NFOL
ACTCGGGCAAGTAATG-1	COP-NFOL
ACTCGGGGTAGGTGAC-1	COP-NFOL
ACTCGGGGTGCTGAAG-1	COP-NFOL
ACTTTCATCACGTCAA-1	COP-NFOL
AGCCGCATCCACCTAC-1	COP-NFOL
AGCCTGGCAGAGCCAA-1	COP-NFOL
AGCCTGGTCGGAAAGC-1	COP-NFOL
AGCGTATCACAAACGG-1	COP-NFOL
AGCGTATTCGCATACA-1	COP-NFOL
AGCGTGCGTAAGTGCG-1	COP-NFOL
AGCTGATAGTAGTGTA-1	COP-NFOL
AGCTGATAGTCCTTCC-1	COP-NFOL
AGGCGAACATAGACGG-1	COP-NFOL
AGTGCGCAGTTCGACT-1	COP-NFOL
AGTGCGCTCGCCTTAC-1	COP-NFOL
AGTTACGCATCATCGA-1	COP-NFOL
ATATTCCCAGCAACCC-1	COP-NFOL
ATGCATGCATCCTCGT-1	COP-NFOL
ATGCATGGTAAAGGCC-1	COP-NFOL
ATTGTCTTCCCACTTG-1	COP-NFOL
ATTTGTCGTTGAAGCG-1	COP-NFOL
CAACCAAAGACCGCAA-1	COP-NFOL
CAACCAACATCACAGT-1	COP-NFOL
CAACCAAGTCCACCAG-1	COP-NFOL
CAACGTAGTTGTGACT-1	COP-NFOL
CAAGAAACAACGCACC-1	COP-NFOL
CAAGAAAGTTACTTTC-1	COP-NFOL
CACAGATTCCCTAAAG-1	COP-NFOL
CACCTGTTCAAACCCA-1	COP-NFOL
CACCTGTTCCAACGCG-1	COP-NFOL
CACGTTCTCTACCCGT-1	COP-NFOL
CACTAAGCAAATAGTG-1	COP-NFOL
CAGCCTTTCGCTACCT-1	COP-NFOL
CAGCTAAAGGTTGTGG-1	COP-NFOL
CATGCCTAGTTCGCGC-1	COP-NFOL
CATGTTTAGTCACACT-1	COP-NFOL
CATTCATCATCACAGT-1	COP-NFOL
CCAGAATGTCCTCAGG-1	COP-NFOL
CCAGAATTCCATTGAG-1	COP-NFOL
CCCACATAGATTCCGT-1	COP-NFOL
CCCACATGTCAACGGA-1	COP-NFOL
CCCAGAGCATGGTAAA-1	COP-NFOL
CCCTAACAGGTAGGCT-1	COP-NFOL
CCGTACTAGCGTCAAG-1	COP-NFOL
CCTAAAGAGGCAGTGT-1	COP-NFOL
CCTCCCTAGTACCCAT-1	COP-NFOL
CCTCCCTTCGTCTTAT-1	COP-NFOL
CCTGGGATCGGGAAAC-1	COP-NFOL
CCTTGCATCGGGACAA-1	COP-NFOL
CGAGTTACAAGTAATG-1	COP-NFOL
CGCAGGTTCTTTATCG-1	COP-NFOL
CGCTATCAGGAGACTC-1	COP-NFOL
CGCTATCCACCTGTGG-1	COP-NFOL
CGCTGGACACGTGAAG-1	COP-NFOL
CGGACCAAGGCACCTC-1	COP-NFOL
CGGTGCAAGGACTAGC-1	COP-NFOL
CGTACAATCGCCTTAC-1	COP-NFOL
CGTTCCAGTATTCGCA-1	COP-NFOL
CTAGGATCACCTGAAT-1	COP-NFOL
CTAGGATGTAATGCAA-1	COP-NFOL
CTCACCAAGCTAGTTC-1	COP-NFOL
CTCAGCTGTTCCATCC-1	COP-NFOL
CTCGCTAGTCATAGAA-1	COP-NFOL
CTCTAGCCAAATGCTC-1	COP-NFOL
CTCTCGAGTGCTGTGC-1	COP-NFOL
CTGCGTTGTGTCTACA-1	COP-NFOL
CTGGCAGTCGTGGCGT-1	COP-NFOL
CTGGCAGTCGTTGTTT-1	COP-NFOL
CTGTTCGGTCCCGTGA-1	COP-NFOL
CTTCCAGAGCGTGTTT-1	COP-NFOL
CTTCTAACATGTGAGG-1	COP-NFOL
CTTGAAGAGTTAGCGG-1	COP-NFOL
CTTGCCAGTATCTAGC-1	COP-NFOL
CTTGCCAGTCTGTGTA-1	COP-NFOL
CTTGCCATCGACCCGA-1	COP-NFOL
CTTGTCGCACATCATG-1	COP-NFOL
GAAAGTAGTTTGCCCT-1	COP-NFOL
GAACCGCCACATTCTT-1	COP-NFOL
GAACCGCGTCAAACAA-1	COP-NFOL
GAACGTTCACAGTTCA-1	COP-NFOL
GAACTTGAGATATGTG-1	COP-NFOL
GAAGTGGAGCAGGAGG-1	COP-NFOL
GACCTTCGTCCGAGCT-1	COP-NFOL
GAGACTTAGAGGAATG-1	COP-NFOL
GAGCATTGTTGGCTTA-1	COP-NFOL
GAGGTCCCATCTCTCG-1	COP-NFOL
GATCGTAAGTCGTGAG-1	COP-NFOL
GATGGCCTCTATAGGC-1	COP-NFOL
GCAACCGAGGTTGTGG-1	COP-NFOL
GCAGATTCAGCAGGTA-1	COP-NFOL
GCAGCCAGTTGGGAAC-1	COP-NFOL
GCATTCCTCCGAGAGA-1	COP-NFOL
GCCATAAGTTAGCTCA-1	COP-NFOL
GCCCAGACATAAAGTG-1	COP-NFOL
GCCTACTTCGATGTAC-1	COP-NFOL
GCGAGAACACTGAAGG-1	COP-NFOL
GCGCCAATCTTCTTCC-1	COP-NFOL
GCGGGTTCATGTCCCT-1	COP-NFOL
GCGTAGCCACAGTTCA-1	COP-NFOL
GCGTAGCGTACCTATG-1	COP-NFOL
GCTCAGGGTGCATTGT-1	COP-NFOL
GCTCCTAAGTGAGTGC-1	COP-NFOL
GCTGCGAGTTCGGGAA-1	COP-NFOL
GCTGTTCCATAGAATG-1	COP-NFOL
GGAACTTAGGATTGAT-1	COP-NFOL
GGAATCTAGCAATAAC-1	COP-NFOL
GGAGAACCATGGGTGA-1	COP-NFOL
GGATAGGTCGTCTAGA-1	COP-NFOL
GGGAACAGTCAGCAAG-1	COP-NFOL
GGTGCTGTCTTGCGCT-1	COP-NFOL
GGTGTCGTCTCGGCGA-1	COP-NFOL
GTAATCGGTGTCGTGC-1	COP-NFOL
GTAGACTGTCGAGGTA-1	COP-NFOL
GTAGGAGAGAACCATA-1	COP-NFOL
GTAGTACCACGCTGTG-1	COP-NFOL
GTCACCTAGCATTGGG-1	COP-NFOL
GTCACCTGTAACGGCA-1	COP-NFOL
GTCCATCAGTGAGTTA-1	COP-NFOL
GTGACATAGTGAGTTA-1	COP-NFOL
GTGCACGGTCATAGAA-1	COP-NFOL
GTGTCAACAGCGTACC-1	COP-NFOL
GTGTCCTCACTGTTAG-1	COP-NFOL
GTTACGAAGAGCAGCT-1	COP-NFOL
GTTACTTAGTAACATG-1	COP-NFOL
GTTACTTAGTAGTCGG-1	COP-NFOL
GTTATTCTCTCCTTAA-1	COP-NFOL
TAAACCGTCTCCACTG-1	COP-NFOL
TAATCGGAGTCCCGCA-1	COP-NFOL
TACCCTGGTTTGCCAA-1	COP-NFOL
TACGCCTAGAGAATTC-1	COP-NFOL
TACTGCCTCTCTTAAC-1	COP-NFOL
TAGCCCTCACAGCCAC-1	COP-NFOL
TAGCCGGAGAGCAGCT-1	COP-NFOL
TAGCTTTCATGGGTGA-1	COP-NFOL
TAGGAGGTCCAAGAGG-1	COP-NFOL
TAGGTCAGTGGCCTTG-1	COP-NFOL
TAGTCCCGTGAGGGTT-1	COP-NFOL
TAGTCCCTCATGAACC-1	COP-NFOL
TATCTGTCAAGGTTCT-1	COP-NFOL
TCAAGACGTCAAGACG-1	COP-NFOL
TCAATTCAGTGTGTAA-1	COP-NFOL
TCACAAGAGGCTAAAT-1	COP-NFOL
TCACAAGGTTCCTATT-1	COP-NFOL
TCACAGAAGGGCTTCC-1	COP-NFOL
TCACAGAGTCAACTAC-1	COP-NFOL
TCAGTCCTCCCGTAGG-1	COP-NFOL
TCCATCGGTGCCCTAG-1	COP-NFOL
TCCGACTAGTCGAGCA-1	COP-NFOL
TCGAGCGAGCATTCCA-1	COP-NFOL
TGAGCCGTCTTGTCGC-1	COP-NFOL
TGAGTCAGTTTCGTTT-1	COP-NFOL
TGATTTCAGGAATGGA-1	COP-NFOL
TGCACCTAGATGGGTC-1	COP-NFOL
TGCATTTGTCATCGTA-1	COP-NFOL
TGCATTTTCCTGACCT-1	COP-NFOL
TGCGTAATCCAAACCA-1	COP-NFOL
TGGCAATTCTTGTCGC-1	COP-NFOL
TGGCCTTAGAGCGGTT-1	COP-NFOL
TGGCGCATCACGATTG-1	COP-NFOL
TGTTAGGGTTCCGGCA-1	COP-NFOL
TTAGCGATCTTCTCTC-1	COP-NFOL
TTAGCTTAGTTGCGCC-1	COP-NFOL
TTAGCTTTCCATGACA-1	COP-NFOL
TTAGCTTTCTGACATG-1	COP-NFOL
TTCATTGCAAATTGAG-1	COP-NFOL
TTCGATTAGTTTACGC-1	COP-NFOL
TTCGATTGTGGCATAG-1	COP-NFOL
TTCGTTACAGGCATTT-1	COP-NFOL
TTCTAACAGAATCAGT-1	COP-NFOL
TTGTCTATCTTTGCAT-1	COP-NFOL
TTGTTGTTCGCGTGAC-1	COP-NFOL
TTTACGTTCGATCTTT-1	COP-NFOL
