AAACGAAGTCACAGGA-1	Astrocytes
AAACTGCCACCACAGC-1	Astrocytes
AAAGGGCGTTACACTG-1	Astrocytes
AAATGCCTCCGTGCAG-1	Astrocytes
AACAGTCCACCTACCT-1	Astrocytes
AACTGGTGTTAGTAGA-1	Astrocytes
AATGGAACATCAGAAA-1	Astrocytes
AATGGCTAGTACAACA-1	Astrocytes
ACAAACCAGAATACTG-1	Astrocytes
ACAATCGGTTGGCGAA-1	Astrocytes
ACAGAAATCACAACAC-1	Astrocytes
ACAGAAATCATGAACC-1	Astrocytes
ACATGGTCAAGCAATA-1	Astrocytes
ACATGGTTCCGGACTG-1	Astrocytes
ACCATCCTCAAACCAC-1	Astrocytes
ACCTGCTAGATATGTG-1	Astrocytes
ACGTGGCGTGTGCTTA-1	Astrocytes
ACTACCCTCAGATACC-1	Astrocytes
ACTCGGGCATTGATGC-1	Astrocytes
ACTGCAATCTATCCTA-1	Astrocytes
AGCCCGAGTATTCTGG-1	Astrocytes
AGCCCGAGTGCATCAT-1	Astrocytes
AGCCTCTAGAAATCTG-1	Astrocytes
AGCCTTCTCAGAGTGG-1	Astrocytes
AGGCCTGCACGATATC-1	Astrocytes
AGGCGAAGTCGTCGCA-1	Astrocytes
AGTCCGGTCTATCTTG-1	Astrocytes
ATATTCCAGAGGAACA-1	Astrocytes
ATCGAGTGTGCGTTTA-1	Astrocytes
ATGCATGAGCTCCATA-1	Astrocytes
ATGTACGAGTGATCTC-1	Astrocytes
ATTACTCCAAGTGGCA-1	Astrocytes
ATTACTCTCAGATACC-1	Astrocytes
CAACGGCTCTCCAACC-1	Astrocytes
CAAGAAATCTATGAGC-1	Astrocytes
CAAGCTACACTGCTCT-1	Astrocytes
CAAGCTACAGCGTAGA-1	Astrocytes
CACCTGTGTGCCCTAG-1	Astrocytes
CACCTTGGTAGTAACA-1	Astrocytes
CACCTTGTCCAAGAGG-1	Astrocytes
CACTAAGGTGGCATAG-1	Astrocytes
CACTGAAAGGAGGCGA-1	Astrocytes
CAGCCTTGTTCCAGTA-1	Astrocytes
CAGGGCTTCCGTGCAG-1	Astrocytes
CAGTGCGAGTTACACC-1	Astrocytes
CAGTGCGGTACCCATA-1	Astrocytes
CATAACGCACAGGTAG-1	Astrocytes
CATGCCTAGCAGAAAG-1	Astrocytes
CATGCCTAGTGAGCTG-1	Astrocytes
CCAATGATCACCCTTG-1	Astrocytes
CCAATGATCCAAACCA-1	Astrocytes
CCCGTTAAGATCTCAC-1	Astrocytes
CCCGTTAGTCTCGGGT-1	Astrocytes
CCCTAGTAGATGAGGA-1	Astrocytes
CCCTCTCTCGATATGC-1	Astrocytes
CCCTGATAGACCATAA-1	Astrocytes
CCTAAAGAGACGCCAA-1	Astrocytes
CCTAAAGGTCACAGGA-1	Astrocytes
CCTGGGAAGTGTCGCC-1	Astrocytes
CCTGGGAGTCCTATTT-1	Astrocytes
CCTTAATTCGGGAATG-1	Astrocytes
CGAGTTAAGTTGCTTG-1	Astrocytes
CGAGTTAGTACCTATG-1	Astrocytes
CGCTATCAGGTTAGTA-1	Astrocytes
CGTAAACGTGATAAGT-1	Astrocytes
CGTTCCAAGGATGTCG-1	Astrocytes
CTACTTACAATTGGCT-1	Astrocytes
CTACTTAGTATCAGCT-1	Astrocytes
CTACTTAGTGTCGTGC-1	Astrocytes
CTAGGGCCAGGTAGCA-1	Astrocytes
CTCACCAGTAGCGGTA-1	Astrocytes
CTCTCGAAGACACTTC-1	Astrocytes
CTGGGACCATCGAGTT-1	Astrocytes
CTGTATTAGTGAATAC-1	Astrocytes
CTGTATTTCGCTATAG-1	Astrocytes
CTGTTCGCATTAGCAC-1	Astrocytes
CTTCTAAAGACGACTG-1	Astrocytes
CTTCTAATCCCAGCGA-1	Astrocytes
CTTGAAGTCAGGGTTT-1	Astrocytes
CTTGCCAAGATATGAC-1	Astrocytes
CTTGCCAAGGGAAATG-1	Astrocytes
CTTGCTGCACTAAACC-1	Astrocytes
GAACCGCGTTTAGGAA-1	Astrocytes
GAACCTACATAGATAG-1	Astrocytes
GAACTTGGTCAACTGT-1	Astrocytes
GAAGAGCGTTGGTAAA-1	Astrocytes
GAATCTGCACCGTTGG-1	Astrocytes
GACCCAGAGCGGACTA-1	Astrocytes
GACCCAGTCCACGCTT-1	Astrocytes
GACCGACCAAACTACC-1	Astrocytes
GACCTTCTCACTAGGT-1	Astrocytes
GAGATTCCATTCGTCC-1	Astrocytes
GAGATTCGTATTGTCG-1	Astrocytes
GAGCGCTGTGATGCGA-1	Astrocytes
GATCATGTCTTGCGCT-1	Astrocytes
GATCGTAAGGCCTCGT-1	Astrocytes
GATCGTAGTGAATACA-1	Astrocytes
GCAGATTAGGGTGTTG-1	Astrocytes
GCAGATTTCGACGGAA-1	Astrocytes
GCCTAGGAGATATGTG-1	Astrocytes
GCGAGAAAGAAGACTT-1	Astrocytes
GCGATTAGTCACATTG-1	Astrocytes
GCGCCAACACTGTTAG-1	Astrocytes
GCGGAAAGTACTTCGA-1	Astrocytes
GCGTTGGCAGGTGGTA-1	Astrocytes
GCTCACTTCCATAGGT-1	Astrocytes
GCTCCTACATTACTTC-1	Astrocytes
GCTGAGCTCCTATCCG-1	Astrocytes
GCTGTTCGTATTCGCA-1	Astrocytes
GCTTAAGTCACATTCT-1	Astrocytes
GGAATCTGTCAATCCA-1	Astrocytes
GGACACCAGGTCTTTG-1	Astrocytes
GGACACCCAAGGAGGG-1	Astrocytes
GGACACCTCAACACGT-1	Astrocytes
GGCATTAGTGAGTCGA-1	Astrocytes
GGCGAAACAATGTAAG-1	Astrocytes
GGCGTTGAGCAATAAC-1	Astrocytes
GGCGTTGGTCTAACCA-1	Astrocytes
GGTCATAGTTAGGCTT-1	Astrocytes
GGTGAAGGTGCCCTAG-1	Astrocytes
GGTGTCGGTACGTAAA-1	Astrocytes
GGTGTCGTCATTCGGA-1	Astrocytes
GGTGTCGTCCATATCT-1	Astrocytes
GTAATCGCAGTTAAAG-1	Astrocytes
GTAGGAGCAAGCACTT-1	Astrocytes
GTAGTACGTCTAACCA-1	Astrocytes
GTCACCTCAAATGCTC-1	Astrocytes
GTCACCTTCTGAAAGA-1	Astrocytes
GTCACTCCAGTGCGAA-1	Astrocytes
GTCACTCGTCCTTATT-1	Astrocytes
GTCCATCAGTTCGACT-1	Astrocytes
GTGACATGTAATGTGA-1	Astrocytes
GTGCACGCACCCATCT-1	Astrocytes
GTGCTGGAGTCTCCAA-1	Astrocytes
GTGGCGTGTAGCGGTA-1	Astrocytes
GTGTCCTAGGTTACAA-1	Astrocytes
GTGTCCTCATGCGTTA-1	Astrocytes
GTGTCCTTCAGTGTAC-1	Astrocytes
GTGTGATAGCGTCAAG-1	Astrocytes
GTTGGTATCCAGAATC-1	Astrocytes
TAACGGTGTCATCGTA-1	Astrocytes
TAAGTGCGTAGAAAGG-1	Astrocytes
TAATTCCAGTAGGTCG-1	Astrocytes
TACGCCTGTTCTACCC-1	Astrocytes
TACGGATGTAACGTAA-1	Astrocytes
TAGCGGCGTGCTTGAT-1	Astrocytes
TAGGTCATCCATCGAA-1	Astrocytes
TAGTCCCAGCATTCCA-1	Astrocytes
TAGTCCCAGTAGTGTA-1	Astrocytes
TCAAGCACATCTCTCG-1	Astrocytes
TCACCTGTCAGTCAAC-1	Astrocytes
TCACTCGAGATAGGTT-1	Astrocytes
TCAGTCCTCGTTCTAT-1	Astrocytes
TCCCACACAGCAATGG-1	Astrocytes
TCGAGCGGTGAGTTGG-1	Astrocytes
TCGGGACTCCGCGATG-1	Astrocytes
TCTAGTTAGAAATGGG-1	Astrocytes
TCTAGTTTCGGTCTCT-1	Astrocytes
TCTCTGGGTCATGAGG-1	Astrocytes
TGACTCCAGACTCGGA-1	Astrocytes
TGAGCCGGTTAAGGGC-1	Astrocytes
TGAGTCAGTTGCCTGG-1	Astrocytes
TGATGCACACAGATGG-1	Astrocytes
TGATGCATCCAGCACG-1	Astrocytes
TGATTTCGTATTGTCG-1	Astrocytes
TGATTTCTCGGTCTAA-1	Astrocytes
TGCGTAATCCATACCC-1	Astrocytes
TGGAAGGCAATGTAAG-1	Astrocytes
TGGACATGTTTCTCTA-1	Astrocytes
TGTTAGGGTTTGTGAC-1	Astrocytes
TTACCCGAGTCTGGGA-1	Astrocytes
TTACCGCTCAGTCAAC-1	Astrocytes
TTACGGAGTAGGTGAC-1	Astrocytes
TTAGCTTAGGTTCGAG-1	Astrocytes
TTCATCAAGTCTGTGT-1	Astrocytes
TTCGGTCTCCATACGA-1	Astrocytes
TTCTGTACACTCGGAC-1	Astrocytes
TTGACGACAATTCTCT-1	Astrocytes
TTGCAGATCGCATAAC-1	Astrocytes
TTGCCCAGTAAACCCT-1	Astrocytes
TTGTTGTTCCTGACCT-1	Astrocytes
TTTGGCCTCGAGGTAG-1	Astrocytes
TTTGTGTGTTTAGACC-1	Astrocytes
