,Prediction
AAACGAAAGAAGCCGT-1,Novel (Most Unreliable)
AAACGAAAGAGTGGAA-1,OEC
AAACGAAAGTCTTAGC-1,OEC
AAACGAAGTACCAAGG-1,OEC
AAACGAAGTCACAGGA-1,Astrocytes
AAACGAATCAGGCCGT-1,OEC
AAACGAATCGTTCAGA-1,Novel (Most Unreliable)
AAACGAATCTGACTTT-1,OPC
AAACTCGAGAGAAGCA-1,OEC
AAACTCGAGTGCTGAG-1,COP-NFOL
AAACTCGAGTGTCGGA-1,OPC
AAACTCGCAATCAGGG-1,OEC
AAACTCGCACTGTCGG-1,Novel (Most Unreliable)
AAACTCGGTGCGCTCA-1,OEC
AAACTCGTCAACACGT-1,Pericytes
AAACTGCAGAGGTGGG-1,Novel (Most Unreliable)
AAACTGCAGGAACCGT-1,OEC
AAACTGCAGTCCCTCT-1,Novel (Most Unreliable)
AAACTGCCAACCTCCT-1,OEC
AAACTGCCACCACAGC-1,Astrocytes
AAACTGCCAGATTTGC-1,OPC
AAACTGCGTTGGCGAA-1,OEC
AAAGATGAGCGAGAAA-1,Oligodendrocytes
AAAGATGCAGATGGCA-1,OPC
AAAGATGCATGTGGGA-1,Novel (Most Unreliable)
AAAGATGGTGAAACAT-1,Oligodendrocytes
AAAGATGTCCGGGCAT-1,Novel (Most Unreliable)
AAAGGATAGTCCGGAA-1,OEC
AAAGGATCAACGTAGG-1,Novel (Most Unreliable)
AAAGGATCATACCCGG-1,OEC
AAAGGATGTATCATGC-1,OEC
AAAGGATTCATAGGTC-1,OEC
AAAGGGCAGACAGTGC-1,OPC
AAAGGGCAGGATCCTT-1,Novel (Most Unreliable)
AAAGGGCCACCGTCTT-1,OPC
AAAGGGCCATTCTCGC-1,COP-NFOL
AAAGGGCGTAGTTTGC-1,Novel (Most Unreliable)
AAAGGGCGTTACACTG-1,Astrocytes
AAAGGGCTCACCCTTG-1,OPC
AAAGGGCTCAGTGTGT-1,OEC
AAATGAGAGACTAGCG-1,OEC
AAATGAGAGAGTGGAA-1,Novel (Most Unreliable)
AAATGAGAGTATACCC-1,Novel (Most Unreliable)
AAATGAGCAACGTAGG-1,OEC
AAATGAGCACTTATGG-1,VEC
AAATGAGTCGATATGC-1,Novel (Most Unreliable)
AAATGAGTCTATGAGC-1,OPC
AAATGCCAGGCACCTC-1,OPC
AAATGCCCAATGGTCT-1,OEC
AAATGCCTCCAACGCG-1,Novel (Most Unreliable)
AAATGCCTCCGTGCAG-1,Astrocytes
AACAAAGCAACGACAG-1,OPC
AACAAAGCACAGTTAC-1,OEC
AACAAAGCAGTGCGAA-1,OEC
AACAAAGCATTCTTTG-1,OEC
AACAAAGGTACGTATC-1,OPC
AACAAAGTCAGCCGGT-1,OEC
AACAGTCCACCTACCT-1,Astrocytes
AACAGTCCATTCCCGT-1,OPC
AACAGTCGTAAACCCT-1,OEC
AACAGTCGTAGGTGAC-1,VLMC
AACAGTCGTCGAGGAT-1,Novel (Most Unreliable)
AACAGTCGTGATCAGG-1,OEC
AACATCGAGAATGCTA-1,COP-NFOL
AACATCGAGAGGCGGA-1,Novel (Most Unreliable)
AACATCGAGATGTTGA-1,Novel (Most Unreliable)
AACATCGGTCATGAGG-1,OEC
AACCAACAGAGTTTGA-1,Novel (Most Unreliable)
AACCAACAGGATTAAC-1,Novel (Most Unreliable)
AACCAACAGTGAGCAC-1,COP-NFOL
AACCAACAGTGTCGCC-1,OEC
AACCAACCACAGAAGC-1,OPC
AACCAACCAGGAGCAT-1,OEC
AACCAACGTGATGCGA-1,OEC
AACCAACTCCGAGAGA-1,OPC
AACCGATAGGTCTTTG-1,VLMC
AACCGATCATTCACCC-1,COP-NFOL
AACCGATGTCTGATTG-1,Novel (Most Unreliable)
AACCGATGTTTGATCG-1,Novel (Most Unreliable)
AACCGATTCGAGAACG-1,VEC
AACCTGAAGAGTGGAA-1,OPC
AACCTGAAGATATGAC-1,Novel (Most Unreliable)
AACCTGAAGGGAGTTC-1,OPC
AACCTGACATGGCCTG-1,OEC
AACCTGACATTCACGA-1,OEC
AACCTGAGTAGGTGAC-1,Novel (Most Unreliable)
AACCTGATCAGGTCTA-1,COP-NFOL
AACCTTTAGGATCCTT-1,Novel (Most Unreliable)
AACCTTTCAGAAAGAG-1,Novel (Most Unreliable)
AACCTTTGTTAACTCG-1,COP-NFOL
AACCTTTTCCAGAGAG-1,Oligodendrocytes
AACCTTTTCCTATCAT-1,OPC
AACCTTTTCGTGGGTC-1,OEC
AACCTTTTCTCCCTTT-1,COP-NFOL
AACGAGGAGAGGCCTA-1,Novel (Most Unreliable)
AACGAGGAGGTCACTT-1,OEC
AACGAGGCAATGCATC-1,OEC
AACGAGGCACTGAAGG-1,OEC
AACGAGGTCTTAACGG-1,Novel (Most Unreliable)
AACGAGGTCTTGTCAT-1,OPC
AACGGGAAGGACTTTC-1,Novel (Most Unreliable)
AACGGGAAGTTGAATG-1,Novel (Most Unreliable)
AACGGGACAATTCAGC-1,Oligodendrocytes
AACGGGACACGCGTTG-1,OEC
AACGGGACATAGACGG-1,OPC
AACGGGAGTTCAGTTG-1,Novel (Most Unreliable)
AACGTACCAAGTTCGT-1,Novel (Most Unreliable)
AACGTACCACTGTTAG-1,Novel (Most Unreliable)
AACGTACGTCGAGAAC-1,Novel (Most Unreliable)
AACGTACTCCCAGTAA-1,Novel (Most Unreliable)
AACGTACTCCTAGAGT-1,VLMC
AACTGGTAGTGATAAC-1,Oligodendrocytes
AACTGGTCATGTAGAA-1,OEC
AACTGGTGTTAGTAGA-1,Astrocytes
AACTGGTGTTTGTACG-1,OPC
AACTGGTTCATCGCTC-1,OEC
AACTGGTTCGTTCAGA-1,OEC
AACTGTGAGATCTCAC-1,Novel (Most Unreliable)
AACTGTGAGGAGTACC-1,OEC
AACTGTGGTGCCGGTT-1,Novel (Most Unreliable)
AACTGTGTCAGGATCT-1,OEC
AACTGTGTCTATCTTG-1,COP-NFOL
AACTTGGAGAAAGGGT-1,OEC
AACTTGGAGGCGTCCT-1,COP-NFOL
AACTTGGCAACGTCCG-1,OEC
AACTTGGCAAGGAACC-1,OPC
AACTTGGGTATTCGCA-1,OEC
AACTTGGGTCGTAATC-1,OEC
AACTTGGGTCTGGTCG-1,Novel (Most Unreliable)
AACTTGGTCAGGCCGT-1,OPC
AACTTGGTCCTTGACC-1,VLMC
AACTTGGTCTTAAGCG-1,Novel (Most Unreliable)
AAGATAGAGAGTAAGG-1,OEC
AAGATAGAGATGTTCC-1,Novel (Most Unreliable)
AAGATAGAGCGGACAT-1,COP-NFOL
AAGATAGAGGTACATA-1,OPC
AAGATAGCATGGTTTG-1,Novel (Most Unreliable)
AAGATAGGTGTCGGTC-1,OEC
AAGATAGTCTATTGTC-1,VLMC
AAGATAGTCTCGACCT-1,Novel (Most Unreliable)
AAGGAGCCAGGGTAAC-1,Novel (Most Unreliable)
AAGGAGCCATGGCCGT-1,OEC
AAGGAGCGTAACTGAA-1,OPC
AAGGAGCTCACTGATG-1,OEC
AAGGAGCTCAGGTTTG-1,OEC
AAGGAGCTCCCTACCA-1,COP-NFOL
AAGGAGCTCGACTCGG-1,OPC
AAGGAGCTCGATGTAC-1,OEC
AAGGAGCTCGTGGCGT-1,Novel (Most Unreliable)
AAGGTTCCAATCAGGG-1,Novel (Most Unreliable)
AAGGTTCCACTTATGG-1,OPC
AAGGTTCCATGGTAAA-1,Novel (Most Unreliable)
AAGGTTCTCGTGTGCG-1,Novel (Most Unreliable)
AAGGTTCTCTCGCGGA-1,COP-NFOL
AATACGCAGTGTGTAA-1,OEC
AATACGCCACTTATGG-1,Novel (Most Unreliable)
AATACGCGTATGGGTG-1,Oligodendrocytes
AATACGCGTGAATCGG-1,OPC
AATACGCGTTTCGATG-1,OEC
AATACGCTCACTCCCA-1,OPC
AATACGCTCGTGGAAG-1,OPC
AATACGCTCTAGCAAC-1,OPC
AATGCCACAGCGTGAA-1,OEC
AATGCCACATATTGGC-1,OEC
AATGCCAGTCATTGCA-1,OEC
AATGGAACAAGCGTCC-1,OPC
AATGGAACACTCAGCG-1,VEC
AATGGAACAGCACATT-1,OEC
AATGGAACATCAGAAA-1,Astrocytes
AATGGAAGTAAGCCGA-1,VEC
AATGGAAGTTAACCAC-1,VEC
AATGGAAGTTCCTGTC-1,OPC
AATGGAATCCCAATAG-1,VLMC
AATGGAATCGGTCTCT-1,COP-NFOL
AATGGCTAGTACAACA-1,Astrocytes
AATGGCTAGTTGCGCC-1,Novel (Most Unreliable)
AATGGCTAGTTGGAAT-1,Novel (Most Unreliable)
AATGGCTCAGCAACGA-1,OEC
AATGGCTGTACTAGAA-1,Novel (Most Unreliable)
AATGGCTGTATTGTGC-1,OPC
AATGGCTTCCGCTCTA-1,Novel (Most Unreliable)
AATGGCTTCCGTTAGA-1,VLMC
AATGTCGAGAACGACC-1,Novel (Most Unreliable)
AATGTCGCAAGGAAGA-1,Novel (Most Unreliable)
AATGTCGCACACACAT-1,Novel (Most Unreliable)
AATGTCGCAGCTATAC-1,OEC
AATGTCGGTAATGCCT-1,OEC
AATGTCGGTATTCGAC-1,OPC
AATGTCGGTGAATCGG-1,Novel (Most Unreliable)
AATGTCGGTGGATTCT-1,OEC
AATGTCGTCTATGAGC-1,COP-NFOL
ACAAACCAGAATACTG-1,Astrocytes
ACAAACCCAGGATGTG-1,COP-NFOL
ACAAACCCATTGCCTC-1,Oligodendrocytes
ACAAACCGTATTCTTC-1,Novel (Most Unreliable)
ACAAACCGTCTGTGTA-1,OEC
ACAAAGAGTCAGACGA-1,Novel (Most Unreliable)
ACAAAGAGTCCATTGA-1,OEC
ACAAAGAGTGTCGTCG-1,OEC
ACAAAGAGTTTGTGAC-1,OPC
ACAAAGATCACTCGGG-1,COP-NFOL
ACAAGCTCACGCTCAG-1,OPC
ACAAGCTGTACGGATG-1,Novel (Most Unreliable)
ACAAGCTGTTTAGGAA-1,OEC
ACAAGCTTCACGATTG-1,OPC
ACAAGCTTCACTAGGT-1,OPC
ACAAGCTTCACTGATG-1,VLMC
ACAAGCTTCCTCCTGA-1,OPC
ACAATCGAGAGAGTAG-1,OPC
ACAATCGCAGGTTATC-1,OEC
ACAATCGCAGTTGCAT-1,Novel (Most Unreliable)
ACAATCGGTTGGCGAA-1,Astrocytes
ACAATCGTCTTCACTA-1,COP-NFOL
ACAGAAAAGGAAACTT-1,OPC
ACAGAAAAGGAGTACC-1,Oligodendrocytes
ACAGAAAAGTACTCTG-1,VEC
ACAGAAACAACACGGA-1,Novel (Most Unreliable)
ACAGAAAGTACGCAAG-1,OEC
ACAGAAATCACAACAC-1,Astrocytes
ACAGAAATCATGAACC-1,Astrocytes
ACAGAAATCCCGTAGG-1,OPC
ACAGACTCAACGCAAG-1,Novel (Most Unreliable)
ACAGACTCACTCGCAG-1,OPC
ACAGACTCATGATCGT-1,OEC
ACAGACTCATGGAGGT-1,OPC
ACAGACTCATTAGCCA-1,Novel (Most Unreliable)
ACAGACTGTTCCAGTA-1,OEC
ACAGACTTCACGTCAA-1,Oligodendrocytes
ACAGACTTCATTCATC-1,VEC
ACAGACTTCTTACTCA-1,OEC
ACAGCGCAGTGAATAC-1,VLMC
ACAGCGCGTCAACGGA-1,OPC
ACAGGCCCAAAGACGC-1,Novel (Most Unreliable)
ACAGGCCCAACTCGTA-1,OEC
ACAGGCCTCGCCAGAC-1,COP-NFOL
ACAGGCCTCGGGATCC-1,Novel (Most Unreliable)
ACAGGCCTCTGACATG-1,OPC
ACAGGCCTCTGATCCC-1,COP-NFOL
ACATGCAAGCAGAATT-1,COP-NFOL
ACATGCAAGCTTCAAC-1,COP-NFOL
ACATGCAAGGAAGAAC-1,OEC
ACATGCACATGCACTA-1,OPC
ACATGCACATGGTATC-1,VLMC
ACATGCATCGTGGCGT-1,Novel (Most Unreliable)
ACATGGTAGACTTCCA-1,OPC
ACATGGTAGTTCCAGT-1,OPC
ACATGGTCAAGCAATA-1,Astrocytes
ACATGGTCACGCTAAT-1,Oligodendrocytes
ACATGGTGTGTGCTTA-1,Novel (Most Unreliable)
ACATGGTTCCCTACGT-1,COP-NFOL
ACATGGTTCCGGACTG-1,Astrocytes
ACCAAACAGTCAGGAC-1,COP-NFOL
ACCAAACCAACGTACT-1,OEC
ACCAAACCATATAGAG-1,OPC
ACCAAACGTAACGTAA-1,OPC
ACCAAACGTGTGTGTT-1,OPC
ACCAAACTCGAACACT-1,OEC
ACCATCCAGACAACGC-1,OEC
ACCATCCAGATGGGAA-1,OEC
ACCATCCGTCGCTACG-1,OPC
ACCATCCTCAAACCAC-1,Astrocytes
ACCATCCTCAGTTGAC-1,Novel (Most Unreliable)
ACCATCCTCGACTGGC-1,OPC
ACCATCCTCTTACTCA-1,OPC
ACCCAAAAGCTTACCA-1,Novel (Most Unreliable)
ACCCAAACAAAGCATA-1,OEC
ACCCAAACACAGTTAC-1,OPC
ACCCAAAGTACGAGAC-1,Novel (Most Unreliable)
ACCCAAATCAACTTGG-1,OEC
ACCCAAATCAGGCGCT-1,OPC
ACCGAATAGAACGTCG-1,Oligodendrocytes
ACCGAATAGTTGACAA-1,OEC
ACCGAATCAAGTCCTA-1,OEC
ACCGAATCAATCACTG-1,OPC
ACCGAATCAATGACTC-1,Novel (Most Unreliable)
ACCGAATCAATGTGTC-1,OPC
ACCGAATCACCCTTAC-1,OPC
ACCGAATGTACGACCC-1,Novel (Most Unreliable)
ACCGCAGAGCTCGTTA-1,COP-NFOL
ACCGCAGAGGGAGATA-1,OEC
ACCGCAGGTACGTATC-1,OPC
ACCGCAGTCCAAGAGG-1,OEC
ACCGCAGTCTATCTCA-1,COP-NFOL
ACCGGGTCAACTCCCT-1,OEC
ACCGGGTCATGTGGGA-1,OPC
ACCGGGTGTAAGCCGA-1,OEC
ACCGGGTGTCCGTAGC-1,Oligodendrocytes
ACCGGGTGTCTAAGAA-1,Novel (Most Unreliable)
ACCGGGTTCAGGTTTG-1,VLMC
ACCGGGTTCGGCAATT-1,OPC
ACCGGGTTCGGTTGTA-1,OPC
ACCTGCTAGATATGTG-1,Astrocytes
ACCTGCTAGGCAGATC-1,Novel (Most Unreliable)
ACCTGCTGTAACGGAC-1,Novel (Most Unreliable)
ACCTGCTTCGTATAGC-1,OPC
ACGGATTAGGTTGTTC-1,VLMC
ACGGATTGTCACTCTC-1,Novel (Most Unreliable)
ACGGATTGTTACTTTC-1,OEC
ACGGATTTCCACACCT-1,OEC
ACGGATTTCGAAGCCC-1,OEC
ACGTGGCAGACTTGAA-1,VLMC
ACGTGGCCAGATACAA-1,OEC
ACGTGGCCATACAACC-1,Novel (Most Unreliable)
ACGTGGCGTGTGCTTA-1,Astrocytes
ACGTGGCGTTTAGGAA-1,Novel (Most Unreliable)
ACGTGGCGTTTGACCA-1,Novel (Most Unreliable)
ACGTGGCTCCGCTCTA-1,OEC
ACGTTAGAGGTCGTTT-1,OEC
ACGTTAGCACAGCTTA-1,OEC
ACGTTAGGTCTGATTG-1,Novel (Most Unreliable)
ACGTTAGGTGGTAAGC-1,OPC
ACGTTAGTCCACTAGA-1,OEC
ACGTTAGTCCGTGCGA-1,Novel (Most Unreliable)
ACGTTAGTCCTAAAGC-1,OPC
ACGTTAGTCTATACCT-1,Novel (Most Unreliable)
ACTAACGAGAGGAACA-1,OEC
ACTAACGAGCCATCAT-1,VEC
ACTAACGGTCTAAAGA-1,OEC
ACTAACGGTGAGTAAT-1,OEC
ACTAACGGTTTCGATG-1,VEC
ACTAACGTCCTCATTA-1,OEC
ACTACCCAGGGACGTT-1,OEC
ACTACCCCAACCTCTC-1,Novel (Most Unreliable)
ACTACCCCAATGATGA-1,OPC
ACTACCCCACGTTACA-1,OPC
ACTACCCCAGTTCGGC-1,OPC
ACTACCCGTAACGGTG-1,OPC
ACTACCCGTGCATCAT-1,Novel (Most Unreliable)
ACTACCCTCACAGGGA-1,OPC
ACTACCCTCACCCGGA-1,Novel (Most Unreliable)
ACTACCCTCAGATACC-1,Astrocytes
ACTACCCTCCAACAAC-1,Novel (Most Unreliable)
ACTACGAAGACAGTGC-1,OEC
ACTACGAAGGAACCGT-1,VEC
ACTACGAAGTCGTATC-1,VEC
ACTACGACACCTCGTT-1,OEC
ACTACGACAGATTAAG-1,OEC
ACTACGAGTCCCTTTG-1,COP-NFOL
ACTACGATCACATTCT-1,Novel (Most Unreliable)
ACTAGGTGTACCAAGG-1,OPC
ACTAGGTGTGATAAGT-1,OEC
ACTAGGTGTGCGTAGA-1,Novel (Most Unreliable)
ACTAGGTTCTCTCAAT-1,VEC
ACTATTCGTGACGCAA-1,OEC
ACTATTCGTTACGAAA-1,Novel (Most Unreliable)
ACTCGGGCAAGTAATG-1,COP-NFOL
ACTCGGGCAGATTTGC-1,OPC
ACTCGGGCAGTAACGG-1,VEC
ACTCGGGCATTGATGC-1,Astrocytes
ACTCGGGGTAGGTGAC-1,COP-NFOL
ACTCGGGGTGCTGAAG-1,COP-NFOL
ACTCGGGTCCACGGCA-1,OPC
ACTCGGGTCCAGGGAA-1,Novel (Most Unreliable)
ACTCGGGTCCGAATTG-1,OPC
ACTGCAAGTCGCTACG-1,Novel (Most Unreliable)
ACTGCAATCTATCCTA-1,Astrocytes
ACTGCGGCATTAGCCA-1,OEC
ACTGCGGGTTCTTTCA-1,OEC
ACTGCGGTCTGATCTT-1,OPC
ACTGTCCAGTCACGCC-1,Novel (Most Unreliable)
ACTGTCCCAGGCATCC-1,OPC
ACTGTCCGTGCACCCA-1,Novel (Most Unreliable)
ACTGTCCGTTAACCGT-1,VEC
ACTGTCCTCGATGAAA-1,OEC
ACTGTCCTCGGATCGC-1,VEC
ACTTCCGAGGAAGGTA-1,Novel (Most Unreliable)
ACTTCCGTCTTGTACT-1,VEC
ACTTTCACACGTTAGT-1,OPC
ACTTTCACAGCGTAGA-1,OEC
ACTTTCATCACGTCAA-1,COP-NFOL
AGACAAAAGGAGGCGA-1,Novel (Most Unreliable)
AGACAAACACACACCG-1,Novel (Most Unreliable)
AGACAAAGTGCAAGCA-1,Novel (Most Unreliable)
AGACAAAGTGGACGAT-1,OEC
AGACAAATCAAACCCA-1,Pericytes
AGACAAATCACATTCT-1,VLMC
AGATAGACAGGCAAGT-1,OPC
AGATAGAGTCCCGTGA-1,Oligodendrocytes
AGATAGATCGTTCTAT-1,Oligodendrocytes
AGATTCGAGAAACGCC-1,OEC
AGATTCGAGAAATTCG-1,OEC
AGATTCGAGGCAATTA-1,Novel (Most Unreliable)
AGATTCGAGTCGACCC-1,VLMC
AGATTCGAGTGTAATG-1,Novel (Most Unreliable)
AGATTCGCACAAGTGG-1,OPC
AGATTCGGTTCTTTGT-1,OPC
AGATTCGTCGGTACTA-1,OEC
AGCCAGCCAAGGATGC-1,Novel (Most Unreliable)
AGCCAGCGTATGGGTG-1,Novel (Most Unreliable)
AGCCAGCTCCTTACGC-1,Oligodendrocytes
AGCCAGCTCGCTGATA-1,Novel (Most Unreliable)
AGCCAGCTCTAGTCGA-1,OPC
AGCCCGAAGGCCTCTG-1,Novel (Most Unreliable)
AGCCCGACATGGTAAA-1,OPC
AGCCCGAGTATTCTGG-1,Astrocytes
AGCCCGAGTCTTAGCA-1,OPC
AGCCCGAGTGCATCAT-1,Astrocytes
AGCCCGATCTCCAACC-1,OPC
AGCCCGATCTGTCGGG-1,OPC
AGCCGCAAGAACGACC-1,OEC
AGCCGCAAGAATGCTA-1,OEC
AGCCGCAAGTAGTGTA-1,OPC
AGCCGCACAAGCCAGA-1,Oligodendrocytes
AGCCGCACAGTAACCT-1,Novel (Most Unreliable)
AGCCGCACATATAGAG-1,OPC
AGCCGCATCCACCTAC-1,COP-NFOL
AGCCTCTAGAAATCTG-1,Astrocytes
AGCCTCTCATTGAACC-1,OPC
AGCCTCTGTAATGCCT-1,OPC
AGCCTCTTCGATGCAT-1,VEC
AGCCTGGCAGAGCCAA-1,COP-NFOL
AGCCTGGGTGCAAGAC-1,Novel (Most Unreliable)
AGCCTGGTCAGTGTAC-1,Novel (Most Unreliable)
AGCCTGGTCCAGTACA-1,OEC
AGCCTGGTCGGAAAGC-1,COP-NFOL
AGCCTTCAGAGGCGGA-1,Novel (Most Unreliable)
AGCCTTCCAAAGGCCA-1,VLMC
AGCCTTCCACATAAAG-1,OEC
AGCCTTCCAGGTGGTA-1,OEC
AGCCTTCGTGAGTAAT-1,OPC
AGCCTTCTCAGAGTGG-1,Astrocytes
AGCGATTAGACAGCTG-1,OPC
AGCGATTCACATCATG-1,OEC
AGCGATTCACGTTGTA-1,OEC
AGCGATTCACTCCTCA-1,OEC
AGCGATTGTCACATTG-1,OEC
AGCGATTGTCGCGCTA-1,OEC
AGCGATTGTTCTTAGG-1,OEC
AGCGATTTCAGCGGTC-1,OPC
AGCGATTTCCAGGTCG-1,OPC
AGCGATTTCGGCAATT-1,OEC
AGCGTATCAAACCTAC-1,OEC
AGCGTATCACAAACGG-1,COP-NFOL
AGCGTATTCACTCGGG-1,OEC
AGCGTATTCGCATACA-1,COP-NFOL
AGCGTATTCTCTTCTC-1,Novel (Most Unreliable)
AGCGTGCCACCCATCT-1,Novel (Most Unreliable)
AGCGTGCGTAAGTGCG-1,COP-NFOL
AGCTATGAGATGGGTC-1,OEC
AGCTATGCAAACCCTA-1,Novel (Most Unreliable)
AGCTATGGTCTGATTG-1,OPC
AGCTGATAGTAGTGTA-1,COP-NFOL
AGCTGATAGTCCTTCC-1,COP-NFOL
AGCTGATCACGCTAAT-1,Novel (Most Unreliable)
AGCTGATGTGTCGTCG-1,OEC
AGCTGATTCAGTGTAC-1,OEC
AGCTGATTCCCTAAAG-1,VLMC
AGCTGGCTCTAAACGC-1,Oligodendrocytes
AGCTGTAAGGTTAACA-1,Novel (Most Unreliable)
AGCTGTAAGTACAGTA-1,OPC
AGCTGTACAAGATGCG-1,OEC
AGCTGTAGTACGACCC-1,VLMC
AGCTGTAGTTCCAATG-1,OEC
AGCTGTATCAAACCAC-1,Novel (Most Unreliable)
AGCTGTATCGCTCGGA-1,Novel (Most Unreliable)
AGGACGAAGATTCCGT-1,OPC
AGGACGAAGGATCCTT-1,VEC
AGGACGAAGGTCCTCG-1,VEC
AGGACGAGTCCTTCAC-1,OEC
AGGACGAGTGGCCTCA-1,OPC
AGGACGATCCAGAATC-1,VEC
AGGACGATCTCTATTG-1,Novel (Most Unreliable)
AGGCCCAAGCTAACAA-1,OEC
AGGCCCAGTGTGAGGT-1,OEC
AGGCCTGCACGATATC-1,Astrocytes
AGGCCTGGTATGGGTG-1,Novel (Most Unreliable)
AGGCCTGGTCCGTAGC-1,VEC
AGGCCTGGTGGTTCTA-1,Novel (Most Unreliable)
AGGCCTGTCACCCGGA-1,OEC
AGGCGAAAGGGAGATA-1,OPC
AGGCGAACAACGGACA-1,Novel (Most Unreliable)
AGGCGAACAAGTTGCT-1,OPC
AGGCGAACATAGACGG-1,COP-NFOL
AGGCGAAGTCGTCGCA-1,Astrocytes
AGGCGAAGTCTGCGCA-1,OPC
AGGCGAAGTTAGCTCA-1,OEC
AGGCGAATCCGGAAAG-1,OPC
AGGCGTCCACGATTAC-1,OPC
AGGCGTCGTCGCTACG-1,Pericytes
AGGCGTCGTCTCTAAG-1,Pericytes
AGGCGTCTCAGGTTTG-1,Novel (Most Unreliable)
AGTCAACAGTTCCCGG-1,OPC
AGTCAACGTATCTGCA-1,Novel (Most Unreliable)
AGTCAACTCGCACCTT-1,Novel (Most Unreliable)
AGTCCGGCAGGATGTG-1,OPC
AGTCCGGCATAGATAG-1,Novel (Most Unreliable)
AGTCCGGGTTAGTAGA-1,Novel (Most Unreliable)
AGTCCGGTCCTAAGTG-1,OEC
AGTCCGGTCCTGGAAT-1,Novel (Most Unreliable)
AGTCCGGTCTATCTTG-1,Astrocytes
AGTCCGGTCTGAACGT-1,OPC
AGTCCGGTCTGAGTCA-1,VLMC
AGTGCCGAGACACGGT-1,OPC
AGTGCCGGTTCCAATG-1,Novel (Most Unreliable)
AGTGCCGTCCTCAAGA-1,OPC
AGTGCGCAGGACTAGC-1,Novel (Most Unreliable)
AGTGCGCAGTTCGACT-1,COP-NFOL
AGTGCGCAGTTGACAA-1,OEC
AGTGCGCGTAGGGTTG-1,OEC
AGTGCGCGTTCCAGTA-1,OEC
AGTGCGCGTTGCTTGA-1,Novel (Most Unreliable)
AGTGCGCTCAATTCCT-1,OEC
AGTGCGCTCATGCTTT-1,OEC
AGTGCGCTCGCCTTAC-1,COP-NFOL
AGTGCGCTCGTATAGC-1,Novel (Most Unreliable)
AGTGCGCTCTTGTCGC-1,OPC
AGTGTACCAAAGCTTC-1,OPC
AGTGTACTCGGCTATA-1,OPC
AGTTACGAGGAATGGA-1,OEC
AGTTACGAGTCTGCTA-1,OPC
AGTTACGAGTGTCACT-1,VLMC
AGTTACGCACTCGTGG-1,OPC
AGTTACGCATCATCGA-1,COP-NFOL
AGTTACGTCCTAAAGC-1,OPC
AGTTACGTCGCTAGTA-1,OEC
AGTTTGGAGGCAGTAC-1,OEC
AGTTTGGAGTATCTGC-1,OEC
AGTTTGGCACTAAACC-1,OPC
AGTTTGGCAGGGTACA-1,VEC
AGTTTGGGTAATGTAG-1,Novel (Most Unreliable)
AGTTTGGGTATCTCAG-1,Novel (Most Unreliable)
AGTTTGGGTTGTGAGG-1,OEC
AGTTTGGTCGATAGGG-1,OEC
ATAGGCTAGAAGCCTG-1,OEC
ATAGGCTCACACTAGT-1,OEC
ATAGGCTGTAGATTAG-1,VEC
ATAGGCTGTGGCATAG-1,OPC
ATAGGCTGTGTTAGAA-1,Novel (Most Unreliable)
ATAGGCTGTTCCCTTG-1,OPC
ATAGTCGCATATAGAG-1,Novel (Most Unreliable)
ATAGTCGTCAATTCCT-1,OEC
ATAGTCGTCTGACTTT-1,VLMC
ATATTCCAGAACCCGA-1,Oligodendrocytes
ATATTCCAGAGGAACA-1,Astrocytes
ATATTCCCAGCAACCC-1,COP-NFOL
ATATTCCGTACGGAGT-1,OEC
ATATTCCGTTCACGTA-1,OPC
ATATTCCTCGCTTCAC-1,Oligodendrocytes
ATCCAGAAGATGGGTC-1,Novel (Most Unreliable)
ATCCAGAAGTGCTGAG-1,OEC
ATCCAGACATGTCCCT-1,OPC
ATCCAGAGTACTTGAC-1,Novel (Most Unreliable)
ATCCAGATCAAGGCCC-1,Novel (Most Unreliable)
ATCCCTGAGCAGTAGC-1,OPC
ATCCCTGAGGCTCAGA-1,Novel (Most Unreliable)
ATCCCTGCACGCTAAT-1,OEC
ATCCCTGCATGTAGAA-1,Pericytes
ATCCCTGGTGATTCCA-1,Novel (Most Unreliable)
ATCCCTGTCACTCCCA-1,OEC
ATCCCTGTCTCCCTTT-1,OPC
ATCCCTGTCTGTCGGG-1,OEC
ATCCTCGAGAATACTG-1,Novel (Most Unreliable)
ATCCTCGAGCTATCCA-1,OEC
ATCCTCGAGGAAACTT-1,OEC
ATCCTCGAGTGGACGT-1,OEC
ATCCTCGGTAGAAAGG-1,Novel (Most Unreliable)
ATCCTCGGTATCCCTC-1,Novel (Most Unreliable)
ATCCTCGTCGGATAGG-1,OEC
ATCCTGCAGATTCCGT-1,OPC
ATCCTGCAGGAAGGTA-1,OEC
ATCCTGCAGGGTAATT-1,Novel (Most Unreliable)
ATCCTGCCAGGACTGA-1,Pericytes
ATCCTGCTCAGTCACA-1,OEC
ATCCTGCTCTGTGTCC-1,OPC
ATCGAGTAGCCAGAAC-1,OPC
ATCGAGTCAGCACATT-1,Pericytes
ATCGAGTCAGTATCTG-1,Novel (Most Unreliable)
ATCGAGTGTCACATTG-1,OEC
ATCGAGTGTGCGTTTA-1,Astrocytes
ATCGAGTTCGCTAGTA-1,OPC
ATGCATGAGCTCCATA-1,Astrocytes
ATGCATGCAAGGTTCT-1,Novel (Most Unreliable)
ATGCATGCATCCTCGT-1,COP-NFOL
ATGCATGGTAAAGGCC-1,COP-NFOL
ATGCATGGTCATTGGT-1,Novel (Most Unreliable)
ATGCATGTCGATAGTC-1,OPC
ATGCATGTCTAGTCGA-1,OPC
ATGGATCAGATGGGTC-1,Novel (Most Unreliable)
ATGGATCCATCCTGGG-1,Novel (Most Unreliable)
ATGGATCGTTTCGTTT-1,OPC
ATGGATCTCTCTGTTA-1,OEC
ATGTACGAGAGAGTTT-1,OEC
ATGTACGAGTGATCTC-1,Astrocytes
ATGTACGCATTTGTTC-1,OEC
ATGTACGGTCCATTGA-1,Novel (Most Unreliable)
ATGTACGTCCAGGTAT-1,OEC
ATGTACGTCTAGTCGA-1,Novel (Most Unreliable)
ATGTACGTCTCCTTGG-1,OPC
ATGTCGACAGCGCGTT-1,OPC
ATGTCGACAGGCATTT-1,OPC
ATGTCGAGTAATGCCT-1,Pericytes
ATGTCGAGTGCTTCCT-1,OEC
ATGTCGAGTTTCTACT-1,Oligodendrocytes
ATGTCTTAGACACAAT-1,OPC
ATGTCTTTCGAGCGCT-1,OEC
ATGTCTTTCGGTAGGA-1,OEC
ATGTTTCAGAAGAGTG-1,OEC
ATGTTTCAGATGGGAA-1,Novel (Most Unreliable)
ATGTTTCAGTGAATAC-1,OEC
ATGTTTCCACCTCGTT-1,OPC
ATGTTTCCAGGCAGAT-1,OPC
ATGTTTCGTACGCCCA-1,OPC
ATGTTTCGTTTAAGGA-1,Novel (Most Unreliable)
ATGTTTCTCGATGCAT-1,OPC
ATGTTTCTCGTTCTAT-1,OPC
ATTACCTGTAGTAACA-1,OEC
ATTACCTGTCCGTGCA-1,VEC
ATTACCTTCTGGGCGT-1,Oligodendrocytes
ATTACTCAGCTTACCA-1,OPC
ATTACTCCAAGTGGCA-1,Astrocytes
ATTACTCCAGGATGTG-1,OEC
ATTACTCGTTTGTGAC-1,OPC
ATTACTCTCAGATACC-1,Astrocytes
ATTACTCTCTAGTCGA-1,Oligodendrocytes
ATTACTCTCTCTGCGT-1,Novel (Most Unreliable)
ATTCGTTAGACACTTC-1,OEC
ATTCGTTAGAGCCACA-1,Novel (Most Unreliable)
ATTCGTTCAAGCGTCC-1,OEC
ATTCGTTGTGATCAGG-1,VEC
ATTCGTTTCTGGTACA-1,OPC
ATTGTCTAGAAGGGCG-1,OEC
ATTGTCTCACGCTCAG-1,Novel (Most Unreliable)
ATTGTCTTCCCACTTG-1,COP-NFOL
ATTGTGGAGACGAAAG-1,OPC
ATTGTGGCAAGGACCA-1,OEC
ATTGTGGTCGCTTACC-1,Novel (Most Unreliable)
ATTGTGGTCTTCCACG-1,Novel (Most Unreliable)
ATTTGTCAGGCAGTGT-1,VLMC
ATTTGTCCAATTCTCT-1,OPC
ATTTGTCCAGGTCCTG-1,OEC
ATTTGTCCATAGATAG-1,OPC
ATTTGTCGTTAGGCTT-1,OPC
ATTTGTCGTTGAAGCG-1,COP-NFOL
ATTTGTCGTTTAGGAA-1,Novel (Most Unreliable)
ATTTGTCTCGTTACAG-1,Novel (Most Unreliable)
CAAAGCTCACAAACAA-1,OEC
CAAAGCTCACCGTCTT-1,OPC
CAAAGCTCACGATATC-1,OEC
CAAAGCTGTAACATAG-1,Novel (Most Unreliable)
CAAAGCTGTGCAAGCA-1,Novel (Most Unreliable)
CAAAGCTTCCAATAGC-1,VLMC
CAAAGCTTCCACGCTT-1,OPC
CAACCAAAGACCGCAA-1,COP-NFOL
CAACCAACACGCGTTG-1,Novel (Most Unreliable)
CAACCAACATCACAGT-1,COP-NFOL
CAACCAAGTCCACCAG-1,COP-NFOL
CAACCAATCCGATGCG-1,OEC
CAACCAATCCGTGCAG-1,OEC
CAACGGCAGGCAGTGT-1,OEC
CAACGGCAGTCCAGAG-1,OPC
CAACGGCCATCCTGGG-1,Novel (Most Unreliable)
CAACGGCGTAGCGAGT-1,Novel (Most Unreliable)
CAACGGCTCCAGCACG-1,OPC
CAACGGCTCCATACGA-1,OEC
CAACGGCTCGGAGTTT-1,OPC
CAACGGCTCTCCAACC-1,Astrocytes
CAACGGCTCTTCTCTC-1,OEC
CAACGGCTCTTGTACT-1,Novel (Most Unreliable)
CAACGTACACTAAACC-1,OPC
CAACGTACATGTAGAA-1,OEC
CAACGTAGTCACTCTC-1,OEC
CAACGTAGTCAGAAGC-1,OEC
CAACGTAGTTGTGACT-1,COP-NFOL
CAAGAAAAGGTTCGTT-1,Novel (Most Unreliable)
CAAGAAAAGTAGGTCG-1,VLMC
CAAGAAACAACGCACC-1,COP-NFOL
CAAGAAACAGGCATTT-1,Novel (Most Unreliable)
CAAGAAACAGGTTATC-1,Novel (Most Unreliable)
CAAGAAAGTTACTTTC-1,COP-NFOL
CAAGAAATCATGTTCT-1,OPC
CAAGAAATCTATGAGC-1,Astrocytes
CAAGCTACACTGCTCT-1,Astrocytes
CAAGCTACAGCGTAGA-1,Astrocytes
CAAGCTATCCATAACG-1,OEC
CAAGGCCCAAGGATGC-1,OEC
CAAGGCCCACTTATGG-1,Novel (Most Unreliable)
CAAGGCCGTCTAAGAA-1,VEC
CAAGGCCTCCAATAGC-1,Novel (Most Unreliable)
CAAGGCCTCCTAAGTG-1,VLMC
CAATCCCAGAAATACC-1,OPC
CAATCCCCAAGTCCTA-1,OPC
CAATCCCCAAGTTCGT-1,Oligodendrocytes
CAATCCCGTACGGATG-1,OEC
CAATCCCGTGAGGGTT-1,Novel (Most Unreliable)
CAATCCCGTTTCGACA-1,VEC
CACAACACAAGGACCA-1,Novel (Most Unreliable)
CACAACAGTATGGGTG-1,VLMC
CACAACATCATCGCTC-1,VLMC
CACAGATAGTTGACAA-1,OPC
CACAGATCATGTCCCT-1,OPC
CACAGATGTAACGTAA-1,OEC
CACAGATTCACAGGGA-1,Novel (Most Unreliable)
CACAGATTCCCTAAAG-1,COP-NFOL
CACAGATTCCGTTAGA-1,Novel (Most Unreliable)
CACAGATTCGCTACCT-1,OPC
CACAGATTCGGGTCCA-1,OEC
CACATGAAGACCAATA-1,VEC
CACATGAAGAGCGAAA-1,OEC
CACATGAGTCATTGGT-1,OPC
CACATGATCCATTGTT-1,Novel (Most Unreliable)
CACATGATCCGTACGG-1,Novel (Most Unreliable)
CACCACTAGACACAAT-1,OEC
CACCACTAGGGTCTGA-1,OPC
CACCACTAGTGCAACG-1,OEC
CACCACTCAAGACTAA-1,OEC
CACCACTCAAGGAGGG-1,OPC
CACCACTGTAGCCATT-1,VLMC
CACCACTGTTTCCACC-1,OPC
CACCACTTCTCGCGTT-1,Novel (Most Unreliable)
CACCTGTAGAAATTCG-1,OEC
CACCTGTAGACTAGCG-1,OEC
CACCTGTAGCCATTCA-1,OEC
CACCTGTAGGCACCTC-1,OEC
CACCTGTCACGTGAAG-1,Novel (Most Unreliable)
CACCTGTGTGCCCTAG-1,Astrocytes
CACCTGTTCAAACCCA-1,COP-NFOL
CACCTGTTCCAACGCG-1,COP-NFOL
CACCTGTTCTACATCT-1,OPC
CACCTTGAGACGCCCT-1,OEC
CACCTTGAGGCATGCA-1,Novel (Most Unreliable)
CACCTTGAGGGCTTCC-1,Novel (Most Unreliable)
CACCTTGCAGAGATGC-1,OEC
CACCTTGGTACTAGAA-1,Novel (Most Unreliable)
CACCTTGGTAGTAACA-1,Astrocytes
CACCTTGTCCAAGAGG-1,Astrocytes
CACCTTGTCCATACCC-1,OEC
CACCTTGTCCATCATT-1,OEC
CACCTTGTCCGTTAGA-1,Novel (Most Unreliable)
CACCTTGTCTGATCTT-1,OEC
CACGTTCAGAACGCCA-1,OEC
CACGTTCAGATGGGTC-1,OEC
CACGTTCCAACTCGAT-1,Pericytes
CACGTTCTCCGTTAGA-1,OEC
CACGTTCTCTACCCGT-1,COP-NFOL
CACTAAGAGGAATGGA-1,Oligodendrocytes
CACTAAGCAAATAGTG-1,COP-NFOL
CACTAAGCAGCCACGT-1,Novel (Most Unreliable)
CACTAAGGTCGAGGAT-1,OEC
CACTAAGGTGGCATAG-1,Astrocytes
CACTAAGGTTTCCACC-1,Novel (Most Unreliable)
CACTAAGTCTCGGCGA-1,OPC
CACTGAAAGGAGGCGA-1,Astrocytes
CACTGAACAACTCGTA-1,OPC
CACTGAACACGTTGTA-1,Novel (Most Unreliable)
CACTGAACAGGCATTT-1,VEC
CACTGAAGTAGGGTCA-1,Novel (Most Unreliable)
CACTGAAGTGTCCAGC-1,VEC
CACTGAATCCCGAAGC-1,Novel (Most Unreliable)
CACTGAATCGCGCCAA-1,Novel (Most Unreliable)
CACTGAATCTACCCGT-1,Oligodendrocytes
CAGCCTTGTCCCTTTG-1,VEC
CAGCCTTGTGGCATAG-1,OPC
CAGCCTTGTTCCAGTA-1,Astrocytes
CAGCCTTTCGCTACCT-1,COP-NFOL
CAGCCTTTCGTATAGC-1,OEC
CAGCCTTTCTTAACGG-1,OEC
CAGCTAAAGACGCCCT-1,Pericytes
CAGCTAAAGGTTGTGG-1,COP-NFOL
CAGCTAAGTTAGAGAT-1,OEC
CAGCTAATCTAGTCGA-1,OEC
CAGCTAATCTTTATCG-1,OEC
CAGCTGGAGTAATGTG-1,Novel (Most Unreliable)
CAGCTGGAGTGGTGTG-1,OPC
CAGCTGGCATCTGCAA-1,OPC
CAGCTGGGTCATTGCA-1,OPC
CAGCTGGGTGTTGTTG-1,OPC
CAGCTGGTCAAAGTAG-1,OPC
CAGCTGGTCCTATCCG-1,Novel (Most Unreliable)
CAGCTGGTCGATAGGG-1,VLMC
CAGCTGGTCTAAACGC-1,Novel (Most Unreliable)
CAGCTGGTCTGAGTAC-1,OEC
CAGGATTAGTAGGTCG-1,OEC
CAGGATTCAACTAGAA-1,Novel (Most Unreliable)
CAGGATTCAAGGATGC-1,OPC
CAGGATTGTAGAAAGG-1,Novel (Most Unreliable)
CAGGGCTGTATTCGCA-1,Oligodendrocytes
CAGGGCTGTCACATTG-1,OEC
CAGGGCTGTTGTGAGG-1,VLMC
CAGGGCTTCCGTGCAG-1,Astrocytes
CAGGGCTTCCTCCATG-1,OPC
CAGTATGAGAGTGGTC-1,Novel (Most Unreliable)
CAGTATGAGCTAGCAG-1,OPC
CAGTATGCACAAACGG-1,OPC
CAGTATGCACGATATC-1,Novel (Most Unreliable)
CAGTATGGTAATGTAG-1,Novel (Most Unreliable)
CAGTATGGTCTGGGAA-1,OEC
CAGTGCGAGTTACACC-1,Astrocytes
CAGTGCGCAACTACTG-1,OPC
CAGTGCGGTACCCATA-1,Astrocytes
CAGTGCGGTGCGACCT-1,Novel (Most Unreliable)
CAGTGCGGTTCTACGA-1,Novel (Most Unreliable)
CAGTGCGTCGATAGGG-1,OEC
CAGTGCGTCGCAACTA-1,OEC
CAGTGCGTCGGTCAGC-1,OEC
CAGTGCGTCTTCCACG-1,OEC
CAGTGTAAGTAGTGTA-1,OEC
CAGTGTAAGTTAGCAA-1,Oligodendrocytes
CAGTGTAGTGAATGTA-1,Novel (Most Unreliable)
CAGTGTATCGCCAGAC-1,OPC
CATAACGAGTCCGATT-1,OPC
CATAACGCACAGGTAG-1,Astrocytes
CATAACGCAGTATACC-1,Novel (Most Unreliable)
CATAACGGTCAGACGA-1,Novel (Most Unreliable)
CATAACGGTTACACTG-1,OEC
CATGCCTAGAGCGGTT-1,OEC
CATGCCTAGCAGAAAG-1,Astrocytes
CATGCCTAGTGAGCTG-1,Astrocytes
CATGCCTAGTTCGCGC-1,COP-NFOL
CATGCCTCACGATTAC-1,Novel (Most Unreliable)
CATGCCTCACTCCACT-1,OEC
CATGCCTCAGAGCCAA-1,Novel (Most Unreliable)
CATGCCTCATCGAGTT-1,VLMC
CATGCCTGTATTTGCG-1,OEC
CATGCCTTCCATTGTT-1,Novel (Most Unreliable)
CATGCCTTCGAAGCCC-1,Novel (Most Unreliable)
CATGTTTAGTCACACT-1,COP-NFOL
CATGTTTAGTCTAGAA-1,OEC
CATGTTTAGTTGGAAT-1,OPC
CATGTTTCAAGCAACG-1,Novel (Most Unreliable)
CATGTTTGTACGGATG-1,OEC
CATTCATAGACGCCCT-1,OEC
CATTCATAGTGGGACT-1,Novel (Most Unreliable)
CATTCATCATCACAGT-1,COP-NFOL
CATTCATGTGAGTCGA-1,OPC
CATTCATGTGCTTGAT-1,Novel (Most Unreliable)
CATTCATTCAGTAGTC-1,Oligodendrocytes
CATTCATTCGTTACAG-1,Novel (Most Unreliable)
CATTCATTCTGGACAT-1,Novel (Most Unreliable)
CATTCCGAGCTATCCA-1,OEC
CATTCCGCAACTAGAA-1,VEC
CATTCCGGTTGGCGAA-1,VEC
CATTCCGTCAGGCGCT-1,Novel (Most Unreliable)
CATTCCGTCCGGCTGA-1,Pericytes
CATTGGAAGAGTGGAA-1,Oligodendrocytes
CATTGGAAGTTTGGAA-1,OPC
CATTGGACATAGAATG-1,Novel (Most Unreliable)
CATTGGAGTACATGGG-1,OPC
CATTGGATCTTACCTA-1,OEC
CCAATGAAGCGCATTT-1,OPC
CCAATGAAGTGATCTC-1,OEC
CCAATGACAGTCAGAG-1,OEC
CCAATGAGTATTCTCT-1,OEC
CCAATGATCACCCTTG-1,Astrocytes
CCAATGATCCAAACCA-1,Astrocytes
CCACAGGTCCTGTAGA-1,OPC
CCACAGGTCGAGAAGC-1,VEC
CCACAGGTCGATGTAC-1,OEC
CCACGTTTCCATCGAA-1,OEC
CCAGAATAGGAAGAAC-1,Novel (Most Unreliable)
CCAGAATAGGTCTTTG-1,Novel (Most Unreliable)
CCAGAATAGTGGACGT-1,OEC
CCAGAATCACTCCCAT-1,OEC
CCAGAATCAGCCACGT-1,OEC
CCAGAATGTATGCTAC-1,OPC
CCAGAATGTCCTCAGG-1,COP-NFOL
CCAGAATGTGGTAAGC-1,OPC
CCAGAATTCAGTCACA-1,Novel (Most Unreliable)
CCAGAATTCCATTGAG-1,COP-NFOL
CCAGATAGTCATGAGG-1,OEC
CCAGATAGTCCAAGAG-1,Novel (Most Unreliable)
CCAGATAGTTCTGAGT-1,OEC
CCAGATATCGCCTTAC-1,OEC
CCAGATATCGTATAGC-1,OEC
CCAGATATCTTTCGAT-1,Novel (Most Unreliable)
CCATACCAGTCGTACT-1,OPC
CCATACCCACTCCTCA-1,Novel (Most Unreliable)
CCATACCCAGCTTACA-1,OEC
CCATACCGTAGCGGTA-1,OPC
CCATACCGTTGGCGAA-1,OPC
CCATACCTCGAAGCCC-1,OPC
CCATACCTCGATGTAC-1,OEC
CCCACATAGATTCCGT-1,COP-NFOL
CCCACATCAAGACACG-1,OPC
CCCACATGTACGCAAG-1,Novel (Most Unreliable)
CCCACATGTCAACGGA-1,COP-NFOL
CCCACATTCAGAATGA-1,OEC
CCCAGAGAGGGTAATT-1,OEC
CCCAGAGCACACACAT-1,OEC
CCCAGAGCAGAACAGC-1,OEC
CCCAGAGCATGGTAAA-1,COP-NFOL
CCCAGAGGTATATGGA-1,OEC
CCCAGAGGTTTGTGAC-1,Novel (Most Unreliable)
CCCGTTAAGATCTCAC-1,Astrocytes
CCCGTTAAGGCCTCTG-1,Novel (Most Unreliable)
CCCGTTAAGTGAAACT-1,Novel (Most Unreliable)
CCCGTTACAAGGATGC-1,OPC
CCCGTTAGTCTCGGGT-1,Astrocytes
CCCGTTATCCGGCTGA-1,Pericytes
CCCGTTATCTATGAGC-1,Novel (Most Unreliable)
CCCTAACAGGTAGGCT-1,COP-NFOL
CCCTAACCAACTTGGT-1,OPC
CCCTAACCATCCCGGA-1,OEC
CCCTAACCATCCGTGG-1,OPC
CCCTAACGTCAGAGTG-1,Novel (Most Unreliable)
CCCTAACTCACCCGGA-1,OEC
CCCTAACTCGTCTTAT-1,Novel (Most Unreliable)
CCCTAGTAGACTAGGC-1,Pericytes
CCCTAGTAGATGAGGA-1,Astrocytes
CCCTAGTAGGGCTTCC-1,OEC
CCCTAGTAGTAGCAAT-1,Novel (Most Unreliable)
CCCTAGTAGTTCGACT-1,OEC
CCCTAGTCAGCGCGTT-1,OPC
CCCTAGTGTCTGGTTA-1,Novel (Most Unreliable)
CCCTAGTGTGCATTCA-1,Novel (Most Unreliable)
CCCTCTCAGACGCCCT-1,OEC
CCCTCTCAGAGTTTGA-1,VEC
CCCTCTCAGTCGTATC-1,Novel (Most Unreliable)
CCCTCTCCAACTTGGT-1,OPC
CCCTCTCCAGCAACAG-1,Novel (Most Unreliable)
CCCTCTCGTAGTGATA-1,OEC
CCCTCTCGTGCCGGTT-1,OPC
CCCTCTCGTTCTTATC-1,Novel (Most Unreliable)
CCCTCTCTCGAGTGTT-1,Novel (Most Unreliable)
CCCTCTCTCGATATGC-1,Astrocytes
CCCTGATAGAATATCG-1,Pericytes
CCCTGATAGACCATAA-1,Astrocytes
CCCTGATCACTCGGAC-1,Novel (Most Unreliable)
CCCTGATTCTCTATTG-1,OPC
CCGAAGCGTGCAGACA-1,OPC
CCGAAGCTCAGAACGG-1,OPC
CCGAAGCTCTGGGCGT-1,OEC
CCGCATTGTAGCGTTT-1,OEC
CCGCATTTCTATTGTC-1,Novel (Most Unreliable)
CCGTACTAGCGTCAAG-1,COP-NFOL
CCGTACTCAATGTGCT-1,Oligodendrocytes
CCGTACTCACTGCTCT-1,OPC
CCGTAGGCACCATTCC-1,OPC
CCGTAGGGTACCGGCT-1,OEC
CCGTAGGGTATCTCAG-1,Novel (Most Unreliable)
CCGTGAGAGATCGATA-1,Novel (Most Unreliable)
CCGTGAGAGTCGGGAT-1,Novel (Most Unreliable)
CCGTGAGTCCATACCC-1,Novel (Most Unreliable)
CCGTGAGTCTCTGTTA-1,Oligodendrocytes
CCTAAAGAGACGCCAA-1,Astrocytes
CCTAAAGAGGCAGTGT-1,COP-NFOL
CCTAAAGAGTCTGCTA-1,OPC
CCTAAAGGTCACAGGA-1,Astrocytes
CCTAAAGTCAGTACAC-1,Novel (Most Unreliable)
CCTATTAAGCGATACG-1,VLMC
CCTATTAAGCGTCTGC-1,OPC
CCTATTAAGGCACTAG-1,Novel (Most Unreliable)
CCTATTACACCACAGC-1,Novel (Most Unreliable)
CCTATTACAGACCTGC-1,Novel (Most Unreliable)
CCTCCCTAGTACCCAT-1,COP-NFOL
CCTCCCTTCGGTACTA-1,Novel (Most Unreliable)
CCTCCCTTCGTCTTAT-1,COP-NFOL
CCTCCCTTCTTCCACG-1,OEC
CCTGCTAAGCATTCCA-1,OPC
CCTGCTAAGTGAAACT-1,OPC
CCTGCTACACATTCTT-1,OEC
CCTGGGAAGTGAGTTA-1,VEC
CCTGGGAAGTGTCGCC-1,Astrocytes
CCTGGGAGTCCTATTT-1,Astrocytes
CCTGGGAGTTAACCGT-1,Novel (Most Unreliable)
CCTGGGATCCCATAGA-1,Oligodendrocytes
CCTGGGATCGGGAAAC-1,COP-NFOL
CCTGGGATCTGAGTCA-1,Pericytes
CCTTAATAGACCAATA-1,Oligodendrocytes
CCTTAATAGGCGTAGT-1,OPC
CCTTAATAGGTTCTCA-1,VEC
CCTTAATCAGTATACC-1,OPC
CCTTAATCATCCTCGT-1,OEC
CCTTAATTCCCGTATC-1,OPC
CCTTAATTCGGGAATG-1,Astrocytes
CCTTAATTCGTGATAC-1,OEC
CCTTGCAAGGTGATGC-1,Novel (Most Unreliable)
CCTTGCATCCCAGCGA-1,OEC
CCTTGCATCGGGACAA-1,COP-NFOL
CCTTGGTAGTTGCTTG-1,Novel (Most Unreliable)
CCTTGGTCACAAGGGT-1,OEC
CCTTGGTCATGCACTA-1,VLMC
CCTTGGTGTACGAGAC-1,OEC
CCTTGGTGTAGCGTTT-1,Oligodendrocytes
CCTTGGTTCTTCCACG-1,OEC
CGAGTTAAGGCAAGGG-1,OPC
CGAGTTAAGTTGCTTG-1,Astrocytes
CGAGTTACAAGTAATG-1,COP-NFOL
CGAGTTAGTACCTATG-1,Astrocytes
CGAGTTAGTATTCTGG-1,Novel (Most Unreliable)
CGATGATAGAGAGTAG-1,Novel (Most Unreliable)
CGATGATAGAGGAATG-1,OPC
CGATGATAGCTCCATA-1,Novel (Most Unreliable)
CGATGATAGCTTACCA-1,OEC
CGATGATAGGTACTCT-1,OEC
CGATGATAGGTAGGCT-1,Oligodendrocytes
CGATGATAGTAGCAAT-1,OPC
CGATGATAGTCCGGAA-1,Novel (Most Unreliable)
CGATGATAGTCTGGGA-1,OEC
CGATGATGTATCTAGC-1,Novel (Most Unreliable)
CGATGATGTTTGAAGA-1,OEC
CGATGATGTTTGCGAT-1,Oligodendrocytes
CGCAATAAGACCGCAA-1,VLMC
CGCAATAAGATGTTGA-1,OPC
CGCAATACAAGACACG-1,OEC
CGCAATACAAGGATGC-1,OEC
CGCAATACACTCCTCA-1,OPC
CGCAATAGTATCACAC-1,Novel (Most Unreliable)
CGCAATAGTATCAGCT-1,Novel (Most Unreliable)
CGCAATAGTCAACTGT-1,Novel (Most Unreliable)
CGCAATATCAGAGTGG-1,OPC
CGCACAGAGAATATCG-1,OPC
CGCACAGGTTCAGTTG-1,OEC
CGCACAGTCATACTTC-1,OPC
CGCAGGTCAATTCAGC-1,Novel (Most Unreliable)
CGCAGGTCAGCTTACA-1,Novel (Most Unreliable)
CGCAGGTTCACCCTTG-1,Novel (Most Unreliable)
CGCAGGTTCTTTATCG-1,COP-NFOL
CGCGCAAAGATAGGTT-1,OEC
CGCGCAACATACTGCA-1,OPC
CGCGCAAGTCCGTAGC-1,OPC
CGCGCAAGTGATGCGA-1,Oligodendrocytes
CGCGCAAGTTTAGAAG-1,VEC
CGCTAGGAGCTGCCAC-1,OEC
CGCTAGGGTCACTCTC-1,Novel (Most Unreliable)
CGCTAGGGTCTAAGAA-1,OPC
CGCTAGGTCGACTGGC-1,OEC
CGCTAGGTCGGATCGC-1,Novel (Most Unreliable)
CGCTAGGTCTACATCT-1,Novel (Most Unreliable)
CGCTATCAGGAGACTC-1,COP-NFOL
CGCTATCAGGTGATGC-1,OEC
CGCTATCAGGTTAGTA-1,Astrocytes
CGCTATCCAAGCAGGT-1,OPC
CGCTATCCAAGGCGTA-1,Oligodendrocytes
CGCTATCCACACATGT-1,OPC
CGCTATCCACCTGTGG-1,COP-NFOL
CGCTGGACAAGTTGCT-1,VLMC
CGCTGGACACGTGAAG-1,COP-NFOL
CGCTGGAGTGATAGAT-1,OEC
CGGACCAAGGCACCTC-1,COP-NFOL
CGGACCAAGTGAGCTG-1,VEC
CGGACCACAAGGGAGG-1,OPC
CGGACCACACACTAGT-1,OPC
CGGACCAGTACGTAAA-1,VLMC
CGGACCATCGCCGAAC-1,Novel (Most Unreliable)
CGGACTGCAATTCGTG-1,Novel (Most Unreliable)
CGGACTGCATACCCGG-1,OEC
CGGACTGCATCTCACC-1,OEC
CGGACTGGTCAGGTGA-1,VLMC
CGGACTGTCTGAACGT-1,VEC
CGGACTGTCTTACTCA-1,OEC
CGGTGCAAGGACTAGC-1,COP-NFOL
CGGTGCAGTAGTCTGT-1,Novel (Most Unreliable)
CGGTGCAGTTTGAAGA-1,Novel (Most Unreliable)
CGGTGCAGTTTGTGAC-1,OEC
CGTAAACAGCTCCGGT-1,OEC
CGTAAACCAATAGCGG-1,OPC
CGTAAACGTAAGCCGA-1,OPC
CGTAAACGTGATAAGT-1,Astrocytes
CGTAAACTCCATTGTT-1,OPC
CGTAAACTCCTGGAAT-1,Novel (Most Unreliable)
CGTACAAAGCTACGCC-1,OEC
CGTACAACATTACCTT-1,OPC
CGTACAAGTTTCGACA-1,Novel (Most Unreliable)
CGTACAATCGCCTTAC-1,COP-NFOL
CGTACAATCTATATCC-1,Novel (Most Unreliable)
CGTGGCAAGACGTCAG-1,VEC
CGTGGCAAGTTGACAA-1,OPC
CGTGGCACAAGGAAGA-1,Novel (Most Unreliable)
CGTGGCAGTAAGCCTT-1,VEC
CGTGGCAGTCTTAGCA-1,VLMC
CGTGGCATCAGCCGGT-1,OPC
CGTGGCATCTACTTTG-1,OPC
CGTTCCAAGGATGTCG-1,Astrocytes
CGTTCCAAGTACAGTA-1,OPC
CGTTCCAAGTTCAACC-1,VEC
CGTTCCACAGATACAA-1,VEC
CGTTCCAGTATGGATA-1,Novel (Most Unreliable)
CGTTCCAGTATTCGCA-1,COP-NFOL
CGTTCCAGTGCTTACA-1,OEC
CGTTCCATCTGTTGCC-1,VEC
CTAACTTAGGCAGTGT-1,OPC
CTAACTTCAGTAGTTC-1,OEC
CTAACTTGTATCACAC-1,OPC
CTAACTTGTCTCTGGG-1,OEC
CTAACTTGTTCCTATT-1,Oligodendrocytes
CTAACTTTCCAATAGC-1,Novel (Most Unreliable)
CTAACTTTCCGCCTAT-1,OEC
CTAACTTTCGCGCTGA-1,OPC
CTACAGAAGCCTTTGA-1,OPC
CTACAGACAAACCTAC-1,OEC
CTACAGAGTTATAGAG-1,OPC
CTACAGATCAGAATGA-1,Novel (Most Unreliable)
CTACTTAAGTGGGACT-1,Novel (Most Unreliable)
CTACTTACAATTGGCT-1,Astrocytes
CTACTTACAGGCAGAT-1,OEC
CTACTTACATCGGCTG-1,Oligodendrocytes
CTACTTAGTACCGGCT-1,OPC
CTACTTAGTACGGAGT-1,OEC
CTACTTAGTATCAGCT-1,Astrocytes
CTACTTAGTGAGGGTT-1,OEC
CTACTTAGTGCTGTGC-1,Novel (Most Unreliable)
CTACTTAGTGGGTAGT-1,Novel (Most Unreliable)
CTACTTAGTGTCGTGC-1,Astrocytes
CTACTTATCGATGTGT-1,OEC
CTACTTATCGCTACCT-1,OPC
CTAGCGGCAAGGCGTA-1,OEC
CTAGCGGCAGTGCTCG-1,Novel (Most Unreliable)
CTAGGATAGGACTTTC-1,OPC
CTAGGATCACCTGAAT-1,COP-NFOL
CTAGGATCAGGGAGTT-1,OPC
CTAGGATGTAATGCAA-1,COP-NFOL
CTAGGGCCAGGTAGCA-1,Astrocytes
CTAGGGCTCCAGGGAA-1,OEC
CTAGGGCTCGGTCCGA-1,OEC
CTCAACCAGGTCGTTT-1,Novel (Most Unreliable)
CTCAACCAGTGGTGTG-1,OEC
CTCAACCCAACAAACA-1,OEC
CTCAACCCAGTTGGAG-1,Pericytes
CTCAACCTCCGGCGAT-1,Novel (Most Unreliable)
CTCACCAAGCTAGTTC-1,COP-NFOL
CTCACCAAGGCAGTAC-1,Novel (Most Unreliable)
CTCACCACATGACTGT-1,Novel (Most Unreliable)
CTCACCAGTAGCGGTA-1,Astrocytes
CTCACCAGTCCCTTTG-1,OPC
CTCACCAGTTACTTTC-1,Novel (Most Unreliable)
CTCACCATCTATTTCG-1,Novel (Most Unreliable)
CTCAGAACAAACGTTC-1,Novel (Most Unreliable)
CTCAGAAGTACGCAAG-1,Novel (Most Unreliable)
CTCAGAAGTGCACCCA-1,OPC
CTCAGAATCCGAATTG-1,Novel (Most Unreliable)
CTCAGAATCGAAGCCC-1,Novel (Most Unreliable)
CTCAGAATCTCTTCCT-1,OEC
CTCAGCTAGTCAACTC-1,Novel (Most Unreliable)
CTCAGCTGTTCCATCC-1,COP-NFOL
CTCATGCAGAAGAGTG-1,OEC
CTCATGCCAGGTAGGT-1,Novel (Most Unreliable)
CTCATGCTCCTCATTA-1,OEC
CTCCCAAAGCTACGTT-1,OPC
CTCCCAAAGGTCTTTG-1,OEC
CTCCCAAGTTCCTGTC-1,OEC
CTCGCTAAGAGACTCG-1,OEC
CTCGCTAAGAGCCACA-1,OEC
CTCGCTAAGCCCATGC-1,OEC
CTCGCTACATGGGTGA-1,Pericytes
CTCGCTAGTCAACTAC-1,Novel (Most Unreliable)
CTCGCTAGTCATAGAA-1,COP-NFOL
CTCGCTATCAAAGTAG-1,OEC
CTCGCTATCTGCGTCT-1,OEC
CTCTACGAGTAGTTCC-1,OPC
CTCTACGAGTGCTAGG-1,OEC
CTCTACGAGTTCCCGG-1,OEC
CTCTACGCAAGGAAGA-1,Novel (Most Unreliable)
CTCTACGGTATCAGCT-1,OPC
CTCTACGTCCCACTAC-1,OEC
CTCTACGTCGCCACTT-1,Novel (Most Unreliable)
CTCTAGCAGGAAGGTA-1,OEC
CTCTAGCAGTAACTCC-1,Novel (Most Unreliable)
CTCTAGCAGTCAGCCC-1,OEC
CTCTAGCCAAATGCTC-1,COP-NFOL
CTCTAGCCAATCACTG-1,OPC
CTCTAGCTCCCGTAGG-1,Novel (Most Unreliable)
CTCTAGCTCCGGGCAT-1,OEC
CTCTCAGAGAATGCTA-1,OEC
CTCTCAGAGAGGAATG-1,Oligodendrocytes
CTCTCAGAGTTCCAGT-1,OEC
CTCTCAGCACCTGAAT-1,OPC
CTCTCAGCACTCGTGG-1,OPC
CTCTCAGCATTGTGAC-1,Novel (Most Unreliable)
CTCTCGAAGACACTTC-1,Astrocytes
CTCTCGACACCGTTGG-1,OPC
CTCTCGACACTAGGAG-1,OPC
CTCTCGAGTGCTGTGC-1,COP-NFOL
CTCTCGAGTGTCTACA-1,Novel (Most Unreliable)
CTCTCGATCGACTTAG-1,OPC
CTGAATGAGTACAGAT-1,Novel (Most Unreliable)
CTGAATGCAAAGAGAG-1,OPC
CTGAATGCATCGCCTT-1,OEC
CTGAATGGTGCGTTTA-1,Oligodendrocytes
CTGAATGGTTCAGTAC-1,OEC
CTGAATGGTTGCAGAG-1,OPC
CTGAATGTCCATGACA-1,OEC
CTGCGTTGTGCGCTCA-1,OEC
CTGCGTTGTGTCTACA-1,COP-NFOL
CTGCGTTTCAAGGCCC-1,OEC
CTGCGTTTCAGCGGTC-1,OEC
CTGCTCAAGGGTTCTT-1,OEC
CTGGCAGAGCAGAATT-1,VLMC
CTGGCAGCATAGCCAT-1,Oligodendrocytes
CTGGCAGCATCCGTAA-1,OEC
CTGGCAGGTCGGCTGT-1,OEC
CTGGCAGGTGAGTAAT-1,VLMC
CTGGCAGGTGCACTTA-1,Oligodendrocytes
CTGGCAGGTGGAAAGA-1,Novel (Most Unreliable)
CTGGCAGGTTCTGATG-1,OEC
CTGGCAGGTTGGCGAA-1,Novel (Most Unreliable)
CTGGCAGTCAATTCCT-1,OPC
CTGGCAGTCCCAATGA-1,OEC
CTGGCAGTCGTGGCGT-1,COP-NFOL
CTGGCAGTCGTTGTTT-1,COP-NFOL
CTGGGACAGGAGAACA-1,OEC
CTGGGACCATCGAGTT-1,Astrocytes
CTGGGACCATCGTGAT-1,OPC
CTGGGACTCGAGCGCT-1,OPC
CTGGGACTCGAGGTAG-1,OPC
CTGGGACTCTGAAAGA-1,OEC
CTGTATTAGCCGCAAA-1,Novel (Most Unreliable)
CTGTATTAGCCTTTGA-1,OPC
CTGTATTAGTAATCAG-1,Novel (Most Unreliable)
CTGTATTAGTGAATAC-1,Astrocytes
CTGTATTCAGGGTAAC-1,OPC
CTGTATTCATCATGTG-1,OEC
CTGTATTTCGCTATAG-1,Astrocytes
CTGTTCGAGGTGTTGG-1,OPC
CTGTTCGCAGTAACTC-1,OEC
CTGTTCGCATTAAGGA-1,Novel (Most Unreliable)
CTGTTCGCATTAGCAC-1,Astrocytes
CTGTTCGGTCCCGTGA-1,COP-NFOL
CTTAATCCAGCGCGTT-1,Pericytes
CTTAATCCATAGACGG-1,VEC
CTTAATCGTGTACGCC-1,OEC
CTTAATCGTTAGGCTT-1,OEC
CTTAATCTCGCTATAG-1,VEC
CTTAATCTCTGGCACG-1,Novel (Most Unreliable)
CTTCCAGAGACTCTTG-1,OEC
CTTCCAGAGATTAGAC-1,Novel (Most Unreliable)
CTTCCAGAGCGTGTTT-1,COP-NFOL
CTTCCAGAGTCCTTCC-1,OEC
CTTCCAGCATCGGCCA-1,OPC
CTTCCAGGTCATTGCA-1,OEC
CTTCCAGGTGATAGAT-1,OEC
CTTCCAGGTTTCGATG-1,Novel (Most Unreliable)
CTTCCAGTCCGAGGAA-1,OPC
CTTCCAGTCGCTTGAA-1,OEC
CTTCTAAAGACGACTG-1,Astrocytes
CTTCTAACATGTGAGG-1,COP-NFOL
CTTCTAAGTGGAAGCT-1,OPC
CTTCTAATCCCAGCGA-1,Astrocytes
CTTGAAGAGGAGACTC-1,VLMC
CTTGAAGAGTTAGCGG-1,COP-NFOL
CTTGAAGCAAGTCTGT-1,OPC
CTTGAAGCACTGTTAG-1,Novel (Most Unreliable)
CTTGAAGGTGGGTAGT-1,Novel (Most Unreliable)
CTTGAAGTCAGGGTTT-1,Astrocytes
CTTGAAGTCTGATCTT-1,Novel (Most Unreliable)
CTTGCCAAGAGCGAAA-1,Novel (Most Unreliable)
CTTGCCAAGATATGAC-1,Astrocytes
CTTGCCAAGGGAAATG-1,Astrocytes
CTTGCCACACGTTACA-1,OEC
CTTGCCAGTATCTAGC-1,COP-NFOL
CTTGCCAGTCAGGCTC-1,Novel (Most Unreliable)
CTTGCCAGTCTGTGTA-1,COP-NFOL
CTTGCCAGTTACGGAG-1,Oligodendrocytes
CTTGCCATCCATCGAA-1,OPC
CTTGCCATCGACCCGA-1,COP-NFOL
CTTGCTGAGCTATCGT-1,Novel (Most Unreliable)
CTTGCTGCACTAAACC-1,Astrocytes
CTTGCTGGTAAGTGCG-1,VEC
CTTGCTGGTCAGCTTA-1,VLMC
CTTGTCGAGACACTTC-1,OEC
CTTGTCGAGACTTCCA-1,Novel (Most Unreliable)
CTTGTCGAGGCTTCGC-1,Oligodendrocytes
CTTGTCGAGGTCTTTG-1,OPC
CTTGTCGAGTTACACC-1,Novel (Most Unreliable)
CTTGTCGCACATCATG-1,COP-NFOL
CTTGTCGGTACGCAAG-1,OEC
CTTGTCGGTCCAAGTT-1,OEC
CTTGTCGGTCGTAATC-1,Novel (Most Unreliable)
CTTGTCGGTGGTAGAC-1,OEC
CTTGTCGTCAGAATGA-1,OPC
CTTTGCGCAAGGAGGG-1,OEC
CTTTGCGCAGTTGCAT-1,Novel (Most Unreliable)
CTTTGCGGTCATAAGA-1,Novel (Most Unreliable)
CTTTGCGGTCCGTCGA-1,OPC
CTTTGCGGTTGGGAAC-1,Novel (Most Unreliable)
CTTTGCGTCCAATAGC-1,OPC
CTTTGCGTCTTGCGCT-1,OPC
GAAACAACATTATGGC-1,OPC
GAAACAAGTGACAAGC-1,VLMC
GAAACAAGTGCAGACA-1,OPC
GAAACAATCCTCCTGA-1,OPC
GAAAGTACAGATAAGT-1,Oligodendrocytes
GAAAGTAGTTTGCCCT-1,COP-NFOL
GAAAGTATCTCGCGTT-1,Novel (Most Unreliable)
GAAATGAAGCTGCTCG-1,Novel (Most Unreliable)
GAAATGACAGGTCTGC-1,Oligodendrocytes
GAAATGAGTCAGTGTT-1,Pericytes
GAAATGAGTTAAGGGC-1,OPC
GAAATGATCAGGAATA-1,Novel (Most Unreliable)
GAAATGATCGATATGC-1,Novel (Most Unreliable)
GAAATGATCGGTTAGT-1,OPC
GAACCGCCACATTCTT-1,COP-NFOL
GAACCGCGTATTGTGC-1,Pericytes
GAACCGCGTCAAACAA-1,COP-NFOL
GAACCGCGTTTAGGAA-1,Astrocytes
GAACCGCGTTTCGACA-1,OPC
GAACCGCTCCCTACGT-1,Novel (Most Unreliable)
GAACCGCTCGAGAAGC-1,OPC
GAACCGCTCGCACCGA-1,OPC
GAACCGCTCTATGAGC-1,Novel (Most Unreliable)
GAACCTAAGACTTCCA-1,OEC
GAACCTAAGGTTGTTC-1,OEC
GAACCTAAGTACTCTG-1,OEC
GAACCTACAACTCGAT-1,Novel (Most Unreliable)
GAACCTACATAGACGG-1,Novel (Most Unreliable)
GAACCTACATAGATAG-1,Astrocytes
GAACCTAGTACCCATA-1,OEC
GAACGTTCACAGTTCA-1,COP-NFOL
GAACGTTCACATATCG-1,Novel (Most Unreliable)
GAACGTTCACCGATCG-1,OPC
GAACGTTGTTAGGCTT-1,OPC
GAACTTGAGATATGTG-1,COP-NFOL
GAACTTGAGCTCGTTA-1,Novel (Most Unreliable)
GAACTTGAGGGTCTGA-1,OEC
GAACTTGGTACGTAGG-1,Pericytes
GAACTTGGTAGTGATA-1,OEC
GAACTTGGTCAACTGT-1,Astrocytes
GAACTTGGTCAGACGA-1,OEC
GAACTTGTCGAGAAGC-1,Novel (Most Unreliable)
GAACTTGTCGCAGATT-1,OEC
GAAGAGCAGAGAAGCA-1,Oligodendrocytes
GAAGAGCGTTGGTAAA-1,Astrocytes
GAAGAGCTCCCATAGA-1,OPC
GAAGTCTCAGGTGGTA-1,Novel (Most Unreliable)
GAAGTCTGTGGACCAA-1,OPC
GAAGTCTTCTCTGCGT-1,Novel (Most Unreliable)
GAAGTGGAGCAGGAGG-1,COP-NFOL
GAAGTGGAGCCTATAC-1,Novel (Most Unreliable)
GAATCTGAGGTAAGTT-1,OPC
GAATCTGCACCGTTGG-1,Astrocytes
GAATCTGGTTTGCATG-1,Novel (Most Unreliable)
GAATCTGTCCTTTGAT-1,OPC
GAATCTGTCTTGCGCT-1,OPC
GACCAATAGGCAGTAC-1,OPC
GACCAATCAAAGCATA-1,OPC
GACCAATCACACACAT-1,OPC
GACCAATCACGCGTTG-1,OPC
GACCAATGTAACCGAG-1,Novel (Most Unreliable)
GACCAATGTCACATTG-1,Oligodendrocytes
GACCAATTCGATATGC-1,VLMC
GACCAATTCGATCTTT-1,OPC
GACCAATTCGGAAAGC-1,OPC
GACCAATTCGTCTTAT-1,Novel (Most Unreliable)
GACCAATTCGTGCTTC-1,OPC
GACCCAGAGCGGACTA-1,Astrocytes
GACCCAGAGGCACTAG-1,Pericytes
GACCCAGCAAGAAACT-1,OEC
GACCCAGCAGATAAGT-1,VLMC
GACCCAGGTAGGTAAT-1,VLMC
GACCCAGGTCAGGCTC-1,OEC
GACCCAGGTCCGTAGC-1,OPC
GACCCAGTCCACGCTT-1,Astrocytes
GACCCAGTCGGGTCCA-1,VEC
GACCGACCAAACTACC-1,Astrocytes
GACCGACCATAGCCGC-1,Novel (Most Unreliable)
GACCGACTCATCGCCT-1,OPC
GACCGACTCCCTACCA-1,OEC
GACCTTCCAATAGCGG-1,OEC
GACCTTCCAATCATCG-1,VEC
GACCTTCCACCGTTGG-1,OEC
GACCTTCCACGGCCAT-1,OPC
GACCTTCGTCCGAGCT-1,COP-NFOL
GACCTTCTCACTAGGT-1,Astrocytes
GACCTTCTCCGAGGAA-1,Novel (Most Unreliable)
GACTAACCAATGATGA-1,OEC
GACTAACTCGCACCGA-1,OEC
GACTAGTAGGTTCGTT-1,VLMC
GACTAGTCAGGACTGA-1,OPC
GACTAGTTCGCAAACT-1,OEC
GAGAACGAGCCTATAC-1,OPC
GAGAACGAGCCTTTGA-1,OPC
GAGAACGAGTCTCCAA-1,VLMC
GAGAACGCAACGTACT-1,Novel (Most Unreliable)
GAGAACGCACCACAGC-1,Novel (Most Unreliable)
GAGAACGCACCTCGTT-1,OEC
GAGAACGCATGATCGT-1,OPC
GAGAACGTCTCTTCTC-1,Oligodendrocytes
GAGACTTAGAGGAATG-1,COP-NFOL
GAGACTTCATAGTCCA-1,OPC
GAGACTTGTAGGTAAT-1,OPC
GAGACTTGTCAAACAA-1,VLMC
GAGACTTTCGACTTAG-1,OEC
GAGATTCAGGGATCCA-1,Novel (Most Unreliable)
GAGATTCAGGGTCTGA-1,OPC
GAGATTCCATTCGTCC-1,Astrocytes
GAGATTCGTATTGTCG-1,Astrocytes
GAGATTCGTCCCGAGT-1,Novel (Most Unreliable)
GAGATTCGTCCGTAGC-1,Oligodendrocytes
GAGATTCTCGATAGCT-1,OPC
GAGATTCTCGTGCTGG-1,OPC
GAGCATTAGAGAACCC-1,OPC
GAGCATTAGTGAACCG-1,OPC
GAGCATTCATCGCCTT-1,OEC
GAGCATTGTTGGCTTA-1,COP-NFOL
GAGCATTTCCACACCT-1,Oligodendrocytes
GAGCGCTAGTCGACCC-1,Oligodendrocytes
GAGCGCTCAAGTTCGT-1,OPC
GAGCGCTCAGGCATTT-1,OEC
GAGCGCTCAGGTAGGT-1,OEC
GAGCGCTGTGAGGTCA-1,Novel (Most Unreliable)
GAGCGCTGTGATGCGA-1,Astrocytes
GAGGATGAGAGCCACA-1,VEC
GAGGATGCAACGGGTA-1,OPC
GAGGATGCACTAGGAG-1,Novel (Most Unreliable)
GAGGATGGTCAAGACG-1,Oligodendrocytes
GAGGATGGTTCTGATG-1,OEC
GAGGCTCAGGTACATA-1,Oligodendrocytes
GAGGCTCGTAACGGTG-1,OEC
GAGGCTCGTGAGGGTT-1,OEC
GAGGCTCGTTCGGGAA-1,Pericytes
GAGGCTCTCGCGTGAC-1,Novel (Most Unreliable)
GAGGTCCCAGAACAGC-1,VEC
GAGGTCCCATCTCTCG-1,COP-NFOL
GAGGTCCCATGTGGGA-1,OEC
GAGGTCCGTGGACAGT-1,Oligodendrocytes
GAGGTCCTCGTGATAC-1,OEC
GAGTGAGAGAGACTCG-1,VEC
GAGTGAGAGGAGTACC-1,OPC
GAGTGAGGTTGCCGCA-1,Novel (Most Unreliable)
GAGTGAGTCCTTACGC-1,OEC
GAGTGAGTCTGAGTCA-1,OEC
GATCATGAGTGATATG-1,OPC
GATCATGCAAAGAAGG-1,Novel (Most Unreliable)
GATCATGCAACAAACA-1,OEC
GATCATGTCTTGCGCT-1,Astrocytes
GATCGTAAGATAGGTT-1,OEC
GATCGTAAGCGAGCTA-1,OEC
GATCGTAAGGATTGAT-1,OPC
GATCGTAAGGCCTCGT-1,Astrocytes
GATCGTAAGGTACATA-1,Novel (Most Unreliable)
GATCGTAAGTCGTGAG-1,COP-NFOL
GATCGTACACATTGCA-1,Novel (Most Unreliable)
GATCGTACACGCGATC-1,OPC
GATCGTACATGCGTTA-1,OEC
GATCGTAGTACTAGAA-1,OPC
GATCGTAGTGAATACA-1,Astrocytes
GATCGTAGTTCTCGAA-1,OPC
GATGATCAGGAAGAAC-1,Pericytes
GATGATCAGTCTAGAA-1,Novel (Most Unreliable)
GATGATCGTTACACTG-1,OEC
GATGATCTCAAGGCCC-1,OEC
GATGATCTCGCAGATT-1,OEC
GATGGCCAGAACTAAC-1,OPC
GATGGCCCAAAGACGC-1,Novel (Most Unreliable)
GATGGCCCATGTATCG-1,OEC
GATGGCCGTACTTGAC-1,OEC
GATGGCCGTCCTATTT-1,Novel (Most Unreliable)
GATGGCCTCCGATGCG-1,Novel (Most Unreliable)
GATGGCCTCTATAGGC-1,COP-NFOL
GATGGCCTCTTTATCG-1,VLMC
GATTAGCCAACTACTG-1,OEC
GATTAGCCAGCGTACC-1,OPC
GATTAGCCATTAACGC-1,Oligodendrocytes
GATTAGCGTTTCTACT-1,Novel (Most Unreliable)
GATTAGCTCTATCTAC-1,Novel (Most Unreliable)
GATTGACAGGCCAGTA-1,OEC
GATTGACAGGGAAATG-1,OPC
GATTGACCAAGTCCTA-1,OPC
GATTGACCAGCTTACA-1,OEC
GATTGACGTCACAGGA-1,OEC
GATTGACGTCATTGCA-1,OEC
GATTGACTCGACTTAG-1,Novel (Most Unreliable)
GATTGACTCTCTGACC-1,OPC
GCAAAGGAGACTAGCG-1,Novel (Most Unreliable)
GCAAAGGAGCTCCGGT-1,Novel (Most Unreliable)
GCAAAGGAGGCCAATG-1,Novel (Most Unreliable)
GCAAAGGAGTTCAGGG-1,Novel (Most Unreliable)
GCAAAGGTCAATTCCT-1,Novel (Most Unreliable)
GCAAAGGTCAGTCTTT-1,VLMC
GCAAAGGTCGATCTTT-1,OEC
GCAAAGGTCGTGAGTT-1,Novel (Most Unreliable)
GCAACCGAGAGGAAGT-1,Pericytes
GCAACCGAGGTTGTGG-1,COP-NFOL
GCAACCGAGTCTCTAG-1,VEC
GCAACCGCAGAACTTC-1,OEC
GCAACCGTCGAGAAGC-1,Novel (Most Unreliable)
GCACCTTCAAACCGAG-1,Novel (Most Unreliable)
GCACCTTCAGTTAAAG-1,OEC
GCACCTTGTTACACTG-1,Novel (Most Unreliable)
GCACCTTTCAGTTGAC-1,OEC
GCACGCAAGGGAAGCG-1,OEC
GCACGCAAGTATGGGC-1,OEC
GCACGCAAGTGAGCTG-1,Novel (Most Unreliable)
GCACGCAGTGGAAGCT-1,OPC
GCACGCATCACAGGGA-1,VEC
GCACGCATCTAAACGC-1,OEC
GCACGGTAGAGGAATG-1,OPC
GCACGGTAGCTAACAA-1,OEC
GCACGGTAGCTCGTTA-1,OPC
GCACGGTAGTGTCGCC-1,OPC
GCACGGTAGTTCAGGG-1,OPC
GCACGGTCATCATGTG-1,OPC
GCACGGTGTAATGTGA-1,VLMC
GCACGGTGTGCCCGAT-1,Pericytes
GCACGGTGTGGACCAA-1,OEC
GCACGGTGTGGCCTCA-1,OPC
GCACGGTTCCTTGACC-1,OPC
GCACGGTTCGACCCGA-1,OPC
GCAGATTAGGGTGTTG-1,Astrocytes
GCAGATTAGTTACCAC-1,Novel (Most Unreliable)
GCAGATTCAAGCGGTA-1,Pericytes
GCAGATTCACTCCTCA-1,OPC
GCAGATTCAGCAGGTA-1,COP-NFOL
GCAGATTCATTGCACA-1,OEC
GCAGATTTCAAGAGGC-1,Novel (Most Unreliable)
GCAGATTTCGACGGAA-1,Astrocytes
GCAGCCACAAGAGCGT-1,OEC
GCAGCCACACTCGCAG-1,OPC
GCAGCCACAGGCACAA-1,OPC
GCAGCCAGTTGGGAAC-1,COP-NFOL
GCAGCCATCGCGCCAA-1,OPC
GCAGCTGAGACTTCCA-1,OEC
GCAGCTGAGGCAAGCT-1,Novel (Most Unreliable)
GCAGCTGCACCTATTT-1,OEC
GCAGCTGCACCTGAAT-1,VEC
GCAGCTGGTAATGTGA-1,VLMC
GCAGCTGTCCGCCTAT-1,OPC
GCAGCTGTCTGGAAGG-1,Oligodendrocytes
GCATGATAGCCCATGC-1,OPC
GCATGATCATGGGTGA-1,Oligodendrocytes
GCATGATCATTATGGC-1,Novel (Most Unreliable)
GCATGATGTGGCCTTG-1,Novel (Most Unreliable)
GCATGATGTTCCCGGA-1,OEC
GCATTCCTCACGTGTA-1,Novel (Most Unreliable)
GCATTCCTCATTCGGA-1,VLMC
GCATTCCTCCCGGGTA-1,OEC
GCATTCCTCCGAGAGA-1,COP-NFOL
GCATTCCTCGTCTAGA-1,OEC
GCATTGAAGACACTTC-1,OEC
GCATTGAAGAGGAATG-1,OEC
GCATTGAAGCAGAAAG-1,OPC
GCATTGAAGGTGTCGA-1,Novel (Most Unreliable)
GCATTGACACCTGTGG-1,OEC
GCATTGACAGCCACGT-1,OEC
GCATTGAGTGCTTTGA-1,Novel (Most Unreliable)
GCATTGAGTGGTGGTA-1,OEC
GCATTGAGTTGCTTGA-1,Novel (Most Unreliable)
GCATTGATCTTCCACG-1,OEC
GCCAGACCAAATAGTG-1,Novel (Most Unreliable)
GCCAGACCACATTGCA-1,OEC
GCCAGACCATTCGTCC-1,OEC
GCCAGACGTAGTTTGC-1,OEC
GCCAGCAAGAACTCCT-1,OPC
GCCAGCAAGATGGCAC-1,VLMC
GCCAGCAAGCACACCC-1,Novel (Most Unreliable)
GCCAGCAAGGCAAGCT-1,VLMC
GCCAGCAAGGCTTTAC-1,OPC
GCCAGCAGTAGGTAAT-1,OPC
GCCAGCAGTATTGTGC-1,Novel (Most Unreliable)
GCCAGCATCAAGTTGC-1,Novel (Most Unreliable)
GCCATAAAGAAGACTT-1,OEC
GCCATAACAACTGCGC-1,Novel (Most Unreliable)
GCCATAAGTACGGAGT-1,OEC
GCCATAAGTAGCAGCA-1,OEC
GCCATAAGTAGCATGG-1,VLMC
GCCATAAGTCTTAGCA-1,Novel (Most Unreliable)
GCCATAAGTTAGCTCA-1,COP-NFOL
GCCATAAGTTTAAGGA-1,VLMC
GCCATAATCCGTCAAA-1,Novel (Most Unreliable)
GCCATAATCTCCTTGG-1,Novel (Most Unreliable)
GCCCAGAAGTAGCAAT-1,OEC
GCCCAGACACTCCCAT-1,VLMC
GCCCAGACATAAAGTG-1,COP-NFOL
GCCCAGATCGCGCCAA-1,OPC
GCCCAGATCTAGCAGT-1,Oligodendrocytes
GCCCGAACAACTACTG-1,OEC
GCCCGAACATCCCAAA-1,OEC
GCCCGAACATGCTATG-1,OPC
GCCCGAATCGTCTAGA-1,VLMC
GCCCGAATCTATATCC-1,Novel (Most Unreliable)
GCCCGAATCTTATCAC-1,Novel (Most Unreliable)
GCCTACTAGGTTAACA-1,OEC
GCCTACTCAATGCCAT-1,Novel (Most Unreliable)
GCCTACTCACACATGT-1,Novel (Most Unreliable)
GCCTACTGTAACCGAG-1,Novel (Most Unreliable)
GCCTACTGTTGTATCG-1,OPC
GCCTACTTCGATGTAC-1,COP-NFOL
GCCTAGGAGATATGTG-1,Astrocytes
GCCTAGGAGCAGAAAG-1,Novel (Most Unreliable)
GCCTAGGGTAATGCAA-1,OEC
GCCTAGGGTAGATTAG-1,Pericytes
GCCTAGGGTGGATTCT-1,OEC
GCGAGAAAGAAGACTT-1,Astrocytes
GCGAGAACACTGAAGG-1,COP-NFOL
GCGAGAAGTCTGGTTA-1,OPC
GCGAGAATCAGTACAC-1,Novel (Most Unreliable)
GCGAGTCAGAGAGTTT-1,OEC
GCGAGTCAGTATAGTG-1,VLMC
GCGAGTCAGTCATCTG-1,OEC
GCGAGTCAGTTGACAA-1,Novel (Most Unreliable)
GCGAGTCAGTTTACGC-1,OPC
GCGAGTCCACATTCTT-1,OEC
GCGAGTCCATGGTATC-1,VEC
GCGAGTCTCAGCACGC-1,Novel (Most Unreliable)
GCGAGTCTCCGTGCAG-1,VLMC
GCGAGTCTCTCTCAAT-1,Novel (Most Unreliable)
GCGATCGAGAAAGGGT-1,Novel (Most Unreliable)
GCGATCGAGAGGAATG-1,OPC
GCGATCGAGGCAGTGT-1,OPC
GCGATCGAGTAACACA-1,OPC
GCGATCGCAATCATCG-1,OEC
GCGATCGGTGTTGTTG-1,Oligodendrocytes
GCGATCGGTTCCAATG-1,OPC
GCGATCGTCGGTACTA-1,OPC
GCGATCGTCTATCCTA-1,OEC
GCGATTAAGACAGCTG-1,Novel (Most Unreliable)
GCGATTACAAGTCTGT-1,OPC
GCGATTACATGTAGAA-1,OEC
GCGATTACATGTGAGG-1,Novel (Most Unreliable)
GCGATTAGTCACAGGA-1,OEC
GCGATTAGTCACATTG-1,Astrocytes
GCGATTATCGAGAACG-1,OEC
GCGATTATCTGGACAT-1,Novel (Most Unreliable)
GCGCATGAGACCAATA-1,Novel (Most Unreliable)
GCGCATGAGCTCGTTA-1,OPC
GCGCATGCAAACTACC-1,OEC
GCGCATGGTATGGGTG-1,Oligodendrocytes
GCGCATGGTTCAGAAA-1,Oligodendrocytes
GCGCATGTCTAAGGTC-1,OEC
GCGCCAACACTGTTAG-1,Astrocytes
GCGCCAAGTCTCTGCT-1,Novel (Most Unreliable)
GCGCCAAGTGCCCGAT-1,OEC
GCGCCAAGTTTGACCA-1,OPC
GCGCCAATCCTTGACC-1,OPC
GCGCCAATCTTCTTCC-1,COP-NFOL
GCGGAAAAGCGATACG-1,Novel (Most Unreliable)
GCGGAAAAGTTTGGAA-1,Oligodendrocytes
GCGGAAACAGGACCTC-1,OPC
GCGGAAACATCGGCCA-1,Novel (Most Unreliable)
GCGGAAAGTACCAAGG-1,Oligodendrocytes
GCGGAAAGTACTTCGA-1,Astrocytes
GCGGAAAGTTTAGACC-1,OEC
GCGGGTTAGCAGAATT-1,OPC
GCGGGTTCAAGATGCG-1,OPC
GCGGGTTCAATCCATG-1,OEC
GCGGGTTCATGTCCCT-1,COP-NFOL
GCGGGTTGTCACAGTT-1,OEC
GCGGGTTTCCAATCCC-1,Novel (Most Unreliable)
GCGGGTTTCGAGGTAG-1,Novel (Most Unreliable)
GCGGGTTTCTGGCCAG-1,Novel (Most Unreliable)
GCGGTGTAGACAGTGC-1,Novel (Most Unreliable)
GCGGTGTCAACGTCGC-1,OPC
GCGGTGTCACATTGCA-1,Novel (Most Unreliable)
GCGGTGTCAGAGATGC-1,OEC
GCGGTGTGTTCCCTTG-1,OEC
GCGGTGTTCGGGCTCA-1,Novel (Most Unreliable)
GCGTAGCCAAGGTCGA-1,OEC
GCGTAGCCAATGGCTT-1,VEC
GCGTAGCCACAGTTCA-1,COP-NFOL
GCGTAGCCATTTGTTC-1,OEC
GCGTAGCGTACCTATG-1,COP-NFOL
GCGTAGCGTCTGGGAA-1,OEC
GCGTAGCGTTCAGTTG-1,OEC
GCGTTGGCAGAGTCGA-1,OPC
GCGTTGGCAGGTGGTA-1,Astrocytes
GCGTTGGTCCAGGTCG-1,Novel (Most Unreliable)
GCGTTGGTCTGGCACG-1,Oligodendrocytes
GCTCACTCATTGTTCT-1,Novel (Most Unreliable)
GCTCACTTCCATAGGT-1,Astrocytes
GCTCACTTCGGAGTTT-1,OEC
GCTCAGGAGTCCGTGC-1,Novel (Most Unreliable)
GCTCAGGCAGGCAGAT-1,OPC
GCTCAGGGTCGCGCTA-1,Novel (Most Unreliable)
GCTCAGGGTGCATTGT-1,COP-NFOL
GCTCAGGTCATTCGGA-1,OEC
GCTCCTAAGACTAGGC-1,Novel (Most Unreliable)
GCTCCTAAGTGAGTGC-1,COP-NFOL
GCTCCTAAGTGCAACG-1,Novel (Most Unreliable)
GCTCCTACACAGGTAG-1,OEC
GCTCCTACATTACTTC-1,Astrocytes
GCTCCTACATTGTTCT-1,OPC
GCTCCTAGTACCAAGG-1,Novel (Most Unreliable)
GCTCGAGAGCGCCTAC-1,Novel (Most Unreliable)
GCTCGAGAGTTGCTTG-1,OEC
GCTCGAGCACCCTTAC-1,OEC
GCTCGAGGTCTAACCA-1,Novel (Most Unreliable)
GCTCGAGGTTCGGGAA-1,OEC
GCTCGAGGTTTCCGGG-1,OEC
GCTCGAGTCGTGTGCG-1,OEC
GCTGAGCCACCACGAC-1,VLMC
GCTGAGCGTTACTACG-1,OEC
GCTGAGCGTTTCGATG-1,OEC
GCTGAGCTCCAGGCCA-1,Oligodendrocytes
GCTGAGCTCCTATCCG-1,Astrocytes
GCTGCGAGTCGAGGTA-1,Novel (Most Unreliable)
GCTGCGAGTTCGGGAA-1,COP-NFOL
GCTGCGAGTTGCAGAG-1,VEC
GCTGTTCAGACAACGC-1,OPC
GCTGTTCAGCTTACCA-1,Novel (Most Unreliable)
GCTGTTCCATAGAATG-1,COP-NFOL
GCTGTTCGTATTCGCA-1,Astrocytes
GCTGTTCGTGGTAAGC-1,Novel (Most Unreliable)
GCTTAAGTCACATTCT-1,Astrocytes
GCTTAAGTCTCGCGTT-1,OEC
GCTTGCTCACAAGGGT-1,OPC
GCTTGCTTCCCTAAAG-1,Novel (Most Unreliable)
GCTTGCTTCCTTGACC-1,OEC
GCTTGCTTCTATGAGC-1,Novel (Most Unreliable)
GCTTTCGAGGTCTTTG-1,Novel (Most Unreliable)
GCTTTCGGTCGCTACG-1,Pericytes
GCTTTCGGTGCTTACA-1,Oligodendrocytes
GCTTTCGTCGCTATTT-1,OEC
GCTTTCGTCTCTCAAT-1,OEC
GGAACCCAGAGGCCTA-1,Oligodendrocytes
GGAACCCAGGTTACAA-1,Oligodendrocytes
GGAACCCCACCTGTGG-1,Novel (Most Unreliable)
GGAACCCGTATCTAGC-1,Novel (Most Unreliable)
GGAACCCGTCGAGGAT-1,OPC
GGAACCCTCCCGTAGG-1,OPC
GGAACTTAGCGTTAGG-1,Novel (Most Unreliable)
GGAACTTAGGAAGAAC-1,Novel (Most Unreliable)
GGAACTTAGGATTGAT-1,COP-NFOL
GGAACTTAGGCTGGAT-1,OEC
GGAACTTGTATGGGTG-1,Oligodendrocytes
GGAACTTGTCTGCGCA-1,VEC
GGAATCTAGCAATAAC-1,COP-NFOL
GGAATCTCACAGTTCA-1,OEC
GGAATCTCATCCGTAA-1,OPC
GGAATCTGTCAATCCA-1,Astrocytes
GGAATCTGTGATAGAT-1,OEC
GGAATCTTCGTATAGC-1,OEC
GGACACCAGGTCTTTG-1,Astrocytes
GGACACCAGGTTTCTG-1,Novel (Most Unreliable)
GGACACCCAAGGAGGG-1,Astrocytes
GGACACCCACTGCTCT-1,OEC
GGACACCGTCCCGTGA-1,OEC
GGACACCGTCTGGTTA-1,Novel (Most Unreliable)
GGACACCTCAACACGT-1,Astrocytes
GGAGAACAGATTAGAC-1,Novel (Most Unreliable)
GGAGAACAGGGCTCTC-1,VLMC
GGAGAACCATGGGTGA-1,COP-NFOL
GGAGAACTCGATGTGT-1,Novel (Most Unreliable)
GGAGAACTCGTCCCAT-1,VLMC
GGAGAACTCTGACATG-1,OEC
GGAGGATAGTCGAGCA-1,Novel (Most Unreliable)
GGAGGATCAGCACATT-1,OPC
GGAGGATGTCACATTG-1,Novel (Most Unreliable)
GGAGGATTCACCCTTG-1,Oligodendrocytes
GGAGGATTCCGCCTAT-1,OEC
GGAGGATTCGTGCTGG-1,OPC
GGAGTAGAGTCGCCTG-1,Novel (Most Unreliable)
GGAGTAGCAAGACACG-1,Novel (Most Unreliable)
GGAGTAGCAGCAATGG-1,OEC
GGAGTAGGTATGCTAC-1,OPC
GGAGTAGGTTAGGCTT-1,Pericytes
GGAGTAGTCTAGCAGT-1,OEC
GGAGTAGTCTCAGATG-1,OEC
GGAGTAGTCTTCTCTC-1,OEC
GGATAGGAGACCAATA-1,Novel (Most Unreliable)
GGATAGGAGGCTTCGC-1,OEC
GGATAGGCATGACTGT-1,OEC
GGATAGGGTTGGCTTA-1,Novel (Most Unreliable)
GGATAGGTCGTCTAGA-1,COP-NFOL
GGATGAGAGAATCAGT-1,OEC
GGATGAGAGACCCATT-1,OPC
GGATGAGAGAGCTGTG-1,Novel (Most Unreliable)
GGATGAGAGTGAGTTA-1,OPC
GGATGAGAGTGTCGGA-1,VEC
GGATGAGCAATGGCAG-1,OPC
GGATGAGCACTGATAC-1,OEC
GGATGAGCATGCGACC-1,OPC
GGCACGTCAATAGCGG-1,OEC
GGCACGTCATCCTCGT-1,OEC
GGCACGTTCACCCGGA-1,Novel (Most Unreliable)
GGCATTAAGAACAGGA-1,OPC
GGCATTAGTCGAGAAC-1,OPC
GGCATTAGTGAGTCGA-1,Astrocytes
GGCATTAGTTCCAATG-1,OEC
GGCGAAAAGAACCCGA-1,Novel (Most Unreliable)
GGCGAAACAATGCATC-1,VEC
GGCGAAACAATGTAAG-1,Astrocytes
GGCGAAAGTGTGTGTT-1,OPC
GGCGTTGAGACGTCAG-1,OPC
GGCGTTGAGAGATTAC-1,VLMC
GGCGTTGAGATAGGTT-1,OEC
GGCGTTGAGCAATAAC-1,Astrocytes
GGCGTTGAGGGTGTTG-1,Oligodendrocytes
GGCGTTGCACGCGATC-1,OPC
GGCGTTGGTCTAACCA-1,Astrocytes
GGCGTTGGTCTGAGCC-1,OPC
GGCGTTGGTTAGTAGA-1,OPC
GGCGTTGGTTGTATCG-1,VEC
GGGAACAAGCAGGACT-1,Novel (Most Unreliable)
GGGAACACAAGTGGCA-1,OEC
GGGAACACAATGGTAA-1,OPC
GGGAACACATGATCGT-1,OPC
GGGAACAGTCAGCAAG-1,COP-NFOL
GGGAACAGTGTGCGTC-1,OPC
GGGACCTGTATCATGC-1,Novel (Most Unreliable)
GGGCCATAGCTGAAAT-1,OEC
GGGCCATAGTCTGTGT-1,Novel (Most Unreliable)
GGGCCATAGTTGGAAT-1,OEC
GGGCCATCAAGGCTTT-1,VEC
GGGCCATCACGCCGAT-1,OPC
GGGCCATGTCCAACCG-1,OEC
GGGCCATGTTAGGAAT-1,OEC
GGGCCATGTTGGACGA-1,OPC
GGGCCATTCGACCCGA-1,OEC
GGGTCTGAGTCAGGAC-1,OEC
GGGTCTGCACGCGCAT-1,VLMC
GGGTCTGGTGCATTCA-1,OEC
GGGTCTGGTGTAGGAC-1,OEC
GGGTCTGGTTACCCAA-1,OEC
GGGTCTGTCTCTGTTA-1,Oligodendrocytes
GGGTGTCAGTCTGCTA-1,Novel (Most Unreliable)
GGGTGTCCACGCGATC-1,Novel (Most Unreliable)
GGGTGTCCACTCCACT-1,OEC
GGGTGTCCAGGCTACC-1,OPC
GGGTGTCGTTGTATCG-1,OEC
GGGTGTCTCCTCTCTT-1,OEC
GGGTTATCAGAATGCG-1,VLMC
GGGTTATCATTACCTT-1,Novel (Most Unreliable)
GGGTTATGTAGATGAT-1,OPC
GGGTTATGTGAGTAAT-1,OPC
GGGTTATTCGGCTATA-1,OPC
GGTACCGAGGCCAATG-1,OEC
GGTACCGAGTGAGTTA-1,VEC
GGTACCGCACTGTCAA-1,Novel (Most Unreliable)
GGTACCGCATCGAGTT-1,OPC
GGTACCGGTAGCAGGT-1,OPC
GGTAGGAAGAAGAGTG-1,OPC
GGTAGGAAGCACGTAG-1,OPC
GGTAGGACACAAGGGT-1,OEC
GGTAGGAGTGCTGGCT-1,Novel (Most Unreliable)
GGTAGGATCCTCTCTT-1,Novel (Most Unreliable)
GGTAGGATCGGTCCGA-1,OEC
GGTCATAAGAGGCCTA-1,Novel (Most Unreliable)
GGTCATACAGAACGAC-1,Novel (Most Unreliable)
GGTCATACATAGGCGA-1,OPC
GGTCATAGTTAGGCTT-1,Astrocytes
GGTCATATCCATATCT-1,OPC
GGTCATATCCGGGCAT-1,OPC
GGTGAAGAGCGCATTT-1,Novel (Most Unreliable)
GGTGAAGCAACGTAGG-1,OPC
GGTGAAGCAAGCAATA-1,Novel (Most Unreliable)
GGTGAAGCATTCGTCC-1,Novel (Most Unreliable)
GGTGAAGGTAATGCAA-1,Oligodendrocytes
GGTGAAGGTCTCGGGT-1,OPC
GGTGAAGGTGCCCTAG-1,Astrocytes
GGTGAAGTCGGGCTCA-1,OPC
GGTGAAGTCTCCTTGG-1,OPC
GGTGAAGTCTGTTTAC-1,Novel (Most Unreliable)
GGTGCTGCACACACCG-1,OEC
GGTGCTGGTACTTGAC-1,OEC
GGTGCTGGTGCTGTCG-1,VEC
GGTGCTGTCTTGCGCT-1,COP-NFOL
GGTGTCGAGGTTGTTC-1,OPC
GGTGTCGCAAGGGTAC-1,OPC
GGTGTCGCAAGTCCTA-1,Novel (Most Unreliable)
GGTGTCGGTACGTAAA-1,Astrocytes
GGTGTCGTCATTCGGA-1,Astrocytes
GGTGTCGTCCATATCT-1,Astrocytes
GGTGTCGTCTCGGCGA-1,COP-NFOL
GGTGTCGTCTGCGTCT-1,OPC
GGTTGCGAGAACAGGA-1,OPC
GGTTGCGCAAATTGAG-1,OPC
GGTTGCGCAACGCACC-1,Novel (Most Unreliable)
GGTTGCGCACAAACAA-1,OPC
GGTTGCGCATTATGGC-1,OPC
GGTTGCGGTCTAAAGA-1,OPC
GGTTGCGGTCTCTGGG-1,Novel (Most Unreliable)
GGTTGCGTCAGTGTGT-1,OEC
GTAATCGAGTCCGTGC-1,OPC
GTAATCGCAGGCAAGT-1,OPC
GTAATCGCAGTTAAAG-1,Astrocytes
GTAATCGCATCGTACA-1,Novel (Most Unreliable)
GTAATCGCATGGCCTG-1,OEC
GTAATCGGTGTCGTGC-1,COP-NFOL
GTAATCGTCCCACTAC-1,Novel (Most Unreliable)
GTAATCGTCTAAGGTC-1,VLMC
GTAATCGTCTATCTTG-1,OPC
GTACTTTCACTCAAGT-1,OEC
GTACTTTCATGGTATC-1,OPC
GTACTTTTCGTGCTGG-1,OEC
GTAGACTCAATTAGGA-1,Novel (Most Unreliable)
GTAGACTGTCGAGGTA-1,COP-NFOL
GTAGGAGAGAACCATA-1,COP-NFOL
GTAGGAGCAAGCACTT-1,Astrocytes
GTAGGAGGTCCCTAAA-1,Novel (Most Unreliable)
GTAGGAGTCTCGTAGA-1,OEC
GTAGTACAGTCCGATT-1,OEC
GTAGTACCACGCTGTG-1,COP-NFOL
GTAGTACGTAGGGTTG-1,OPC
GTAGTACGTATTGTCG-1,Oligodendrocytes
GTAGTACGTCTAACCA-1,Astrocytes
GTCACAAAGGTCGTTT-1,Novel (Most Unreliable)
GTCACAACAGGATGTG-1,OPC
GTCACAATCTTGTCAT-1,OPC
GTCACCTAGCATTGGG-1,COP-NFOL
GTCACCTAGCTTACCA-1,OEC
GTCACCTCAAACCCTA-1,OEC
GTCACCTCAAATGCTC-1,Astrocytes
GTCACCTCAAGGACCA-1,OPC
GTCACCTCATGCCTTC-1,OEC
GTCACCTGTAACGGCA-1,COP-NFOL
GTCACCTGTATATGGA-1,Novel (Most Unreliable)
GTCACCTTCAGGGTTT-1,OEC
GTCACCTTCGGAGTTT-1,OPC
GTCACCTTCTGAAAGA-1,Astrocytes
GTCACGGAGCTACGCC-1,Novel (Most Unreliable)
GTCACGGAGTGTGTAA-1,OEC
GTCACGGGTTTGATCG-1,OEC
GTCACGGTCGGCTATA-1,VEC
GTCACGGTCTGGGCGT-1,OPC
GTCACTCCAGTGCGAA-1,Astrocytes
GTCACTCCATCCCTTG-1,OEC
GTCACTCGTCCTTATT-1,Astrocytes
GTCACTCTCGTCCCAT-1,OPC
GTCCATCAGTACAGTA-1,OEC
GTCCATCAGTGAGTTA-1,COP-NFOL
GTCCATCAGTTCGACT-1,Astrocytes
GTCGTAAGTAAGCCTT-1,OEC
GTCGTAAGTATGTTCG-1,Novel (Most Unreliable)
GTCGTAAGTGAGTTGG-1,OEC
GTCGTAAGTGATAAGT-1,OPC
GTCGTAATCCGCCTAT-1,Novel (Most Unreliable)
GTCTACCCACGAACGA-1,Novel (Most Unreliable)
GTCTACCCATGGATGG-1,Novel (Most Unreliable)
GTCTACCTCCAGTTAG-1,OPC
GTCTACCTCTCATATC-1,OEC
GTGACATAGAATCAGT-1,OPC
GTGACATAGCGATACG-1,OPC
GTGACATAGTGAGTTA-1,COP-NFOL
GTGACATGTAATGTGA-1,Astrocytes
GTGACATGTTGCCTGG-1,OEC
GTGACATGTTGGGAAC-1,OEC
GTGACATTCCAAGAGG-1,Pericytes
GTGATCACAAAGAGAG-1,OEC
GTGATCACAAGGAGGG-1,Novel (Most Unreliable)
GTGATCACAATCACTG-1,Oligodendrocytes
GTGATCAGTTCCAATG-1,Novel (Most Unreliable)
GTGATCATCTCCACTG-1,OPC
GTGCACGAGTTCGACT-1,Novel (Most Unreliable)
GTGCACGCAATGTGCT-1,Novel (Most Unreliable)
GTGCACGCACACACCG-1,Pericytes
GTGCACGCACCCATCT-1,Astrocytes
GTGCACGGTCATAGAA-1,COP-NFOL
GTGCACGGTCGGCTGT-1,OEC
GTGCACGTCTCGCGGA-1,OPC
GTGCACGTCTTGGCCT-1,OEC
GTGCCAGAGTAACTCC-1,Novel (Most Unreliable)
GTGCCAGCAGTTGGAG-1,Novel (Most Unreliable)
GTGCCAGGTCAGGTGA-1,Novel (Most Unreliable)
GTGCCAGGTTTCTTAC-1,OEC
GTGCCAGTCGATCTTT-1,Oligodendrocytes
GTGCCAGTCGGATAAA-1,Novel (Most Unreliable)
GTGCTGGAGATGGGTC-1,Novel (Most Unreliable)
GTGCTGGAGCTGAATA-1,OEC
GTGCTGGAGGTTGACG-1,OEC
GTGCTGGAGTCTCCAA-1,Astrocytes
GTGCTGGGTAGCTGTT-1,Oligodendrocytes
GTGCTGGTCATTCGGA-1,OEC
GTGGATTGTGAGTAAT-1,Novel (Most Unreliable)
GTGGATTTCGCTGATA-1,OEC
GTGGCGTAGAGCTGTG-1,OEC
GTGGCGTAGGTTGTGG-1,OEC
GTGGCGTAGTAGACCG-1,OEC
GTGGCGTCAAGCTTTG-1,Pericytes
GTGGCGTCATTGTTCT-1,OEC
GTGGCGTGTAACCATC-1,Novel (Most Unreliable)
GTGGCGTGTAGCGGTA-1,Astrocytes
GTGGCGTTCGGCTATA-1,OPC
GTGTCAAAGCAACGGT-1,OPC
GTGTCAACAGCGTACC-1,COP-NFOL
GTGTCAACATCATAGC-1,OEC
GTGTCAAGTTGGGAAC-1,Novel (Most Unreliable)
GTGTCAATCGAGGTCC-1,Novel (Most Unreliable)
GTGTCCTAGGTTACAA-1,Astrocytes
GTGTCCTCACTGTTAG-1,COP-NFOL
GTGTCCTCATGCGTTA-1,Astrocytes
GTGTCCTTCAAACCAC-1,Novel (Most Unreliable)
GTGTCCTTCACTACCC-1,OPC
GTGTCCTTCAGTGTAC-1,Astrocytes
GTGTCCTTCGACTCGG-1,Novel (Most Unreliable)
GTGTGATAGATGTTGA-1,OPC
GTGTGATAGCGTCAAG-1,Astrocytes
GTGTGATAGCTGCTCG-1,OPC
GTGTGATCAAATGCTC-1,OEC
GTGTGATCACTCCACT-1,VLMC
GTGTGATTCGGAGTTT-1,Pericytes
GTGTGATTCTGAACGT-1,OEC
GTTACGAAGAGCAGCT-1,COP-NFOL
GTTACGAAGCATACCT-1,Oligodendrocytes
GTTACGAGTACGGAGT-1,OEC
GTTACGATCTTTATCG-1,Oligodendrocytes
GTTACTTAGCTGAGGT-1,Novel (Most Unreliable)
GTTACTTAGTAACATG-1,COP-NFOL
GTTACTTAGTAGTCGG-1,COP-NFOL
GTTACTTGTAGACACG-1,Oligodendrocytes
GTTACTTGTCGTCGCA-1,VLMC
GTTACTTGTGCTTACA-1,OEC
GTTATGGAGAAGCCTG-1,OPC
GTTATGGAGACCCTAT-1,Novel (Most Unreliable)
GTTATGGGTACTAGAA-1,OPC
GTTATGGTCAGTTGAC-1,OPC
GTTATTCAGTAACTCC-1,OPC
GTTATTCCAAGCGACA-1,Novel (Most Unreliable)
GTTATTCCATCTGCAA-1,OEC
GTTATTCTCCAAGAGG-1,Novel (Most Unreliable)
GTTATTCTCTCCTTAA-1,COP-NFOL
GTTCAAGAGTAATGTG-1,Novel (Most Unreliable)
GTTCAAGAGTGATCTC-1,OEC
GTTCAAGCAGGGTAAC-1,Novel (Most Unreliable)
GTTCAAGGTTACCCAA-1,OPC
GTTCAAGGTTCGGGAA-1,OEC
GTTCAAGTCTACTTTG-1,OEC
GTTCAAGTCTATTTCG-1,OEC
GTTGGGCAGGGCGAAG-1,OPC
GTTGGGCCAACTGCGC-1,OEC
GTTGGGCTCTTCGTTA-1,Novel (Most Unreliable)
GTTGGTAAGTGCTCGC-1,Novel (Most Unreliable)
GTTGGTACACCCTTTG-1,Oligodendrocytes
GTTGGTACACGCGTTG-1,OEC
GTTGGTACAGATTAAG-1,OPC
GTTGGTAGTAACATAG-1,Novel (Most Unreliable)
GTTGGTATCCAGAATC-1,Astrocytes
TAAACCGGTTGTATCG-1,OPC
TAAACCGTCATGTTCT-1,OPC
TAAACCGTCCATGTTT-1,Novel (Most Unreliable)
TAAACCGTCCTTGACC-1,Novel (Most Unreliable)
TAAACCGTCGTGATAC-1,Novel (Most Unreliable)
TAAACCGTCTCCACTG-1,COP-NFOL
TAACAGCAGTCGTGAG-1,OPC
TAACAGCCACATATCG-1,Novel (Most Unreliable)
TAACAGCCAGTTCGGC-1,Novel (Most Unreliable)
TAACAGCTCTAGCAAC-1,OEC
TAACGGTAGCGTAGCA-1,VEC
TAACGGTCAAATTCCG-1,OPC
TAACGGTCACCGAATT-1,Novel (Most Unreliable)
TAACGGTGTCATCGTA-1,Astrocytes
TAACGGTTCAGTGGTT-1,Oligodendrocytes
TAACGGTTCGAGCGCT-1,OEC
TAACTTCAGAAATACC-1,VLMC
TAACTTCCAACTCGAT-1,OPC
TAACTTCCAGCAAACG-1,OEC
TAACTTCGTACTAGAA-1,OPC
TAACTTCGTCACAGGA-1,OPC
TAACTTCGTGGTAAGC-1,VLMC
TAAGCCAAGTCAGGAC-1,OEC
TAAGCCACACTGTAAC-1,OPC
TAAGCCAGTCAGCAAG-1,OEC
TAAGCCAGTGATAACA-1,OEC
TAAGTGCAGCGAGAAA-1,OPC
TAAGTGCAGGTACACG-1,VEC
TAAGTGCGTAGAAAGG-1,Astrocytes
TAATCGGAGAACGACC-1,OPC
TAATCGGAGAAGACTT-1,OPC
TAATCGGAGCAGAATT-1,OEC
TAATCGGAGTCCCGCA-1,COP-NFOL
TAATCGGCAAGAAACT-1,Novel (Most Unreliable)
TAATCGGCAATCATCG-1,Novel (Most Unreliable)
TAATCGGCAATGGTCT-1,Novel (Most Unreliable)
TAATCGGGTTTCCTAT-1,OEC
TAATCGGTCGCCACTT-1,VLMC
TAATCGGTCGGGAATG-1,Oligodendrocytes
TAATCGGTCTCGTAGA-1,OEC
TAATTCCAGACGTCAG-1,OEC
TAATTCCAGGATTGAT-1,OEC
TAATTCCAGTAGGTCG-1,Astrocytes
TAATTCCAGTTCAGGG-1,OPC
TAATTCCCATTCACGA-1,Novel (Most Unreliable)
TAATTCCGTCCCTTTG-1,Novel (Most Unreliable)
TAATTCCGTCCGTGCA-1,OPC
TACAGCAAGGAGTACC-1,Novel (Most Unreliable)
TACAGCACAAGACTAA-1,OEC
TACAGCATCTCTATTG-1,Novel (Most Unreliable)
TACAGCATCTGTTTAC-1,VEC
TACATGGAGAGGTCCA-1,OPC
TACATGGCATCCTCGT-1,OPC
TACATGGCATCTGCAA-1,OEC
TACATTCCAACCTCCT-1,OPC
TACATTCCATCGTACA-1,OEC
TACATTCGTAGCGGTA-1,Pericytes
TACATTCGTCAACTGT-1,OPC
TACATTCTCCATTGAG-1,Novel (Most Unreliable)
TACATTCTCGATCTTT-1,Novel (Most Unreliable)
TACATTCTCGGCTATA-1,OEC
TACCCTGAGAGAGTTT-1,OPC
TACCCTGCAGAGAGAA-1,OPC
TACCCTGGTCACAGTT-1,Oligodendrocytes
TACCCTGGTTTGCCAA-1,COP-NFOL
TACCCTGTCAGCACGC-1,Novel (Most Unreliable)
TACCTATCAGGTAGCA-1,Novel (Most Unreliable)
TACCTATGTAGAAAGG-1,OEC
TACCTATTCAGTGGTT-1,Novel (Most Unreliable)
TACCTATTCTGACATG-1,Pericytes
TACCTATTCTTCGTTA-1,OEC
TACCTCGCAAGCAACG-1,OEC
TACCTCGCACCGAAAG-1,VLMC
TACCTCGCAGCAACAG-1,Novel (Most Unreliable)
TACCTCGGTGTTGTTG-1,OPC
TACCTCGTCAATGCAC-1,OEC
TACCTCGTCCAACGCG-1,VLMC
TACCTCGTCCGTCAAA-1,VEC
TACGCAAAGGTTCGTT-1,Novel (Most Unreliable)
TACGCAACACATGATC-1,Novel (Most Unreliable)
TACGCAACACCACCAG-1,Novel (Most Unreliable)
TACGCAAGTAAACGGC-1,Novel (Most Unreliable)
TACGCAAGTAGTGATA-1,OPC
TACGCAATCCTTCGAC-1,Novel (Most Unreliable)
TACGCCTAGAGAATTC-1,COP-NFOL
TACGCCTCAAAGGAAG-1,OPC
TACGCCTGTATCTCAG-1,OEC
TACGCCTGTCAGCTTA-1,Novel (Most Unreliable)
TACGCCTGTTCTACCC-1,Astrocytes
TACGCCTGTTTAGACC-1,OPC
TACGCCTTCATGTTCT-1,Novel (Most Unreliable)
TACGCCTTCGCTCTAC-1,Novel (Most Unreliable)
TACGGATAGCATTCCA-1,OEC
TACGGATAGGTCTTGT-1,Oligodendrocytes
TACGGATAGTTGAATG-1,VLMC
TACGGATGTAACGTAA-1,Astrocytes
TACGGATGTCCACCAG-1,Novel (Most Unreliable)
TACGGATGTCTCTGCT-1,Oligodendrocytes
TACGGATTCAGGGTTT-1,VLMC
TACGGATTCTCTTCTC-1,OPC
TACTAGGAGTGAATAC-1,VEC
TACTAGGCAACGCACC-1,OPC
TACTAGGCACATGATC-1,OPC
TACTCGCAGTCTTAGC-1,OPC
TACTCGCCACAGGTAG-1,Novel (Most Unreliable)
TACTCGCCACGATTAC-1,OPC
TACTGCCAGAGGAACA-1,OEC
TACTGCCGTCTAAGAA-1,OEC
TACTGCCTCAATGCAC-1,OEC
TACTGCCTCCAGGGAA-1,Novel (Most Unreliable)
TACTGCCTCTCTTAAC-1,COP-NFOL
TAGACTGAGTGAGTTA-1,OEC
TAGACTGCAAGCACTT-1,OPC
TAGACTGCAATGTGCT-1,OPC
TAGACTGCAGATACAA-1,Novel (Most Unreliable)
TAGACTGCATCAACTG-1,OPC
TAGCACAAGTCATCTG-1,Novel (Most Unreliable)
TAGCACAAGTGTTCCA-1,Novel (Most Unreliable)
TAGCACACAGTGCGTC-1,OPC
TAGCACAGTAGTAACA-1,Novel (Most Unreliable)
TAGCACAGTGCATTCA-1,Novel (Most Unreliable)
TAGCACATCAGGATCT-1,Pericytes
TAGCACATCAGGGTTT-1,OEC
TAGCACATCCCACTTG-1,Novel (Most Unreliable)
TAGCACATCGGGTCCA-1,VEC
TAGCATGAGAATATCG-1,Novel (Most Unreliable)
TAGCATGAGAATGCTA-1,Novel (Most Unreliable)
TAGCATGAGAGGTGGG-1,Novel (Most Unreliable)
TAGCATGAGTGGACGT-1,OEC
TAGCATGCACGGCCAT-1,OPC
TAGCATGCATTACCTT-1,OEC
TAGCATGGTCAGCTTA-1,Novel (Most Unreliable)
TAGCATGTCCTCCTGA-1,Novel (Most Unreliable)
TAGCATGTCGCGTGAC-1,OPC
TAGCCCTCACAGCCAC-1,COP-NFOL
TAGCCCTGTGCGTCCA-1,OEC
TAGCCCTGTTAACCAC-1,OEC
TAGCCCTTCTTCACTA-1,OPC
TAGCCGGAGAGCAGCT-1,COP-NFOL
TAGCCGGAGAGGCGGA-1,OPC
TAGCCGGCAAACCGAG-1,Novel (Most Unreliable)
TAGCCGGCACTCCTCA-1,OEC
TAGCCGGGTATCTCAG-1,VEC
TAGCCGGGTCTAAGAA-1,Oligodendrocytes
TAGCCGGTCCGGAAAG-1,Novel (Most Unreliable)
TAGCGGCCATCATGTG-1,OEC
TAGCGGCCATTGTGAC-1,Oligodendrocytes
TAGCGGCGTGCTTGAT-1,Astrocytes
TAGCGGCGTGTCCAGC-1,OEC
TAGCTTTAGACGTCAG-1,OEC
TAGCTTTCAAAGAGAG-1,Novel (Most Unreliable)
TAGCTTTCATGGGTGA-1,COP-NFOL
TAGCTTTTCAGCACGC-1,Novel (Most Unreliable)
TAGCTTTTCGGTTCCT-1,OEC
TAGCTTTTCTCAGATG-1,OEC
TAGGAGGAGAATACTG-1,OEC
TAGGAGGAGTCCTTCC-1,Novel (Most Unreliable)
TAGGAGGTCCAAGAGG-1,COP-NFOL
TAGGAGGTCTTACTCA-1,OEC
TAGGTCAAGAACGCCA-1,OEC
TAGGTCACAAATGTCC-1,Novel (Most Unreliable)
TAGGTCACAAGCCTTA-1,Novel (Most Unreliable)
TAGGTCACAATTGGCT-1,Pericytes
TAGGTCACACGATATC-1,Novel (Most Unreliable)
TAGGTCAGTGGCCTTG-1,COP-NFOL
TAGGTCATCCATCGAA-1,Astrocytes
TAGGTCATCTTACGGA-1,Novel (Most Unreliable)
TAGGTGTAGACTAGGC-1,OPC
TAGGTGTAGGGTGTTG-1,OEC
TAGGTGTCAGCAACCC-1,Novel (Most Unreliable)
TAGGTGTCATTGTTCT-1,OEC
TAGGTGTGTTTGCCCT-1,Novel (Most Unreliable)
TAGGTGTTCTGTGTCC-1,OPC
TAGTCCCAGCATACCT-1,OEC
TAGTCCCAGCATTCCA-1,Astrocytes
TAGTCCCAGTAGTGTA-1,Astrocytes
TAGTCCCCAAATAGTG-1,Oligodendrocytes
TAGTCCCGTATCCTTT-1,OPC
TAGTCCCGTGAGGGTT-1,COP-NFOL
TAGTCCCTCATGAACC-1,COP-NFOL
TAGTCCCTCTGGAAGG-1,OEC
TATCGAGGTCCCGAGT-1,VEC
TATCGAGGTTAGGCTT-1,Novel (Most Unreliable)
TATCGAGGTTTAAGGA-1,OPC
TATCGAGTCCAAACCA-1,OPC
TATCGAGTCGCTTCAC-1,VLMC
TATCGAGTCGGCTATA-1,OPC
TATCTGTAGATCCGAG-1,OPC
TATCTGTAGATCGAGC-1,OEC
TATCTGTCAACCTCCT-1,Novel (Most Unreliable)
TATCTGTCAAGGTTCT-1,COP-NFOL
TATCTGTCAAGTCTGT-1,OPC
TATCTGTGTATCACAC-1,OEC
TATCTGTGTCCCGTGA-1,OPC
TATCTGTTCGCGCCAA-1,OEC
TATCTGTTCGGTGATT-1,VEC
TATCTGTTCTGTTGCC-1,OEC
TATGTGGAGCATTGGG-1,OEC
TATGTGGAGGCATGCA-1,OPC
TATGTGGTCAACGTGT-1,OEC
TATGTGGTCGATAGTC-1,Novel (Most Unreliable)
TATGTTCAGATCTAAG-1,OPC
TATGTTCAGATGAGGA-1,OEC
TATGTTCGTGCTTGAT-1,OPC
TATGTTCTCGACTATG-1,OEC
TATGTTCTCTTACTCA-1,OPC
TATGTTCTCTTGCGCT-1,OPC
TATTGCTCAGGTAGCA-1,OEC
TATTGCTGTCTAAGAA-1,OEC
TATTGCTGTGCTTACA-1,Novel (Most Unreliable)
TCAAAGCAGCGCAATG-1,Novel (Most Unreliable)
TCAAAGCAGCGTCTGC-1,Novel (Most Unreliable)
TCAAAGCAGTCACGCC-1,Novel (Most Unreliable)
TCAAAGCCAAGAGCGT-1,OPC
TCAAAGCGTCAGTGCC-1,Pericytes
TCAAAGCGTTAACCGT-1,Novel (Most Unreliable)
TCAAGACAGACCAATA-1,OEC
TCAAGACCAATTGGCT-1,Novel (Most Unreliable)
TCAAGACGTCAAGACG-1,COP-NFOL
TCAAGCAAGGTCGGTA-1,OEC
TCAAGCACAAACCCTA-1,Pericytes
TCAAGCACAAGCCCTG-1,OEC
TCAAGCACACACTAGT-1,OEC
TCAAGCACACGACGAA-1,OEC
TCAAGCACACGCTGTG-1,OEC
TCAAGCACATCTCTCG-1,Astrocytes
TCAAGCATCGAGGCTC-1,OEC
TCAAGCATCGCTAGTA-1,Novel (Most Unreliable)
TCAAGGTAGATGTTGA-1,OPC
TCAAGGTAGCCATCAT-1,Novel (Most Unreliable)
TCAAGGTCACAGATGG-1,OPC
TCAAGGTCACAGTTCA-1,OPC
TCAAGGTCAGGTCCTG-1,Novel (Most Unreliable)
TCAAGGTTCCAGTTAG-1,OEC
TCAAGGTTCGATATGC-1,OPC
TCAAGGTTCTTATCAC-1,Pericytes
TCAATTCAGATCACCT-1,Novel (Most Unreliable)
TCAATTCAGCCATGGA-1,OPC
TCAATTCAGTGTGTAA-1,COP-NFOL
TCAATTCCAAACGTTC-1,Novel (Most Unreliable)
TCAATTCCAAGTTCGT-1,OPC
TCAATTCCAGTAACCT-1,Novel (Most Unreliable)
TCAATTCGTGACCAGA-1,OEC
TCAATTCTCATTCTCA-1,OEC
TCACAAGAGACTAGGC-1,OPC
TCACAAGAGGCCTCTG-1,OPC
TCACAAGAGGCTAAAT-1,COP-NFOL
TCACAAGGTTCCTATT-1,COP-NFOL
TCACAAGGTTCTACGA-1,OPC
TCACAAGTCTATGAGC-1,Novel (Most Unreliable)
TCACAGAAGAAGACTT-1,Novel (Most Unreliable)
TCACAGAAGGGCTTCC-1,COP-NFOL
TCACAGACATCATAGC-1,Oligodendrocytes
TCACAGAGTCAACTAC-1,COP-NFOL
TCACAGAGTGAGGGTT-1,OPC
TCACAGAGTTCCAGTA-1,OEC
TCACAGAGTTTAGAAG-1,OEC
TCACCACAGCAGAATT-1,OEC
TCACCACCAAGTCCTA-1,OEC
TCACCACCATCAGCTA-1,VLMC
TCACCACCATCATCGA-1,OPC
TCACCACCATTACACG-1,OPC
TCACCACGTTATAGAG-1,Oligodendrocytes
TCACCACTCAGGAAGC-1,Oligodendrocytes
TCACCACTCTCTGAGA-1,OEC
TCACCTGAGAGCTCCC-1,VEC
TCACCTGGTATCTCAG-1,Oligodendrocytes
TCACCTGTCAGTCAAC-1,Astrocytes
TCACCTGTCTAAACGC-1,Novel (Most Unreliable)
TCACTCGAGAACGTTA-1,Novel (Most Unreliable)
TCACTCGAGATAGGTT-1,Astrocytes
TCACTCGAGCTGAATA-1,OEC
TCACTCGCAAGCCAGA-1,Novel (Most Unreliable)
TCACTCGCAATACTGC-1,Novel (Most Unreliable)
TCACTCGCAGCGTACC-1,OEC
TCACTCGCATGATTGC-1,OEC
TCACTCGGTGAAACAT-1,Oligodendrocytes
TCACTCGTCCTCCCAA-1,Novel (Most Unreliable)
TCACTCGTCTTCGTTA-1,OPC
TCAGCTCCACGCGATC-1,OPC
TCAGCTCCACTCAAGT-1,Novel (Most Unreliable)
TCAGCTCTCCCAGCAG-1,OEC
TCAGGGCAGTGAGCTG-1,Novel (Most Unreliable)
TCAGGGCGTTTCGATG-1,OEC
TCAGGTAAGTGATTAG-1,OPC
TCAGGTAGTATGTCCA-1,Novel (Most Unreliable)
TCAGGTAGTGATAGAT-1,OEC
TCAGGTATCCATCTAT-1,OPC
TCAGGTATCTCTATCA-1,VLMC
TCAGGTATCTTCTTCC-1,OPC
TCAGTCCAGCGTATCT-1,OEC
TCAGTCCAGGCTCAGA-1,OPC
TCAGTCCAGGTTTCTG-1,Novel (Most Unreliable)
TCAGTCCCAATGACTC-1,OEC
TCAGTCCGTCATAGCT-1,OEC
TCAGTCCGTGCTTGAT-1,Novel (Most Unreliable)
TCAGTCCGTTTCCTAT-1,OEC
TCAGTCCTCAGGCGCT-1,Novel (Most Unreliable)
TCAGTCCTCCCGTAGG-1,COP-NFOL
TCAGTCCTCGTTCTAT-1,Astrocytes
TCAGTTTAGGAGTAGA-1,OPC
TCAGTTTCAAAGCTGG-1,OPC
TCAGTTTCACATGATC-1,Oligodendrocytes
TCAGTTTCATAGCAGG-1,VEC
TCAGTTTGTATTCTTC-1,VEC
TCAGTTTTCCCGGGTA-1,Oligodendrocytes
TCCAGAAAGAGACTCG-1,Novel (Most Unreliable)
TCCAGAAAGATATGTG-1,Novel (Most Unreliable)
TCCAGAAAGCTCCGGT-1,OEC
TCCAGAACAGCGTGAA-1,OPC
TCCAGAACAGTAACTC-1,Oligodendrocytes
TCCAGAAGTACTAGAA-1,VEC
TCCAGAATCCATACCC-1,Novel (Most Unreliable)
TCCATCGAGTCCGTGC-1,OPC
TCCATCGCACACTAGT-1,VEC
TCCATCGGTCAACTGT-1,VLMC
TCCATCGGTGCCCTAG-1,COP-NFOL
TCCATCGGTTAGGAAT-1,OEC
TCCATCGGTTGGTAAA-1,Oligodendrocytes
TCCATCGTCCATTGTT-1,OEC
TCCCACACAGCAATGG-1,Astrocytes
TCCGACTAGTCGAGCA-1,COP-NFOL
TCCGACTCAGAATGCG-1,Novel (Most Unreliable)
TCCGACTGTAAGGTCG-1,Novel (Most Unreliable)
TCGAGCGAGAACCCGA-1,OEC
TCGAGCGAGACGTCAG-1,Oligodendrocytes
TCGAGCGAGCATTCCA-1,COP-NFOL
TCGAGCGAGCCGCAAA-1,Pericytes
TCGAGCGCATGCCTTC-1,Novel (Most Unreliable)
TCGAGCGGTGAGTTGG-1,Astrocytes
TCGAGCGGTTCTACCC-1,OEC
TCGATTTAGCATTCCA-1,OPC
TCGATTTAGGATTGCG-1,Novel (Most Unreliable)
TCGATTTCACAAACGG-1,Novel (Most Unreliable)
TCGATTTCATTGAACC-1,OEC
TCGATTTTCGTCTTAT-1,OEC
TCGATTTTCTTGGCCT-1,VEC
TCGCAGGAGACGCCAA-1,OEC
TCGCAGGAGTATGGGC-1,Oligodendrocytes
TCGCAGGCACACATGT-1,OEC
TCGCAGGGTACTTCGA-1,OPC
TCGCAGGGTCCCTTTG-1,Novel (Most Unreliable)
TCGCCTAAGCCTGTAT-1,Novel (Most Unreliable)
TCGCCTACAGATGGCA-1,Novel (Most Unreliable)
TCGCCTACATATTGGC-1,OPC
TCGCCTACATGTCCCT-1,OPC
TCGCCTAGTTGAAGCG-1,VLMC
TCGCCTATCACTCGGG-1,Novel (Most Unreliable)
TCGCCTATCCGGGCAT-1,OPC
TCGGGACAGAAGACTT-1,OEC
TCGGGACGTCGTAATC-1,VEC
TCGGGACTCCAACGCG-1,OEC
TCGGGACTCCGCGATG-1,Astrocytes
TCGGGACTCGATAGTC-1,Novel (Most Unreliable)
TCGTTCGAGGGCGAAG-1,Novel (Most Unreliable)
TCGTTCGAGGTCCTCG-1,OEC
TCGTTCGCAAGGGAGG-1,Novel (Most Unreliable)
TCGTTCGCACATATCG-1,Novel (Most Unreliable)
TCGTTCGTCTGGAAGG-1,OEC
TCTAGTTAGAAATGGG-1,Astrocytes
TCTAGTTTCCTGGAAT-1,OEC
TCTAGTTTCGGTCTCT-1,Astrocytes
TCTATTGAGAAATACC-1,OPC
TCTATTGAGATGTTGA-1,OPC
TCTATTGCACATATCG-1,VLMC
TCTATTGCAGTAACCT-1,OPC
TCTATTGGTGCTGTCG-1,OPC
TCTCAGCCAAATTCCG-1,Oligodendrocytes
TCTCAGCCACGACGAA-1,OPC
TCTCAGCTCGGATCGC-1,Novel (Most Unreliable)
TCTCTGGCAAAGCTGG-1,OPC
TCTCTGGGTCATGAGG-1,Astrocytes
TCTCTGGTCCAACCTC-1,Oligodendrocytes
TGACAACCACTCGGAC-1,VLMC
TGACAACGTAAACGAT-1,Novel (Most Unreliable)
TGACAACTCACGATTG-1,OPC
TGACAACTCCTTTGCG-1,OEC
TGACTCCAGACTCGGA-1,Astrocytes
TGACTCCGTTACTTTC-1,OEC
TGACTCCGTTTGCCAA-1,OEC
TGACTCCTCGACGGAA-1,OPC
TGACTCCTCGTTCTAT-1,OEC
TGAGCCGCAGCGTAGA-1,Novel (Most Unreliable)
TGAGCCGGTTAAGGGC-1,Astrocytes
TGAGCCGTCGATCTTT-1,OPC
TGAGCCGTCTGCGTCT-1,Oligodendrocytes
TGAGCCGTCTTGTCGC-1,COP-NFOL
TGAGTCAAGAGAAGCA-1,OEC
TGAGTCAAGCTGCTCG-1,Oligodendrocytes
TGAGTCACAGCAAACG-1,OEC
TGAGTCACAGCACATT-1,OEC
TGAGTCAGTTGCCTGG-1,Astrocytes
TGAGTCAGTTTCGTTT-1,COP-NFOL
TGAGTCATCCCTAAAG-1,Novel (Most Unreliable)
TGAGTCATCGCAACTA-1,Oligodendrocytes
TGAGTCATCGCGCCAA-1,OPC
TGAGTCATCGGTAGGA-1,Novel (Most Unreliable)
TGATCAGAGAGAACCC-1,Novel (Most Unreliable)
TGATCAGAGTGATTAG-1,OEC
TGATCAGCACCACAGC-1,VLMC
TGATCAGTCTACCCGT-1,Novel (Most Unreliable)
TGATGCAAGGAATGGA-1,Novel (Most Unreliable)
TGATGCAAGTATGGGC-1,OEC
TGATGCACACAGATGG-1,Astrocytes
TGATGCACATTCACGA-1,Novel (Most Unreliable)
TGATGCACATTCTCGC-1,OPC
TGATGCAGTTCTTTCA-1,OEC
TGATGCATCCAGCACG-1,Astrocytes
TGATGCATCTAAGGTC-1,VLMC
TGATTTCAGACGAAAG-1,OEC
TGATTTCAGGAATGGA-1,COP-NFOL
TGATTTCAGTATACCC-1,OEC
TGATTTCCAGTAACGG-1,OEC
TGATTTCGTATTGTCG-1,Astrocytes
TGATTTCGTCTGTCCT-1,OPC
TGATTTCGTTCTTTGT-1,Novel (Most Unreliable)
TGATTTCGTTGGACGA-1,OPC
TGATTTCTCATCGCCT-1,OEC
TGATTTCTCGGATAAA-1,OPC
TGATTTCTCGGTCTAA-1,Astrocytes
TGCACCTAGATGGGTC-1,COP-NFOL
TGCACCTTCTCTGCGT-1,VLMC
TGCATGACATGATTGC-1,Novel (Most Unreliable)
TGCATGAGTCTGTGTA-1,Novel (Most Unreliable)
TGCATGAGTTTAGAAG-1,OEC
TGCATTTAGCGTTAGG-1,Novel (Most Unreliable)
TGCATTTGTCATCGTA-1,COP-NFOL
TGCATTTTCACTGGTA-1,Novel (Most Unreliable)
TGCATTTTCCGCCTAT-1,OPC
TGCATTTTCCTGACCT-1,COP-NFOL
TGCATTTTCGACTTAG-1,OPC
TGCCTCAAGAACTCCT-1,OPC
TGCCTCAAGACACGGT-1,OEC
TGCCTCAAGAGGCGGA-1,OEC
TGCCTCACAAATGTCC-1,VEC
TGCCTGTAGGGTTCTT-1,OPC
TGCCTGTCAATCATCG-1,VEC
TGCCTGTCAGATTGTC-1,VEC
TGCCTGTGTATATGGA-1,OEC
TGCGTAAAGACGCCAA-1,OEC
TGCGTAACATCCATAG-1,OPC
TGCGTAAGTCCATTGA-1,OEC
TGCGTAAGTTCCGCGA-1,OPC
TGCGTAATCCAAACCA-1,COP-NFOL
TGCGTAATCCAAGTCA-1,VEC
TGCGTAATCCATACCC-1,Astrocytes
TGCGTAATCGCACCGA-1,Novel (Most Unreliable)
TGCGTAATCGTATAGC-1,Oligodendrocytes
TGCTATTAGATGTTGA-1,Novel (Most Unreliable)
TGCTATTGTAGGGTTG-1,OPC
TGCTATTTCTTACGGA-1,OEC
TGCTCACAGTTATGAG-1,VLMC
TGCTCACCAATGCCAT-1,OPC
TGCTCACGTAAGTCTC-1,Novel (Most Unreliable)
TGCTCACGTCACATTG-1,OEC
TGCTCACTCTTCCGTG-1,Oligodendrocytes
TGCTCGTGTCGATTAC-1,Novel (Most Unreliable)
TGCTCGTGTCTCTAAG-1,OEC
TGCTCGTTCACGGGTC-1,OEC
TGCTTCGAGGGATCCA-1,OEC
TGCTTCGCAATGTGCT-1,VLMC
TGCTTCGTCTGCTACC-1,Oligodendrocytes
TGCTTTAAGCCGCAAA-1,Novel (Most Unreliable)
TGCTTTAAGTCCCGCA-1,OPC
TGCTTTAAGTGATAAC-1,Novel (Most Unreliable)
TGCTTTAGTCAGAAGC-1,VEC
TGCTTTAGTCAGACGA-1,OEC
TGCTTTAGTCAGTGTT-1,OEC
TGCTTTAGTGGACTGA-1,OEC
TGCTTTATCATCGCAA-1,Novel (Most Unreliable)
TGCTTTATCCTTACGC-1,OPC
TGCTTTATCGCCTTAC-1,Novel (Most Unreliable)
TGGAAGGAGTCGTACT-1,OPC
TGGAAGGCAATGTAAG-1,Astrocytes
TGGAAGGCACAAGTGG-1,OEC
TGGAAGGCACAGATGG-1,OEC
TGGAAGGCATCTCACC-1,OPC
TGGAAGGGTGGCCTCA-1,OPC
TGGAAGGTCCTAGAGT-1,OEC
TGGACATAGTCTAGAA-1,Oligodendrocytes
TGGACATCACCCTTTG-1,Oligodendrocytes
TGGACATCATTACTCT-1,VEC
TGGACATGTTTCTCTA-1,Astrocytes
TGGCAATAGCATTGGG-1,OPC
TGGCAATCACAGGTAG-1,OPC
TGGCAATGTCACAGTT-1,OEC
TGGCAATTCGCCTTAC-1,VEC
TGGCAATTCTGAAAGA-1,OEC
TGGCAATTCTTGTCGC-1,COP-NFOL
TGGCCTTAGAGCGGTT-1,COP-NFOL
TGGCCTTCAGGGTACA-1,Novel (Most Unreliable)
TGGCGCAAGTGTGTAA-1,Novel (Most Unreliable)
TGGCGCACAACGGGTA-1,Novel (Most Unreliable)
TGGCGCAGTAACTGAA-1,OPC
TGGCGCAGTAGGGTTG-1,Novel (Most Unreliable)
TGGCGCAGTGGCATAG-1,VEC
TGGCGCATCACGATTG-1,COP-NFOL
TGGCGCATCACGTGTA-1,OPC
TGGCGCATCATTCTCA-1,Novel (Most Unreliable)
TGGCGCATCGTGATAC-1,OPC
TGGCGCATCTCATCCG-1,OEC
TGGGTGCGTCAGACGA-1,VLMC
TGGGTGCGTTTCGTTT-1,OPC
TGGGTGCTCCTCATTA-1,Novel (Most Unreliable)
TGGGTTAAGCAACGGT-1,OEC
TGGGTTACAATCAGGG-1,OEC
TGGGTTACAATGGCAG-1,OEC
TGGGTTACAGGGTACA-1,OPC
TGGTCAAAGGCGTAGT-1,Novel (Most Unreliable)
TGGTCAAAGGTGTCGA-1,Oligodendrocytes
TGGTCAAGTGGGTAGT-1,OPC
TGGTCAATCAGTGTGT-1,OPC
TGGTCAATCCATCTAT-1,Novel (Most Unreliable)
TGGTCAATCTACATCT-1,VLMC
TGGTCCTAGCTGAAAT-1,OPC
TGGTCCTCAATGACTC-1,Novel (Most Unreliable)
TGGTCCTCATGCGACC-1,OEC
TGGTCCTGTATGTCCA-1,VEC
TGGTCCTGTCTAAGAA-1,Oligodendrocytes
TGTAAGCCAAACAGTA-1,OEC
TGTAAGCTCCATGACA-1,Novel (Most Unreliable)
TGTAAGCTCGTTACAG-1,OEC
TGTAAGCTCTTTCGAT-1,VLMC
TGTACAGAGCATGTGG-1,VLMC
TGTACAGAGCTGAGGT-1,Novel (Most Unreliable)
TGTACAGCACACACCG-1,OPC
TGTACAGTCGCTATTT-1,Oligodendrocytes
TGTACGAAGACTTGAA-1,OEC
TGTACGAAGCAACGGT-1,VLMC
TGTACGACAATTCTCT-1,OPC
TGTACGACAGGATGTG-1,OEC
TGTACGAGTCAGCTTA-1,Oligodendrocytes
TGTACGAGTCTCTAAG-1,Oligodendrocytes
TGTACGATCTATGAGC-1,OPC
TGTAGCACACCATTCC-1,Novel (Most Unreliable)
TGTAGCAGTCCCGTGA-1,Novel (Most Unreliable)
TGTAGCATCCTTACGC-1,OEC
TGTAGCATCTGCGTCT-1,Novel (Most Unreliable)
TGTGGCGAGCTGGAGT-1,Novel (Most Unreliable)
TGTGGCGCAGAGCCAA-1,OEC
TGTGGCGCAGGGAGTT-1,Novel (Most Unreliable)
TGTGGCGCATCGAGTT-1,OPC
TGTGGCGGTCGTAGTT-1,Novel (Most Unreliable)
TGTGGCGTCGCTTACC-1,OEC
TGTGTCCAGGAGTAGA-1,VEC
TGTGTCCAGGCACCTC-1,Oligodendrocytes
TGTGTCCGTTCTTATC-1,Novel (Most Unreliable)
TGTGTCCTCGTGGTAT-1,OPC
TGTTAGGAGAAACGCC-1,OEC
TGTTAGGAGGTTACAA-1,OEC
TGTTAGGCACAGCTTA-1,Novel (Most Unreliable)
TGTTAGGCAGTGCGAA-1,OEC
TGTTAGGGTCCTCAGG-1,OPC
TGTTAGGGTGATCAGG-1,OEC
TGTTAGGGTGCAAGCA-1,Pericytes
TGTTAGGGTGGTCGAA-1,OPC
TGTTAGGGTTCCGGCA-1,COP-NFOL
TGTTAGGGTTGCTTGA-1,OPC
TGTTAGGGTTTGTGAC-1,Astrocytes
TTAACGGGTGGACAGT-1,Novel (Most Unreliable)
TTAACGGTCACTGATG-1,Novel (Most Unreliable)
TTAACGGTCGTCTAGA-1,OPC
TTACCCGAGTCTGGGA-1,Astrocytes
TTACCCGCAAGCCAGA-1,Novel (Most Unreliable)
TTACCCGCAATCACTG-1,OEC
TTACCCGCACTGTTAG-1,OEC
TTACCCGCATAGACGG-1,OPC
TTACCCGCATGCACTA-1,OEC
TTACCGCCATGGGTGA-1,OPC
TTACCGCGTATTTGCG-1,Novel (Most Unreliable)
TTACCGCGTTGGCGAA-1,OEC
TTACCGCTCAGTCAAC-1,Astrocytes
TTACCGCTCCCGATTC-1,OPC
TTACGGAAGGTTGACG-1,OPC
TTACGGAAGTGATAAC-1,OPC
TTACGGACACCACAGC-1,Novel (Most Unreliable)
TTACGGACATGACTGT-1,OEC
TTACGGAGTAGGTGAC-1,Astrocytes
TTACGGAGTGGTAAGC-1,OEC
TTACGTTAGAACCATA-1,OEC
TTACGTTAGGACTAGC-1,OPC
TTACGTTAGGTAAGCC-1,OEC
TTACGTTCAACGGGTA-1,OEC
TTACGTTCAGTAACTC-1,VEC
TTACGTTGTTCTGAGT-1,OEC
TTACGTTTCGATATGC-1,OEC
TTACGTTTCGCTTGAA-1,OEC
TTACTCAAGCACGTAG-1,OEC
TTACTCACATGTGGGA-1,VEC
TTACTCAGTATTGTGC-1,Novel (Most Unreliable)
TTACTCAGTCATAAGA-1,Novel (Most Unreliable)
TTACTCAGTCTGTTGA-1,OEC
TTACTCAGTGCTTACA-1,Pericytes
TTACTCATCCAGTACA-1,OPC
TTACTCATCCTAGAGT-1,OEC
TTACTTGAGAGCCTGA-1,Novel (Most Unreliable)
TTACTTGCAGTTGCAT-1,Pericytes
TTACTTGGTCTCGGGT-1,Oligodendrocytes
TTACTTGTCTGTGTGA-1,OEC
TTAGCGACAACAAACA-1,Novel (Most Unreliable)
TTAGCGACAATGAAAC-1,Pericytes
TTAGCGACACACACAT-1,OEC
TTAGCGAGTGAGCTAG-1,OEC
TTAGCGAGTGGGTAGT-1,OPC
TTAGCGATCGCCCTTA-1,OPC
TTAGCGATCTACCCGT-1,OPC
TTAGCGATCTTCTCTC-1,COP-NFOL
TTAGCTTAGGTTCGAG-1,Astrocytes
TTAGCTTAGTTCTCCC-1,Novel (Most Unreliable)
TTAGCTTAGTTGCGCC-1,COP-NFOL
TTAGCTTCAGACCTGC-1,Novel (Most Unreliable)
TTAGCTTCAGGTTATC-1,VLMC
TTAGCTTGTCCAACCG-1,OEC
TTAGCTTTCCATGACA-1,COP-NFOL
TTAGCTTTCTGACATG-1,COP-NFOL
TTAGGTGAGAGCTGTG-1,OEC
TTAGGTGCAGGCACAA-1,Novel (Most Unreliable)
TTAGGTGGTCATTGCA-1,OEC
TTAGGTGGTGCGTCCA-1,Novel (Most Unreliable)
TTAGGTGGTTGGCTAT-1,OEC
TTATGTCAGCTCCGGT-1,OEC
TTATGTCTCTTGTCGC-1,Novel (Most Unreliable)
TTCAACTAGCGCCTAC-1,OEC
TTCAACTCACGAACGA-1,OEC
TTCATCAAGGCGTAGT-1,VEC
TTCATCAAGTCTGTGT-1,Astrocytes
TTCATCACATCCGTGG-1,OPC
TTCATCAGTGTTAGAA-1,OEC
TTCATCAGTTAGCTCA-1,OPC
TTCATCATCAGTGTAC-1,OEC
TTCATCATCCAGAATC-1,Pericytes
TTCATCATCGTTTGAG-1,OPC
TTCATTGAGAACTAAC-1,Novel (Most Unreliable)
TTCATTGAGTAACACA-1,Novel (Most Unreliable)
TTCATTGCAAATTGAG-1,COP-NFOL
TTCATTGCACCTGAAT-1,Novel (Most Unreliable)
TTCATTGGTGGTAGAC-1,OPC
TTCGATTAGAGCACTG-1,Novel (Most Unreliable)
TTCGATTAGGATTGAT-1,Pericytes
TTCGATTAGTTTACGC-1,COP-NFOL
TTCGATTGTGGCATAG-1,COP-NFOL
TTCGCGTAGGACTAGC-1,Novel (Most Unreliable)
TTCGCGTCAAGTCCTA-1,Oligodendrocytes
TTCGGTCCAAATGCTC-1,OEC
TTCGGTCTCCATACGA-1,Astrocytes
TTCGTTACAAAGACGC-1,Novel (Most Unreliable)
TTCGTTACAAATAGTG-1,OPC
TTCGTTACAGGCATTT-1,COP-NFOL
TTCGTTATCTAGTCGA-1,Pericytes
TTCGTTATCTGTCGTC-1,OEC
TTCTAACAGAATCAGT-1,COP-NFOL
TTCTAACAGGAACCGT-1,OEC
TTCTAACCACAGTAGG-1,OEC
TTCTAACTCAGTCTTT-1,OEC
TTCTAACTCCCAATAG-1,Oligodendrocytes
TTCTGTACAAGGAGGG-1,OPC
TTCTGTACACTCGGAC-1,Astrocytes
TTCTGTACATACCCGG-1,OEC
TTCTGTAGTATGTTCG-1,Oligodendrocytes
TTCTGTAGTCATTGGT-1,OPC
TTCTGTAGTTAGGAAT-1,OPC
TTCTGTATCCATCGAA-1,OEC
TTGACGACAATTCTCT-1,Astrocytes
TTGACGACATAGCCAT-1,OPC
TTGACGAGTCAGAAAT-1,OPC
TTGACGAGTTTGGATC-1,Novel (Most Unreliable)
TTGACGATCAGGTTTG-1,Novel (Most Unreliable)
TTGACGATCCAGAGAG-1,Novel (Most Unreliable)
TTGAGCAAGAAAGGGT-1,OPC
TTGAGCAAGAGCTGTG-1,OPC
TTGAGCAAGTCCAGAG-1,Novel (Most Unreliable)
TTGAGCAGTGAGTCGA-1,Pericytes
TTGAGTGAGTTGCCGC-1,Novel (Most Unreliable)
TTGAGTGGTCAGGCTC-1,OEC
TTGAGTGGTCTCGGGT-1,OPC
TTGAGTGGTTCTACGA-1,OEC
TTGAGTGTCATTCTTG-1,OEC
TTGAGTGTCTAGCAGT-1,Oligodendrocytes
TTGCACCAGGGATCCA-1,OEC
TTGCACCCATTTGGTG-1,OEC
TTGCACCTCGCGTTCT-1,OEC
TTGCAGAAGAAAGCAG-1,Novel (Most Unreliable)
TTGCAGAAGGAAGGTA-1,OEC
TTGCAGACAATTAGGA-1,OEC
TTGCAGACAGGACTGA-1,VEC
TTGCAGACAGGTAGGT-1,VLMC
TTGCAGATCGCATAAC-1,Astrocytes
TTGCCCAAGAACAGGA-1,OEC
TTGCCCAAGCAACGGT-1,OPC
TTGCCCAAGGATATCA-1,OPC
TTGCCCACAACAAACA-1,Novel (Most Unreliable)
TTGCCCACAATGGTAA-1,Novel (Most Unreliable)
TTGCCCACATCAACTG-1,Novel (Most Unreliable)
TTGCCCAGTAAACCCT-1,Astrocytes
TTGCGAAAGTTTGGAA-1,OEC
TTGCGAACAGAGAGAA-1,OEC
TTGCGAATCAAGAGGC-1,OPC
TTGCGGGCACGCTAAT-1,OEC
TTGCGGGCACTGTTAG-1,OEC
TTGCGGGTCGACCCGA-1,OPC
TTGCGGGTCTGAGTAC-1,OEC
TTGCTATAGGCAATTA-1,Novel (Most Unreliable)
TTGCTATAGGCAGTGT-1,Novel (Most Unreliable)
TTGCTATCACGTTGTA-1,Oligodendrocytes
TTGCTATGTCATAGAA-1,OPC
TTGCTTAAGCAATGTA-1,VEC
TTGCTTAAGTTATGAG-1,Novel (Most Unreliable)
TTGCTTACAAGGAAGA-1,Novel (Most Unreliable)
TTGCTTAGTACCAAGG-1,VLMC
TTGCTTAGTACGCCCA-1,OEC
TTGCTTATCACTTACT-1,OPC
TTGGTCCAGCTGATTC-1,OEC
TTGGTCCCACCCTTTG-1,Novel (Most Unreliable)
TTGGTCCCAGGTCTGC-1,Novel (Most Unreliable)
TTGTCTAGTCATCGTA-1,OEC
TTGTCTAGTGAGTCGA-1,OPC
TTGTCTATCCATCGAA-1,OEC
TTGTCTATCTTTGCAT-1,COP-NFOL
TTGTTCAAGTCCGTGC-1,Novel (Most Unreliable)
TTGTTCAAGTTGCTTG-1,VLMC
TTGTTCACACAAGGGT-1,Novel (Most Unreliable)
TTGTTCACAGAATGCG-1,OPC
TTGTTCACATTGTGAC-1,VLMC
TTGTTCATCCTGGAAT-1,OPC
TTGTTGTAGGCGCTTC-1,OEC
TTGTTGTCACCAAGGA-1,OEC
TTGTTGTCACTCCTCA-1,OEC
TTGTTGTGTATGTTCG-1,OEC
TTGTTGTGTCTCTAAG-1,OEC
TTGTTGTGTGCAAGCA-1,OPC
TTGTTGTGTGCTTCCT-1,OEC
TTGTTGTTCCAGCACG-1,OEC
TTGTTGTTCCTGACCT-1,Astrocytes
TTGTTGTTCGCGTGAC-1,COP-NFOL
TTGTTGTTCGCTAGTA-1,OPC
TTGTTGTTCTCCCTTT-1,Novel (Most Unreliable)
TTTACGTCATTGCACA-1,OEC
TTTACGTTCGATCTTT-1,COP-NFOL
TTTGAGGCATGGTATC-1,OEC
TTTGAGGGTGAATCAA-1,OPC
TTTGAGGTCGGGACAA-1,OPC
TTTGCGCAGAAGCCGT-1,Novel (Most Unreliable)
TTTGCGCAGGTAGGCT-1,Novel (Most Unreliable)
TTTGCGCGTCATAGCT-1,OEC
TTTGCGCGTTACTACG-1,OEC
TTTGCGCTCAGGCGCT-1,OPC
TTTGCGCTCCACTAGA-1,OPC
TTTGGCCAGCAATGTA-1,VLMC
TTTGGCCAGGCCTCGT-1,OEC
TTTGGCCCAACTCGAT-1,Oligodendrocytes
TTTGGCCCACACGGTC-1,OEC
TTTGGCCGTGGTCGAA-1,OEC
TTTGGCCTCGAGGTAG-1,Astrocytes
TTTGGTTAGACTCTTG-1,Novel (Most Unreliable)
TTTGGTTGTAACCGAG-1,VEC
TTTGGTTTCGACTTAG-1,OEC
TTTGGTTTCGCGTTCT-1,OEC
TTTGGTTTCTCTGAGA-1,OPC
TTTGTGTGTTTAGACC-1,Astrocytes
TTTGTGTTCAAGAGGC-1,OPC
TTTGTGTTCAGTCAAC-1,Novel (Most Unreliable)
TTTGTGTTCTCGCGTT-1,OEC
