AAACGAAAGAGTGGAA-1	0
AAACTCGAGTGTCGGA-1	0
AAACTCGGTGCGCTCA-1	0
AAACTGCAGGAACCGT-1	0
AAACTGCCAACCTCCT-1	0
AAAGATGCAGATGGCA-1	0
AAAGGATAGTCCGGAA-1	0
AAAGGATCATACCCGG-1	0
AAAGGATGTATCATGC-1	0
AAAGGATTCATAGGTC-1	0
AAAGGGCAGGATCCTT-1	0
AAAGGGCGTTACACTG-1	0
AAAGGGCTCAGTGTGT-1	0
AAATGAGAGACTAGCG-1	0
AAATGAGTCTATGAGC-1	0
AAATGCCAGGCACCTC-1	0
AAATGCCTCCAACGCG-1	0
AACAAAGCACAGTTAC-1	0
AACAAAGCAGTGCGAA-1	0
AACAAAGGTACGTATC-1	0
AACAAAGTCAGCCGGT-1	0
AACAGTCCACCTACCT-1	0
AACAGTCGTAAACCCT-1	0
AACAGTCGTAGGTGAC-1	0
AACATCGAGAATGCTA-1	0
AACATCGAGAGGCGGA-1	0
AACATCGGTCATGAGG-1	0
AACCAACAGTGTCGCC-1	0
AACCAACCAGGAGCAT-1	0
AACCAACGTGATGCGA-1	0
AACCAACTCCGAGAGA-1	0
AACCGATAGGTCTTTG-1	0
AACCGATGTTTGATCG-1	0
AACCTGACATGGCCTG-1	0
AACCTGACATTCACGA-1	0
AACCTTTAGGATCCTT-1	0
AACCTTTTCCTATCAT-1	0
AACCTTTTCGTGGGTC-1	0
AACGAGGAGGTCACTT-1	0
AACGAGGCACTGAAGG-1	0
AACGGGAAGTTGAATG-1	0
AACGGGACAATTCAGC-1	0
AACGGGACACGCGTTG-1	0
AACGGGAGTTCAGTTG-1	0
AACGTACGTCGAGAAC-1	0
AACGTACTCCTAGAGT-1	0
AACTGGTAGTGATAAC-1	0
AACTGGTGTTAGTAGA-1	0
AACTGGTTCGTTCAGA-1	0
AACTGTGAGATCTCAC-1	0
AACTGTGAGGAGTACC-1	0
AACTGTGTCTATCTTG-1	0
AACTTGGAGGCGTCCT-1	0
AACTTGGCAACGTCCG-1	0
AACTTGGCAAGGAACC-1	0
AACTTGGGTATTCGCA-1	0
AACTTGGGTCGTAATC-1	0
AACTTGGTCCTTGACC-1	0
AAGATAGAGAGTAAGG-1	0
AAGATAGAGATGTTCC-1	0
AAGATAGAGCGGACAT-1	0
AAGATAGAGGTACATA-1	0
AAGGAGCCAGGGTAAC-1	0
AAGGAGCCATGGCCGT-1	0
AAGGAGCTCACTGATG-1	0
AAGGAGCTCAGGTTTG-1	0
AAGGAGCTCCCTACCA-1	0
AAGGAGCTCGACTCGG-1	0
AAGGAGCTCGATGTAC-1	0
AAGGTTCTCTCGCGGA-1	0
AATACGCCACTTATGG-1	0
AATGCCACAGCGTGAA-1	0
AATGGAAGTAAGCCGA-1	0
AATGGCTAGTTGGAAT-1	0
AATGGCTCAGCAACGA-1	0
AATGGCTGTACTAGAA-1	0
AATGTCGCAGCTATAC-1	0
AATGTCGGTAATGCCT-1	0
ACAAACCAGAATACTG-1	0
ACAAACCCAGGATGTG-1	0
ACAAACCGTCTGTGTA-1	0
ACAAAGAGTCAGACGA-1	0
ACAAAGAGTGTCGTCG-1	0
ACAAGCTCACGCTCAG-1	0
ACAAGCTGTTTAGGAA-1	0
ACAAGCTTCACTAGGT-1	0
ACAATCGAGAGAGTAG-1	0
ACAATCGCAGGTTATC-1	0
ACAATCGCAGTTGCAT-1	0
ACAGAAAAGTACTCTG-1	0
ACAGAAAGTACGCAAG-1	0
ACAGAAATCCCGTAGG-1	0
ACAGACTCATGATCGT-1	0
ACAGACTCATTAGCCA-1	0
ACAGACTGTTCCAGTA-1	0
ACAGACTTCACGTCAA-1	0
ACAGACTTCTTACTCA-1	0
ACAGCGCAGTGAATAC-1	0
ACAGCGCGTCAACGGA-1	0
ACAGGCCTCGCCAGAC-1	0
ACATGCAAGGAAGAAC-1	0
ACATGCACATGCACTA-1	0
ACATGCATCGTGGCGT-1	0
ACCAAACCAACGTACT-1	0
ACCAAACTCGAACACT-1	0
ACCATCCAGACAACGC-1	0
ACCATCCAGATGGGAA-1	0
ACCATCCTCGACTGGC-1	0
ACCCAAAAGCTTACCA-1	0
ACCCAAACAAAGCATA-1	0
ACCCAAACACAGTTAC-1	0
ACCCAAAGTACGAGAC-1	0
ACCCAAATCAACTTGG-1	0
ACCCAAATCAGGCGCT-1	0
ACCGAATCAAGTCCTA-1	0
ACCGAATGTACGACCC-1	0
ACCGCAGAGGGAGATA-1	0
ACCGCAGTCCAAGAGG-1	0
ACCGGGTCAACTCCCT-1	0
ACCGGGTCATGTGGGA-1	0
ACCGGGTGTAAGCCGA-1	0
ACCGGGTGTCTAAGAA-1	0
ACCGGGTTCAGGTTTG-1	0
ACGGATTAGGTTGTTC-1	0
ACGGATTGTCACTCTC-1	0
ACGGATTGTTACTTTC-1	0
ACGTGGCCAGATACAA-1	0
ACGTGGCGTTTGACCA-1	0
ACGTGGCTCCGCTCTA-1	0
ACGTTAGCACAGCTTA-1	0
ACGTTAGGTGGTAAGC-1	0
ACTAACGGTCTAAAGA-1	0
ACTAACGGTGAGTAAT-1	0
ACTAACGTCCTCATTA-1	0
ACTACCCAGGGACGTT-1	0
ACTACCCCAACCTCTC-1	0
ACTACCCTCCAACAAC-1	0
ACTACGAAGGAACCGT-1	0
ACTACGAAGTCGTATC-1	0
ACTACGACAGATTAAG-1	0
ACTCGGGCAAGTAATG-1	0
ACTCGGGCAGTAACGG-1	0
ACTCGGGTCCACGGCA-1	0
ACTCGGGTCCGAATTG-1	0
ACTGCGGCATTAGCCA-1	0
ACTGTCCCAGGCATCC-1	0
ACTGTCCTCGATGAAA-1	0
ACTTCCGAGGAAGGTA-1	0
ACTTTCACAGCGTAGA-1	0
AGACAAAGTGGACGAT-1	0
AGACAAATCACATTCT-1	0
AGATTCGAGAAACGCC-1	0
AGATTCGAGAAATTCG-1	0
AGATTCGAGTGTAATG-1	0
AGATTCGGTTCTTTGT-1	0
AGATTCGTCGGTACTA-1	0
AGCCAGCGTATGGGTG-1	0
AGCCAGCTCTAGTCGA-1	0
AGCCCGAAGGCCTCTG-1	0
AGCCCGAGTCTTAGCA-1	0
AGCCCGATCTGTCGGG-1	0
AGCCGCAAGTAGTGTA-1	0
AGCCTCTTCGATGCAT-1	0
AGCCTGGTCAGTGTAC-1	0
AGCCTTCAGAGGCGGA-1	0
AGCCTTCCACATAAAG-1	0
AGCCTTCCAGGTGGTA-1	0
AGCGATTCACGTTGTA-1	0
AGCGATTCACTCCTCA-1	0
AGCGATTGTCACATTG-1	0
AGCGATTGTCGCGCTA-1	0
AGCGATTGTTCTTAGG-1	0
AGCGATTTCAGCGGTC-1	0
AGCGTATCAAACCTAC-1	0
AGCGTATTCACTCGGG-1	0
AGCGTGCCACCCATCT-1	0
AGCGTGCCATCTGCAA-1	0
AGCTATGCAAACCCTA-1	0
AGCTATGGTCTGATTG-1	0
AGCTGATGTGTCGTCG-1	0
AGCTGTACAAGATGCG-1	0
AGCTGTAGTACGACCC-1	0
AGCTGTATCAAACCAC-1	0
AGGACGAAGATTCCGT-1	0
AGGACGAGTCCTTCAC-1	0
AGGCCCAAGCTAACAA-1	0
AGGCCCAGTGTGAGGT-1	0
AGGCGAAAGGGAGATA-1	0
AGGCGAACAAGTTGCT-1	0
AGGCGAAGTTAGCTCA-1	0
AGGCGAATCCGGAAAG-1	0
AGGCGTCGTCGCTACG-1	0
AGGCGTCGTCTCTAAG-1	0
AGGCGTCTCAGGTTTG-1	0
AGTCCGGTCCTAAGTG-1	0
AGTCCGGTCTGAACGT-1	0
AGTCCGGTCTGAGTCA-1	0
AGTGCCGAGACACGGT-1	0
AGTGCGCGTTCCAGTA-1	0
AGTGCGCTCTTGTCGC-1	0
AGTGTACTCGGCTATA-1	0
AGTTACGAGGAATGGA-1	0
AGTTACGAGTCTGCTA-1	0
AGTTACGAGTGTCACT-1	0
AGTTACGTCCTAAAGC-1	0
AGTTACGTCGCTAGTA-1	0
AGTTTGGAGTATCTGC-1	0
AGTTTGGTCGATAGGG-1	0
ATAGGCTAGAAGCCTG-1	0
ATAGGCTCACACTAGT-1	0
ATAGGCTGTAGATTAG-1	0
ATAGGCTGTGGCATAG-1	0
ATAGGCTGTGTTAGAA-1	0
ATAGTCGTCAATTCCT-1	0
ATAGTCGTCTGACTTT-1	0
ATATTCCGTACGGAGT-1	0
ATCCAGAAGATGGGTC-1	0
ATCCAGATCAAGGCCC-1	0
ATCCCTGAGCAGTAGC-1	0
ATCCCTGCACGCTAAT-1	0
ATCCCTGCATGTAGAA-1	0
ATCCCTGTCACTCCCA-1	0
ATCCTCGAGGAAACTT-1	0
ATCCTCGGTATCCCTC-1	0
ATCCTCGTCGGATAGG-1	0
ATCCTGCAGGAAGGTA-1	0
ATCCTGCTCAGTCACA-1	0
ATCCTGCTCTGTGTCC-1	0
ATGCATGCATCCTCGT-1	0
ATGCATGTCGATAGTC-1	0
ATGGATCAGATGGGTC-1	0
ATGGATCCATCCTGGG-1	0
ATGGATCTCTCTGTTA-1	0
ATGTACGAGAGAGTTT-1	0
ATGTACGCATTTGTTC-1	0
ATGTACGTCCAGGTAT-1	0
ATGTACGTCTAGTCGA-1	0
ATGTCGAGTGCTTCCT-1	0
ATGTTTCAGAAGAGTG-1	0
ATGTTTCAGATGGGAA-1	0
ATGTTTCAGTGAATAC-1	0
ATGTTTCTCGTTCTAT-1	0
ATTACCTGTCCGTGCA-1	0
ATTACCTTCTGGGCGT-1	0
ATTACTCAGCTTACCA-1	0
ATTACTCCAAGTGGCA-1	0
ATTCGTTAGACACTTC-1	0
ATTCGTTCAAGCGTCC-1	0
ATTGTCTAGAAGGGCG-1	0
ATTGTCTTCCCACTTG-1	0
ATTGTGGTCTTCCACG-1	0
ATTTGTCCAGGTCCTG-1	0
CAAAGCTCACAAACAA-1	0
CAAAGCTGTGCAAGCA-1	0
CAAAGCTTCCAATAGC-1	0
CAACCAACACGCGTTG-1	0
CAACCAAGTCCACCAG-1	0
CAACCAATCCGATGCG-1	0
CAACCAATCCGTGCAG-1	0
CAACGGCAGTCCAGAG-1	0
CAACGGCGTAGCGAGT-1	0
CAACGGCTCGGAGTTT-1	0
CAACGGCTCTTCTCTC-1	0
CAACGTAGTCACTCTC-1	0
CAACGTAGTCAGAAGC-1	0
CAACGTAGTTGTGACT-1	0
CAAGAAAAGTAGGTCG-1	0
CAAGAAAGTTACTTTC-1	0
CAAGCTATCCATAACG-1	0
CAAGGCCCAAGGATGC-1	0
CAAGGCCGTCTAAGAA-1	0
CACAACACAAGGACCA-1	0
CACAACAGTATGGGTG-1	0
CACAACATCATCGCTC-1	0
CACAGATTCCCTAAAG-1	0
CACAGATTCCGTTAGA-1	0
CACAGATTCGGGTCCA-1	0
CACATGAAGAGCGAAA-1	0
CACCACTAGACACAAT-1	0
CACCACTAGTGCAACG-1	0
CACCACTCAAGACTAA-1	0
CACCTGTAGACTAGCG-1	0
CACCTGTAGCCATTCA-1	0
CACCTGTAGGCACCTC-1	0
CACCTTGAGACGCCCT-1	0
CACCTTGAGGGCTTCC-1	0
CACCTTGCAGAGATGC-1	0
CACCTTGTCCATACCC-1	0
CACCTTGTCCATCATT-1	0
CACGTTCAGAACGCCA-1	0
CACGTTCAGATGGGTC-1	0
CACGTTCCAACTCGAT-1	0
CACGTTCTCCGTTAGA-1	0
CACTAAGGTCGAGGAT-1	0
CACTGAATCGCGCCAA-1	0
CAGCCTTGTGGCATAG-1	0
CAGCCTTTCTTAACGG-1	0
CAGCTAAAGACGCCCT-1	0
CAGCTAAAGGTTGTGG-1	0
CAGCTAAGTTAGAGAT-1	0
CAGCTAATCTTTATCG-1	0
CAGCTGGAGTGGTGTG-1	0
CAGCTGGTCCTATCCG-1	0
CAGCTGGTCTAAACGC-1	0
CAGGATTCAACTAGAA-1	0
CAGGGCTGTCACATTG-1	0
CAGGGCTTCCTCCATG-1	0
CAGTATGAGAGTGGTC-1	0
CAGTATGAGCTAGCAG-1	0
CAGTATGGTAATGTAG-1	0
CAGTATGGTCTGGGAA-1	0
CAGTGCGGTGCGACCT-1	0
CAGTGCGTCGATAGGG-1	0
CAGTGCGTCGCAACTA-1	0
CAGTGCGTCTTCCACG-1	0
CAGTGTAGTGAATGTA-1	0
CATAACGCAGTATACC-1	0
CATGCCTCACTCCACT-1	0
CATGCCTGTATTTGCG-1	0
CATGTTTAGTCTAGAA-1	0
CATGTTTGTACGGATG-1	0
CATTCATAGACGCCCT-1	0
CATTCCGAGCTATCCA-1	0
CATTCCGTCCGGCTGA-1	0
CATTGGACATAGAATG-1	0
CATTGGATCTTACCTA-1	0
CCAATGACAGTCAGAG-1	0
CCAATGAGTATTCTCT-1	0
CCACGTTTCCATCGAA-1	0
CCAGAATCACTCCCAT-1	0
CCAGAATCAGCCACGT-1	0
CCAGATAGTCATGAGG-1	0
CCAGATAGTCCAAGAG-1	0
CCAGATATCGTATAGC-1	0
CCAGATATCTTTCGAT-1	0
CCATACCCACTCCTCA-1	0
CCATACCGTAGCGGTA-1	0
CCATACCGTTGGCGAA-1	0
CCATACCTCGATGTAC-1	0
CCCAGAGAGGGTAATT-1	0
CCCAGAGCAGAACAGC-1	0
CCCAGAGCATGGTAAA-1	0
CCCAGAGGTATATGGA-1	0
CCCGTTATCCGGCTGA-1	0
CCCGTTATCTATGAGC-1	0
CCCTAACCAACTTGGT-1	0
CCCTAACCATCCCGGA-1	0
CCCTAGTAGACTAGGC-1	0
CCCTAGTGTCTGGTTA-1	0
CCCTAGTGTGCATTCA-1	0
CCCTCTCAGACGCCCT-1	0
CCCTCTCAGAGTTTGA-1	0
CCCTCTCCAGCAACAG-1	0
CCCTCTCGTAGTGATA-1	0
CCCTCTCGTTCTTATC-1	0
CCCTCTCTCGAGTGTT-1	0
CCCTGATAGAATATCG-1	0
CCGAAGCTCTGGGCGT-1	0
CCGCATTGTAGCGTTT-1	0
CCGTAGGCACCATTCC-1	0
CCGTAGGGTATCTCAG-1	0
CCTAAAGAGGCAGTGT-1	0
CCTAAAGGTCACAGGA-1	0
CCTATTAAGCGATACG-1	0
CCTATTACACCACAGC-1	0
CCTATTACAGACCTGC-1	0
CCTCCCTAGTACCCAT-1	0
CCTGCTAAGCATTCCA-1	0
CCTGCTACACATTCTT-1	0
CCTGGGATCTGAGTCA-1	0
CCTTAATAGGTTCTCA-1	0
CCTTAATCAGTATACC-1	0
CCTTAATCATCCTCGT-1	0
CCTTAATTCCCGTATC-1	0
CCTTAATTCGTGATAC-1	0
CCTTGCATCCCAGCGA-1	0
CCTTGGTGTACGAGAC-1	0
CCTTGGTTCTTCCACG-1	0
CGATGATAGCTTACCA-1	0
CGATGATAGTCCGGAA-1	0
CGATGATGTTTGAAGA-1	0
CGCAATAAGACCGCAA-1	0
CGCAATAGTATCACAC-1	0
CGCAGGTCAATTCAGC-1	0
CGCAGGTCAGCTTACA-1	0
CGCGCAAAGATAGGTT-1	0
CGCGCAAGTCCGTAGC-1	0
CGCTAGGGTCACTCTC-1	0
CGCTAGGGTCTAAGAA-1	0
CGCTAGGTCTACATCT-1	0
CGCTATCAGGTGATGC-1	0
CGCTATCCACCTGTGG-1	0
CGCTGGACAAGTTGCT-1	0
CGCTGGAGTGATAGAT-1	0
CGGACCAAGTGAGCTG-1	0
CGGACCACACACTAGT-1	0
CGGACCAGTACGTAAA-1	0
CGGACTGCATACCCGG-1	0
CGGACTGCATCTCACC-1	0
CGGTGCAGTAGTCTGT-1	0
CGTAAACAGCTCCGGT-1	0
CGTAAACCAATAGCGG-1	0
CGTAAACTCCATTGTT-1	0
CGTACAAAGCTACGCC-1	0
CGTACAACATTACCTT-1	0
CGTGGCAAGACGTCAG-1	0
CGTGGCAAGTTGACAA-1	0
CGTGGCACAAGGAAGA-1	0
CGTGGCAGTAAGCCTT-1	0
CGTGGCATCTACTTTG-1	0
CGTTCCAAGTACAGTA-1	0
CGTTCCAGTGCTTACA-1	0
CGTTCCATCTGTTGCC-1	0
CTAACTTAGGCAGTGT-1	0
CTAACTTTCGCGCTGA-1	0
CTACAGATCAGAATGA-1	0
CTACTTACAGGCAGAT-1	0
CTACTTAGTACCGGCT-1	0
CTACTTAGTGAGGGTT-1	0
CTACTTAGTGCTGTGC-1	0
CTACTTATCGATGTGT-1	0
CTAGCGGCAAGGCGTA-1	0
CTAGGATAGGACTTTC-1	0
CTAGGGCTCCAGGGAA-1	0
CTAGGGCTCGGTCCGA-1	0
CTCAACCAGGTCGTTT-1	0
CTCAACCCAACAAACA-1	0
CTCACCAAGGCAGTAC-1	0
CTCACCAGTTACTTTC-1	0
CTCAGAACAAACGTTC-1	0
CTCAGAATCGAAGCCC-1	0
CTCAGAATCTCTTCCT-1	0
CTCATGCAGAAGAGTG-1	0
CTCATGCTCCTCATTA-1	0
CTCCCAAAGGTCTTTG-1	0
CTCGCTAAGAGACTCG-1	0
CTCGCTAAGAGCCACA-1	0
CTCGCTAAGCCCATGC-1	0
CTCTACGAGTGCTAGG-1	0
CTCTACGAGTTCCCGG-1	0
CTCTACGGTATCAGCT-1	0
CTCTACGTCCCACTAC-1	0
CTCTAGCAGGAAGGTA-1	0
CTCTAGCAGTAACTCC-1	0
CTCTAGCTCCCGTAGG-1	0
CTCTAGCTCCGGGCAT-1	0
CTCTCAGAGAATGCTA-1	0
CTCTCAGCATTGTGAC-1	0
CTCTCGACACCGTTGG-1	0
CTCTCGAGTGTCTACA-1	0
CTGAATGCAAAGAGAG-1	0
CTGAATGCATCGCCTT-1	0
CTGAATGGTTCAGTAC-1	0
CTGCGTTGTGCGCTCA-1	0
CTGCGTTGTGTCTACA-1	0
CTGCGTTTCAAGGCCC-1	0
CTGCGTTTCAGCGGTC-1	0
CTGGCAGCATCCGTAA-1	0
CTGGGACTCGAGCGCT-1	0
CTGGGACTCTGAAAGA-1	0
CTGTATTAGTAATCAG-1	0
CTGTTCGCAGTAACTC-1	0
CTGTTCGGTCCCGTGA-1	0
CTTAATCCAGCGCGTT-1	0
CTTAATCCATAGACGG-1	0
CTTAATCGTGTACGCC-1	0
CTTAATCGTTAGGCTT-1	0
CTTCCAGAGACTCTTG-1	0
CTTCCAGAGATTAGAC-1	0
CTTCCAGAGCGTGTTT-1	0
CTTCCAGGTGATAGAT-1	0
CTTCCAGTCCGAGGAA-1	0
CTTGAAGCAAGTCTGT-1	0
CTTGAAGTCTGATCTT-1	0
CTTGCCAAGAGCGAAA-1	0
CTTGCCAGTATCTAGC-1	0
CTTGCCAGTCTGTGTA-1	0
CTTGCCAGTTACGGAG-1	0
CTTGTCGAGACACTTC-1	0
CTTGTCGAGACTTCCA-1	0
CTTGTCGAGGTCTTTG-1	0
CTTGTCGAGTTACACC-1	0
CTTGTCGCACATCATG-1	0
CTTGTCGGTCCAAGTT-1	0
CTTGTCGGTGGTAGAC-1	0
CTTGTCGTCAGAATGA-1	0
CTTTGCGCAAGGAGGG-1	0
CTTTGCGGTCATAAGA-1	0
CTTTGCGGTCCGTCGA-1	0
GAAACAAGTGACAAGC-1	0
GAAAGTAGTTTGCCCT-1	0
GAAATGAAGCTGCTCG-1	0
GAAATGAGTCAGTGTT-1	0
GAAATGAGTTAAGGGC-1	0
GAAATGATCGGTTAGT-1	0
GAACCGCCACATTCTT-1	0
GAACCGCGTATTGTGC-1	0
GAACCGCGTTTCGACA-1	0
GAACCGCTCTATGAGC-1	0
GAACCTAAGGTTGTTC-1	0
GAACCTAAGTACTCTG-1	0
GAACCTAGTACCCATA-1	0
GAACGTTCACCGATCG-1	0
GAACTTGAGATATGTG-1	0
GAACTTGAGGGTCTGA-1	0
GAACTTGGTACGTAGG-1	0
GAACTTGGTAGTGATA-1	0
GAACTTGGTCAGACGA-1	0
GAAGAGCAGAGAAGCA-1	0
GAAGTCTGTGGACCAA-1	0
GAATCTGAGGTAAGTT-1	0
GACCAATAGGCAGTAC-1	0
GACCAATCACGCGTTG-1	0
GACCAATGTCACATTG-1	0
GACCAATTCGATATGC-1	0
GACCAATTCGATCTTT-1	0
GACCAATTCGTCTTAT-1	0
GACCCAGAGGCACTAG-1	0
GACCCAGCAAGAAACT-1	0
GACCCAGGTAGGTAAT-1	0
GACCCAGTCCACGCTT-1	0
GACCCAGTCGGGTCCA-1	0
GACCGACCATAGCCGC-1	0
GACCGACTCCCTACCA-1	0
GACCTTCCAATAGCGG-1	0
GACCTTCCACGGCCAT-1	0
GACTAACCAATGATGA-1	0
GAGAACGAGCCTATAC-1	0
GAGAACGAGTCTCCAA-1	0
GAGAACGCAACGTACT-1	0
GAGAACGCACCACAGC-1	0
GAGAACGTCTCTTCTC-1	0
GAGACTTGTAGGTAAT-1	0
GAGACTTTCGACTTAG-1	0
GAGATTCAGGGATCCA-1	0
GAGCATTAGTGAACCG-1	0
GAGCATTCATCGCCTT-1	0
GAGCATTTCCACACCT-1	0
GAGCGCTAGTCGACCC-1	0
GAGCGCTCAGGTAGGT-1	0
GAGCGCTGTGAGGTCA-1	0
GAGGATGAGAGCCACA-1	0
GAGGATGCACTAGGAG-1	0
GAGGATGGTCAAGACG-1	0
GAGGCTCGTAACGGTG-1	0
GAGGCTCGTGAGGGTT-1	0
GAGGCTCTCGCGTGAC-1	0
GAGGTCCCATCTCTCG-1	0
GAGGTCCCATGTGGGA-1	0
GAGGTCCTCGTGATAC-1	0
GAGTGAGAGAGACTCG-1	0
GAGTGAGTCTGAGTCA-1	0
GATCATGAGTGATATG-1	0
GATCATGCAACAAACA-1	0
GATCGTAAGCGAGCTA-1	0
GATCGTAAGGTACATA-1	0
GATCGTAAGTCGTGAG-1	0
GATCGTACATGCGTTA-1	0
GATCGTAGTACTAGAA-1	0
GATCGTAGTTCTCGAA-1	0
GATGATCAGTCTAGAA-1	0
GATGATCGTTACACTG-1	0
GATGATCTCAAGGCCC-1	0
GATGGCCAGAACTAAC-1	0
GATGGCCCAAAGACGC-1	0
GATGGCCCATGTATCG-1	0
GATGGCCTCTATAGGC-1	0
GATTAGCCAACTACTG-1	0
GATTAGCGTTTCTACT-1	0
GATTGACCAGCTTACA-1	0
GATTGACGTCATTGCA-1	0
GCAAAGGAGGCCAATG-1	0
GCAAAGGAGTTCAGGG-1	0
GCAAAGGTCGATCTTT-1	0
GCAACCGAGTCTCTAG-1	0
GCAACCGCAGAACTTC-1	0
GCACCTTCAAACCGAG-1	0
GCACCTTCAGTTAAAG-1	0
GCACCTTTCAGTTGAC-1	0
GCACGCAAGGGAAGCG-1	0
GCACGCAAGTATGGGC-1	0
GCACGCATCTAAACGC-1	0
GCACGGTAGCTAACAA-1	0
GCACGGTAGCTCGTTA-1	0
GCACGGTAGTTCAGGG-1	0
GCACGGTGTGGACCAA-1	0
GCAGATTCAAGCGGTA-1	0
GCAGATTCACTCCTCA-1	0
GCAGATTCATTGCACA-1	0
GCAGATTTCGACGGAA-1	0
GCAGCCACACTCGCAG-1	0
GCAGCCAGTTGGGAAC-1	0
GCAGCTGCACCTATTT-1	0
GCAGCTGCACCTGAAT-1	0
GCAGCTGGTAATGTGA-1	0
GCAGCTGTCCGCCTAT-1	0
GCATGATGTTCCCGGA-1	0
GCATTCCTCATTCGGA-1	0
GCATTCCTCCCGGGTA-1	0
GCATTCCTCCGAGAGA-1	0
GCATTCCTCGTCTAGA-1	0
GCATTGAAGAGGAATG-1	0
GCATTGACAGCCACGT-1	0
GCATTGAGTGGTGGTA-1	0
GCATTGAGTTGCTTGA-1	0
GCCAGACCACATTGCA-1	0
GCCAGACGTAGTTTGC-1	0
GCCAGCAAGGCTTTAC-1	0
GCCAGCAGTAGGTAAT-1	0
GCCATAACAACTGCGC-1	0
GCCATAAGTAGCATGG-1	0
GCCATAATCTCCTTGG-1	0
GCCCAGAAGTAGCAAT-1	0
GCCCAGACACTCCCAT-1	0
GCCCAGATCGCGCCAA-1	0
GCCCGAACATCCCAAA-1	0
GCCTACTAGGTTAACA-1	0
GCCTACTCACACATGT-1	0
GCCTACTGTAACCGAG-1	0
GCCTACTTCGATGTAC-1	0
GCCTAGGAGCAGAAAG-1	0
GCCTAGGGTAATGCAA-1	0
GCCTAGGGTGGATTCT-1	0
GCGAGAACACTGAAGG-1	0
GCGAGTCAGAGAGTTT-1	0
GCGAGTCAGTATAGTG-1	0
GCGAGTCAGTTGACAA-1	0
GCGAGTCAGTTTACGC-1	0
GCGAGTCCACATTCTT-1	0
GCGATCGAGAGGAATG-1	0
GCGATCGAGGCAGTGT-1	0
GCGATCGGTGTTGTTG-1	0
GCGATCGTCGGTACTA-1	0
GCGATCGTCTATCCTA-1	0
GCGATTAAGACAGCTG-1	0
GCGATTACATGTAGAA-1	0
GCGATTACATGTGAGG-1	0
GCGATTAGTCACAGGA-1	0
GCGATTAGTCACATTG-1	0
GCGATTATCGAGAACG-1	0
GCGATTATCTGGACAT-1	0
GCGCATGAGACCAATA-1	0
GCGCATGGTATGGGTG-1	0
GCGCATGGTTCAGAAA-1	0
GCGCCAAGTGCCCGAT-1	0
GCGGAAAAGCGATACG-1	0
GCGGAAACATCGGCCA-1	0
GCGGAAAGTTTAGACC-1	0
GCGGGTTCATGTCCCT-1	0
GCGGGTTGTCACAGTT-1	0
GCGGGTTTCCAATCCC-1	0
GCGGGTTTCGAGGTAG-1	0
GCGGTGTCACATTGCA-1	0
GCGGTGTTCGGGCTCA-1	0
GCGTAGCCAAGGTCGA-1	0
GCGTAGCCAATGGCTT-1	0
GCGTAGCCATTTGTTC-1	0
GCGTAGCGTCTGGGAA-1	0
GCGTAGCGTTCAGTTG-1	0
GCTCACTCATTGTTCT-1	0
GCTCACTTCGGAGTTT-1	0
GCTCAGGAGTCCGTGC-1	0
GCTCAGGCAGGCAGAT-1	0
GCTCAGGGTCGCGCTA-1	0
GCTCAGGGTGCATTGT-1	0
GCTCCTAAGTGCAACG-1	0
GCTCCTACACAGGTAG-1	0
GCTCCTACATTGTTCT-1	0
GCTCCTAGTACCAAGG-1	0
GCTCGAGAGCGCCTAC-1	0
GCTCGAGGTTCGGGAA-1	0
GCTCGAGTCGTGTGCG-1	0
GCTGAGCGTTACTACG-1	0
GCTGAGCTCCAGGCCA-1	0
GCTTAAGTCTCGCGTT-1	0
GCTTGCTTCCCTAAAG-1	0
GCTTGCTTCCTTGACC-1	0
GCTTTCGGTCGCTACG-1	0
GCTTTCGTCTCTCAAT-1	0
GGAACCCAGGTTACAA-1	0
GGAACCCCACCTGTGG-1	0
GGAACCCTCCCGTAGG-1	0
GGAATCTCACAGTTCA-1	0
GGAATCTCATCCGTAA-1	0
GGAATCTTCGTATAGC-1	0
GGACACCCACTGCTCT-1	0
GGACACCGTCTGGTTA-1	0
GGAGAACTCTGACATG-1	0
GGAGGATCAGCACATT-1	0
GGAGGATTCACCCTTG-1	0
GGAGGATTCCGCCTAT-1	0
GGAGTAGAGTCGCCTG-1	0
GGAGTAGCAGCAATGG-1	0
GGAGTAGGTTAGGCTT-1	0
GGAGTAGTCTCAGATG-1	0
GGAGTAGTCTTCTCTC-1	0
GGATAGGAGGCTTCGC-1	0
GGATAGGCATGACTGT-1	0
GGATGAGAGAATCAGT-1	0
GGATGAGCATGCGACC-1	0
GGCACGTCAATAGCGG-1	0
GGCATTAGTCGAGAAC-1	0
GGCGAAACAATGCATC-1	0
GGCGAAACAATGTAAG-1	0
GGCGTTGAGACGTCAG-1	0
GGCGTTGAGAGATTAC-1	0
GGCGTTGCACGCGATC-1	0
GGGAACACATGATCGT-1	0
GGGCCATAGCTGAAAT-1	0
GGGCCATAGTTGGAAT-1	0
GGGCCATCACGCCGAT-1	0
GGGCCATGTCCAACCG-1	0
GGGCCATGTTAGGAAT-1	0
GGGTCTGGTTACCCAA-1	0
GGGTGTCCAGGCTACC-1	0
GGGTGTCTCCTCTCTT-1	0
GGTACCGCACTGTCAA-1	0
GGTACCGCATCGAGTT-1	0
GGTAGGACACAAGGGT-1	0
GGTAGGAGTGCGTCCA-1	0
GGTAGGATCCTCTCTT-1	0
GGTGCTGCACACACCG-1	0
GGTGTCGAGGTTGTTC-1	0
GGTGTCGCAAGTCCTA-1	0
GGTGTCGTCTGCGTCT-1	0
GGTTGCGAGAACAGGA-1	0
GGTTGCGCAACGCACC-1	0
GGTTGCGCACAAACAA-1	0
GGTTGCGCATTATGGC-1	0
GGTTGCGGTCTAAAGA-1	0
GGTTGCGGTCTCTGGG-1	0
GGTTGCGTCAGTGTGT-1	0
GTAATCGAGTCCGTGC-1	0
GTAATCGCAGGCAAGT-1	0
GTAATCGCATGGCCTG-1	0
GTACTTTCACTCAAGT-1	0
GTACTTTTCGTGCTGG-1	0
GTAGACTGTCGAGGTA-1	0
GTAGACTTCGTGGGTC-1	0
GTAGGAGAGAACCATA-1	0
GTAGGAGGTCCCTAAA-1	0
GTAGGAGTCTCGTAGA-1	0
GTAGTACGTATTGTCG-1	0
GTCACAACAGGATGTG-1	0
GTCACCTCAAGGACCA-1	0
GTCACCTGTAACGGCA-1	0
GTCACTCCATCCCTTG-1	0
GTCCATCAGTGAGTTA-1	0
GTCGTAAGTAAGCCTT-1	0
GTCGTAAGTGAGTTGG-1	0
GTCGTAATCCGCCTAT-1	0
GTCTACCCACGAACGA-1	0
GTCTACCTCTCATATC-1	0
GTGACATAGCGATACG-1	0
GTGACATAGTGAGTTA-1	0
GTGACATGTTGGGAAC-1	0
GTGATCACAAAGAGAG-1	0
GTGCACGAGTTCGACT-1	0
GTGCACGCACACACCG-1	0
GTGCACGTCTTGGCCT-1	0
GTGCCAGGTTTCTTAC-1	0
GTGCTGGAGATGGGTC-1	0
GTGCTGGAGGTTGACG-1	0
GTGCTGGGTAGCTGTT-1	0
GTGGCGTAGAGCTGTG-1	0
GTGGCGTAGTAGACCG-1	0
GTGGCGTCAAGCTTTG-1	0
GTGGCGTTCGGCTATA-1	0
GTGTCAACAGCGTACC-1	0
GTGTCAACATCATAGC-1	0
GTGTCCTCACTGTTAG-1	0
GTGTGATCACTCCACT-1	0
GTGTGATTCGGAGTTT-1	0
GTGTGATTCTGAACGT-1	0
GTTACGAGTACGGAGT-1	0
GTTACGATCTTTATCG-1	0
GTTACTTAGTAACATG-1	0
GTTACTTGTCGTCGCA-1	0
GTTACTTGTGCTTACA-1	0
GTTATGGAGACCCTAT-1	0
GTTATGGGTACTAGAA-1	0
GTTATTCTCTCCTTAA-1	0
GTTCAAGAGTGATCTC-1	0
GTTCAAGCAGGGTAAC-1	0
GTTCAAGTCTATTTCG-1	0
GTTGGGCAGGGCGAAG-1	0
GTTGGGCCAACTGCGC-1	0
GTTGGTACAGATTAAG-1	0
TAAACCGTCATGTTCT-1	0
TAAACCGTCCATGTTT-1	0
TAAACCGTCCTTGACC-1	0
TAAACCGTCTCCACTG-1	0
TAACAGCAGTCGTGAG-1	0
TAACAGCCAGTTCGGC-1	0
TAACAGCTCTAGCAAC-1	0
TAACGGTAGCGTAGCA-1	0
TAACGGTCACCGAATT-1	0
TAACTTCGTGGTAAGC-1	0
TAAGCCAAGTCAGGAC-1	0
TAAGCCACACTGTAAC-1	0
TAAGTGCAGGTACACG-1	0
TAAGTGCGTAGAAAGG-1	0
TAATCGGAGCAGAATT-1	0
TAATCGGCAATCATCG-1	0
TAATCGGGTTTCCTAT-1	0
TAATCGGTCGGGAATG-1	0
TAATTCCAGGATTGAT-1	0
TACAGCACAAGACTAA-1	0
TACATGGAGAGGTCCA-1	0
TACATGGCATCTGCAA-1	0
TACATTCGTAGCGGTA-1	0
TACATTCGTCAACTGT-1	0
TACATTCTCGATCTTT-1	0
TACATTCTCGGCTATA-1	0
TACCCTGAGAGAGTTT-1	0
TACCTATTCTGACATG-1	0
TACCTCGTCCAACGCG-1	0
TACGCCTGTATCTCAG-1	0
TACGCCTTCATGTTCT-1	0
TACGCCTTCGCTCTAC-1	0
TACGGATAGTTGAATG-1	0
TACGGATGTCCACCAG-1	0
TACGGATTCAGGGTTT-1	0
TACTAGGCACATGATC-1	0
TACTCGCCACAGGTAG-1	0
TACTGCCGTCTAAGAA-1	0
TACTGCCTCTCTTAAC-1	0
TAGACTGAGTGAGTTA-1	0
TAGACTGCAAGCACTT-1	0
TAGACTGCAATGTGCT-1	0
TAGACTGCAGATACAA-1	0
TAGACTGCATCAACTG-1	0
TAGCACAAGTCATCTG-1	0
TAGCACAAGTGTTCCA-1	0
TAGCACATCAGGGTTT-1	0
TAGCACATCGGGTCCA-1	0
TAGCATGAGAATATCG-1	0
TAGCATGAGAGGTGGG-1	0
TAGCATGAGTGGACGT-1	0
TAGCATGGTCAGCTTA-1	0
TAGCATGTCCTCCTGA-1	0
TAGCATGTCGCGTGAC-1	0
TAGCCCTGTTAACCAC-1	0
TAGCCGGAGAGGCGGA-1	0
TAGCCGGCACTCCTCA-1	0
TAGCCGGGTATCTCAG-1	0
TAGCCGGTCCGGAAAG-1	0
TAGCGGCCATCATGTG-1	0
TAGCGGCGTGTCCAGC-1	0
TAGCTTTAGACGTCAG-1	0
TAGCTTTTCTCAGATG-1	0
TAGGAGGTCTTACTCA-1	0
TAGGTCAAGAACGCCA-1	0
TAGGTCACAAGCCTTA-1	0
TAGGTGTAGGGTGTTG-1	0
TAGGTGTCATTGTTCT-1	0
TAGGTGTTCTGTGTCC-1	0
TAGTCCCAGCATACCT-1	0
TAGTCCCGTGAGGGTT-1	0
TAGTCCCTCATGAACC-1	0
TAGTCCCTCTGGAAGG-1	0
TATCGAGGTCCCGAGT-1	0
TATCGAGGTTAGGCTT-1	0
TATCGAGTCCAAACCA-1	0
TATCGAGTCGGCTATA-1	0
TATCTGTAGATCCGAG-1	0
TATCTGTAGATCGAGC-1	0
TATCTGTGTATCACAC-1	0
TATGTGGAGCATTGGG-1	0
TATGTGGTCAACGTGT-1	0
TATGTGGTCGATAGTC-1	0
TATGTTCAGATCTAAG-1	0
TATGTTCTCGACTATG-1	0
TATTGCTCAGGTAGCA-1	0
TCAAAGCAGCGTCTGC-1	0
TCAAAGCAGTCACGCC-1	0
TCAAGACAGACCAATA-1	0
TCAAGCAAGGTCGGTA-1	0
TCAAGCACAAACCCTA-1	0
TCAAGCACACGACGAA-1	0
TCAAGCACACGCTGTG-1	0
TCAAGCATCGAGGCTC-1	0
TCAAGGTCACAGTTCA-1	0
TCAATTCAGCCATGGA-1	0
TCAATTCGTGACCAGA-1	0
TCAATTCTCATTCTCA-1	0
TCACAAGGTTCCTATT-1	0
TCACAAGTCTATGAGC-1	0
TCACAGAAGAAGACTT-1	0
TCACAGAGTCAACTAC-1	0
TCACAGAGTGAGGGTT-1	0
TCACCACAGCAGAATT-1	0
TCACCACCATTACACG-1	0
TCACTCGAGCTGAATA-1	0
TCACTCGCAATACTGC-1	0
TCACTCGCATGATTGC-1	0
TCACTCGTCTTCGTTA-1	0
TCAGCTCTCCCAGCAG-1	0
TCAGGGCGTTTCGATG-1	0
TCAGGTAAGTGATTAG-1	0
TCAGGTAGTGATAGAT-1	0
TCAGGTATCCATCTAT-1	0
TCAGGTATCTCTATCA-1	0
TCAGTCCAGCGTATCT-1	0
TCAGTCCCAATGACTC-1	0
TCAGTCCGTCATAGCT-1	0
TCAGTCCGTGCTTGAT-1	0
TCAGTCCGTTTCCTAT-1	0
TCAGTTTCATAGCAGG-1	0
TCAGTTTGTATTCTTC-1	0
TCCAGAAAGAGACTCG-1	0
TCCAGAACAGTAACTC-1	0
TCCAGAAGTACTAGAA-1	0
TCCATCGAGTCCGTGC-1	0
TCCATCGCACACTAGT-1	0
TCCATCGGTCAACTGT-1	0
TCCCACACAGCAATGG-1	0
TCCGACTAGTCGAGCA-1	0
TCCGACTGTAAGGTCG-1	0
TCGAGCGAGCATTCCA-1	0
TCGAGCGAGCCGCAAA-1	0
TCGAGCGGTTCTACCC-1	0
TCGATTTAGCATTCCA-1	0
TCGATTTCATTGAACC-1	0
TCGATTTTCGTCTTAT-1	0
TCGCAGGAGACGCCAA-1	0
TCGCAGGCACACATGT-1	0
TCGGGACAGAAGACTT-1	0
TCGTTCGAGGGCGAAG-1	0
TCGTTCGAGGTCCTCG-1	0
TCGTTCGCACATATCG-1	0
TCGTTCGTCTGGAAGG-1	0
TCTAGTTAGAAATGGG-1	0
TCTATTGCACATATCG-1	0
TCTCAGCTCGGATCGC-1	0
TGACAACTCACGATTG-1	0
TGACTCCTCGTTCTAT-1	0
TGAGCCGGTTAAGGGC-1	0
TGAGTCAAGAGAAGCA-1	0
TGAGTCACAGCACATT-1	0
TGAGTCATCGCGCCAA-1	0
TGATCAGAGTGATTAG-1	0
TGATCAGTCTACCCGT-1	0
TGATGCAAGGAATGGA-1	0
TGATGCAGTTCTTTCA-1	0
TGATTTCAGGAATGGA-1	0
TGATTTCGTCTGTCCT-1	0
TGATTTCGTTGGACGA-1	0
TGATTTCTCATCGCCT-1	0
TGCACCTAGATGGGTC-1	0
TGCACCTTCTCTGCGT-1	0
TGCATGACATGATTGC-1	0
TGCATTTAGCGTTAGG-1	0
TGCATTTTCACTGGTA-1	0
TGCATTTTCCGCCTAT-1	0
TGCCTCAAGACACGGT-1	0
TGCCTCACAAATGTCC-1	0
TGCCTGTAGGGTTCTT-1	0
TGCCTGTCAATCATCG-1	0
TGCGTAAAGACGCCAA-1	0
TGCGTAAGTCCATTGA-1	0
TGCGTAAGTTCCGCGA-1	0
TGCGTAATCCAAGTCA-1	0
TGCGTAATCCATACCC-1	0
TGCGTAATCGCACCGA-1	0
TGCGTAATCGTATAGC-1	0
TGCTATTTCTTACGGA-1	0
TGCTCACGTAAGTCTC-1	0
TGCTCACGTCACATTG-1	0
TGCTCGTTCACGGGTC-1	0
TGCTTCGAGGGATCCA-1	0
TGCTTCGCAATGTGCT-1	0
TGCTTTAAGCCGCAAA-1	0
TGCTTTAGTCAGAAGC-1	0
TGGAAGGAGTCGTACT-1	0
TGGAAGGCACAAGTGG-1	0
TGGAAGGCACAGATGG-1	0
TGGACATAGTCTAGAA-1	0
TGGACATCATTACTCT-1	0
TGGCAATAGCATTGGG-1	0
TGGCAATGTCACAGTT-1	0
TGGCAATTCGCCTTAC-1	0
TGGCAATTCTGAAAGA-1	0
TGGCAATTCTTGTCGC-1	0
TGGCCTTCAGGGTACA-1	0
TGGCGCACAACGGGTA-1	0
TGGCGCATCACGTGTA-1	0
TGGCGCATCTCATCCG-1	0
TGGGTGCGTCAGACGA-1	0
TGGGTGCTCCTCATTA-1	0
TGGGTTAAGCAACGGT-1	0
TGGGTTACAATGGCAG-1	0
TGGGTTACAGGGTACA-1	0
TGGTCAAGTGGGTAGT-1	0
TGGTCCTCATGCGACC-1	0
TGTAAGCCAAACAGTA-1	0
TGTAAGCTCGTTACAG-1	0
TGTAAGCTCTTTCGAT-1	0
TGTAGCACACCATTCC-1	0
TGTGGCGCAGGGAGTT-1	0
TGTGGCGCATCGAGTT-1	0
TGTGGCGTCGCTTACC-1	0
TGTGTCCAGGCACCTC-1	0
TGTTAGGAGAAACGCC-1	0
TGTTAGGAGGTTACAA-1	0
TGTTAGGGTCCTCAGG-1	0
TGTTAGGGTGATCAGG-1	0
TTACCCGCAATCACTG-1	0
TTACCCGCATGCACTA-1	0
TTACCGCCATGGGTGA-1	0
TTACCGCGTATTTGCG-1	0
TTACCGCGTTGGCGAA-1	0
TTACCGCTCAGTCAAC-1	0
TTACGGAAGGTTGACG-1	0
TTACGGAGTGGTAAGC-1	0
TTACGTTAGGTAAGCC-1	0
TTACGTTCAACGGGTA-1	0
TTACGTTCAGTAACTC-1	0
TTACGTTGTTCTGAGT-1	0
TTACGTTTCGATATGC-1	0
TTACTCAAGCACGTAG-1	0
TTACTCAGTCATAAGA-1	0
TTACTCAGTCTGTTGA-1	0
TTACTCAGTGCTTACA-1	0
TTACTCATCCAGTACA-1	0
TTACTCATCCTAGAGT-1	0
TTACTTGCAGTTGCAT-1	0
TTAGCGACAATGAAAC-1	0
TTAGCGACACACACAT-1	0
TTAGCGATCGCCCTTA-1	0
TTAGCGATCTTCTCTC-1	0
TTAGCTTCAGACCTGC-1	0
TTAGCTTCAGGTTATC-1	0
TTAGGTGGTGCGTCCA-1	0
TTATGTCAGCTCCGGT-1	0
TTCAACTCACGAACGA-1	0
TTCATCAAGGCGTAGT-1	0
TTCATCACATCCGTGG-1	0
TTCATCAGTTAGCTCA-1	0
TTCATCATCAGTGTAC-1	0
TTCATCATCCAGAATC-1	0
TTCATTGAGAACTAAC-1	0
TTCATTGCAAATTGAG-1	0
TTCATTGCACCTGAAT-1	0
TTCGATTAGAGCACTG-1	0
TTCGATTAGGATTGAT-1	0
TTCGGTCCAAATGCTC-1	0
TTCGTTACAAAGACGC-1	0
TTCGTTATCTGTCGTC-1	0
TTCTAACAGGAACCGT-1	0
TTCTAACCACAGTAGG-1	0
TTCTAACTCCCAATAG-1	0
TTCTGTACATACCCGG-1	0
TTCTGTAGTATGTTCG-1	0
TTCTGTATCCATCGAA-1	0
TTGACGATCAGGTTTG-1	0
TTGAGCAAGTCCAGAG-1	0
TTGAGTGAGTTGCCGC-1	0
TTGAGTGGTCTCGGGT-1	0
TTGAGTGGTTCTACGA-1	0
TTGAGTGTCATTCTTG-1	0
TTGCACCAGGGATCCA-1	0
TTGCACCTCGCGTTCT-1	0
TTGCAGACAGGACTGA-1	0
TTGCCCAAGAACAGGA-1	0
TTGCCCAAGCAACGGT-1	0
TTGCCCACAACAAACA-1	0
TTGCGAAAGTTTGGAA-1	0
TTGCGAACAGAGAGAA-1	0
TTGCGAATCAAGAGGC-1	0
TTGCGGGCACTGTTAG-1	0
TTGCGGGTCGACCCGA-1	0
TTGCGGGTCTGAGTAC-1	0
TTGCTATAGGCAGTGT-1	0
TTGCTTAGTACCAAGG-1	0
TTGCTTAGTACGCCCA-1	0
TTGCTTATCACTTACT-1	0
TTGTCTAGTCATCGTA-1	0
TTGTCTATCCATCGAA-1	0
TTGTCTATCTTTGCAT-1	0
TTGTTCAAGTCCGTGC-1	0
TTGTTCAAGTTGCTTG-1	0
TTGTTCACACAAGGGT-1	0
TTGTTCACAGAATGCG-1	0
TTGTTCACATTGTGAC-1	0
TTGTTCATCCTGGAAT-1	0
TTGTTGTCACCAAGGA-1	0
TTGTTGTCACTCCTCA-1	0
TTGTTGTTCCAGCACG-1	0
TTGTTGTTCGCGTGAC-1	0
TTTACGTTCGATCTTT-1	0
TTTGAGGCATGGTATC-1	0
TTTGCGCGTTACTACG-1	0
TTTGCGCTCAGGCGCT-1	0
TTTGGCCAGCAATGTA-1	0
TTTGGCCAGGCCTCGT-1	0
TTTGGCCGTGGTCGAA-1	0
TTTGGTTTCGACTTAG-1	0
TTTGGTTTCGCGTTCT-1	0
TTTGTGTTCAAGAGGC-1	0
TTTGTGTTCAGTCAAC-1	0
TTTGTGTTCTCGCGTT-1	0
